語言	條目	字元數	發現路徑
ja	悪ノ大罪シリーズ	406756	Category:魔女 > 魔女を題材とした作品
en	WandaVision	304230	Category:Witchcraft > Curses > Fiction about curses
ja	Re:ゼロから始める異世界生活	289535	Category:魔女 > 魔女を題材とした作品 > 魔女を題材とした小説
en	Wizarding World	261122	Category:Witchcraft > Fiction about witchcraft
es	Game of Thrones	253558	Categoría:Brujería > Brujería en la ficción > Brujería en cine y televisión
es	Mundo Mágico	244034	Categoría:Brujería > Brujería en la ficción
en	Doctor Strange in the Multiverse of Madness	242514	Category:Witchcraft > Fiction about witchcraft > Films about witchcraft
ja	スライム倒して300年、知らないうちにレベルMAXになってました	238403	Category:魔女 > 魔女を題材とした作品 > 魔女を題材としたアニメ作品
en	The Odyssey (2026 film)	233157	Category:Witchcraft > Fiction about witchcraft > Films about witchcraft
en	Sports-related curses	228511	Category:Witchcraft > Curses > Sports-related curses
en	Morgan le Fay in modern culture	226738	Category:Witchcraft > Fiction about witchcraft > Modern Arthurian fiction
ja	ストライクウィッチーズ	226321	Category:魔女 > 魔女を題材とした作品 > 魔女を題材としたアニメ作品
en	Beauty and the Beast (2017 film)	222721	Category:Witchcraft > Fiction about witchcraft > Films about witchcraft
ja	おジャ魔女どれみ	216784	Category:魔女 > 魔女を題材とした作品 > 魔女を題材としたアニメ作品
en	The Exorcist	211954	Category:Witchcraft > Curses
en	History of magic	207955	Category:Witchcraft
en	Gilles de Rais	207509	Category:Witchcraft > Witchcraft in folklore and mythology > Deal with the Devil
fr	Blanche-Neige et les Sept Nains	207217	Catégorie:Sorcellerie > Sorcellerie féminine > Film mettant en scène une sorcière
en	Harry Potter	198974	Category:Witchcraft > Curses > Fiction about curses
ja	ファイナルファンタジーVIII	195044	Category:魔女 > 魔女を題材とした作品 > 魔女を題材としたコンピュータゲーム
en	Wicked (2024 film)	190276	Category:Witchcraft > Fiction about witchcraft > Films about witchcraft
fr	Once Upon a Time	190201	Catégorie:Sorcellerie > Sorcellerie dans l'art et la culture > Série télévisée sur la sorcellerie
fr	Merlin	189588	Catégorie:Sorcellerie > Magicien ou sorcier de légende
en	Joan of Arc	186511	Category:People executed for witchcraft > French people executed for witchcraft
fr	American Horror Story	184357	Catégorie:Sorcellerie > Sorcellerie dans l'art et la culture > Série télévisée sur la sorcellerie
es	QAnon	182911	Categoría:Brujería > Satanismo > QAnon
fr	WandaVision	181503	Catégorie:Sorcellerie > Sorcellerie dans l'art et la culture > Série télévisée sur la sorcellerie
es	Agatha All Along	179846	Categoría:Brujería > Brujería en la ficción > Brujería en cine y televisión
en	Dishonored	174586	Category:Witchcraft > Fiction about witchcraft > Video games about witchcraft
ja	リトルウィッチアカデミア	174165	Category:魔女 > 魔女を題材とした作品 > 魔女を題材としたアニメ作品
ja	ソウルイーター	172850	Category:魔女 > 魔女を題材とした作品 > 魔女を題材としたアニメ作品
en	The Little Mermaid (2023 film)	172518	Category:Witchcraft > Fiction about witchcraft > Films about witchcraft
en	Pirates of the Caribbean: Dead Men Tell No Tales	172386	Category:Witchcraft > Curses > Flying Dutchman
de	Ritualmordlegende	172077	Kategorie:Hexenverfolgung
de	Johannes Calvin	170848	Kategorie:Hexenverfolgung > Täter der Hexenverfolgung
en	Culture and menstruation	168019	Category:Witchcraft > Curses
ja	ウィキッド ふたりの魔女	164632	Category:魔女 > 魔女を題材とした作品 > 魔女を題材とした映画作品
fr	Chasse aux sorcières	163699	Catégorie:Sorcellerie > Sorcellerie féminine
de	Hexenverfolgung	163295	Kategorie:Hexenverfolgung
it	Processi per stregoneria in Italia	161304	Categoria:Stregoneria > Processi per stregoneria > Processi per stregoneria in Italia
en	The Wizard of Oz	160455	Category:Witchcraft > Fiction about witchcraft > Films about witchcraft
en	Salem, Massachusetts	160451	Category:Witchcraft > American witchcraft
en	Wicked: For Good	160217	Category:Witchcraft > Fiction about witchcraft > Films about witchcraft
en	Conan the Barbarian (1982 film)	157592	Category:Witchcraft > Fiction about witchcraft > Films about witchcraft
ja	オシャレ魔女♥ラブandベリー	154857	Category:魔女 > 魔女を題材とした作品 > 魔女を題材としたコンピュータゲーム
en	Tutankhamun	154027	Category:Witchcraft > Curses
de	WandaVision	152491	Kategorie:Hexerei > Hexerei in der Kultur > Hexerei im Film
fr	Supernatural (série télévisée)	151767	Catégorie:Sorcellerie > Sorcellerie dans l'art et la culture > Diable dans la fiction
en	The Love for Three Oranges (fairy tale)	149008	Category:Witchcraft > Fiction about witchcraft > Witchcraft in fairy tales
ja	ときめきトゥナイト	148257	Category:魔女 > 魔女を題材とした作品 > 魔女を題材とした漫画作品
sv	Häxprocess	147513	Kategori:Häxprocesser
en	Azealia Banks	146872	Category:Witchcraft > American witchcraft
en	Harry Potter (film series)	146828	Category:Witchcraft > Fiction about witchcraft > Films about witchcraft
ja	うみねこのなく頃に	144662	Category:魔女 > 魔女を題材とした作品 > 魔女を題材としたコンピュータゲーム
en	Genshin Impact	143483	Category:Witchcraft > Fiction about witchcraft > Video games about witchcraft
fr	Crapaud dans l'imaginaire et la tradition en Occident	143231	Catégorie:Sorcellerie
en	Suspiria (2018 film)	141733	Category:Witchcraft > Fiction about witchcraft > Films about witchcraft
es	Atomwaffen Division	141486	Categoría:Brujería > Satanismo > Delitos relacionados con el satanismo u ocultismo
en	Puella Magi Madoka Magica	139065	Category:Witchcraft > Fiction about witchcraft > Anime and manga about witchcraft
en	Tetragrammaton	136308	Category:Witchcraft > Incantation > Magic words
en	Umbrella (song)	134829	Category:Witchcraft > Curses
en	European witchcraft	133845	Category:European witchcraft
en	Suicide Squad (2016 film)	132202	Category:Witchcraft > Fiction about witchcraft > Films about witchcraft
es	Harry Potter y el legado maldito	131869	Categoría:Brujería > Brujería en la ficción > Harry Potter
de	Schule der Magier	131698	Kategorie:Hexerei > Hexerei in der Kultur > Hexerei in Kunst und Literatur
en	Stranger Things season 4	131576	Category:Witchcraft > Curses > Fiction about curses
es	Inquisición española	131341	Categoría:Brujería > Procesos por brujería
en	Dark Horse (Katy Perry song)	130382	Category:Witchcraft > Fiction about witchcraft > Songs about witches
de	Die Elixiere des Teufels	130126	Kategorie:Hexerei > Hexerei in der Kultur > Hexerei in Kunst und Literatur
es	Charmed	129665	Categoría:Brujería > Brujería en la ficción > Brujería en cine y televisión
ja	前橋ウィッチーズ	128170	Category:魔女 > 魔女を題材とした作品 > 魔女を題材としたアニメ作品
en	Satanic panic	127917	Category:Witchcraft > Witch hunting
fr	La Belle au bois dormant (film, 1959)	127857	Catégorie:Sorcellerie > Sorcellerie féminine > Film mettant en scène une sorcière
en	Mulan (2020 film)	127339	Category:Witchcraft > Fiction about witchcraft > Films about witchcraft
en	Snow White (2025 film)	127126	Category:Witchcraft > Fiction about witchcraft > Films about witchcraft
en	Chain letter	126305	Category:Witchcraft > Curses
en	Morgan le Fay	126136	Category:Witchcraft > Witchcraft in folklore and mythology > Witches in folklore
es	Suspiria (película de 2018)	124503	Categoría:Brujería > Brujería en la ficción > Brujería en cine y televisión
ja	Re:ゼロから始める異世界生活 (アニメ)	123717	Category:魔女 > 魔女を題材とした作品 > 魔女を題材としたアニメ作品
it	Streghe (serie televisiva 1998)	123192	Categoria:Stregoneria > Streghe nelle opere di fantasia > Streghe (serie televisiva)
fr	The Ancient Magus Bride	120398	Catégorie:Sorcellerie > Sorcellerie dans l'art et la culture > Sorcellerie dans la bande dessinée
ja	グレーテルのかまど	118483	Category:魔女 > 魔女を題材とした作品 > ヘンゼルとグレーテル
en	Hansel & Gretel: Witch Hunters	118005	Category:Witchcraft > Fiction about witchcraft > Films about witchcraft
en	Witch hunt	117050	Category:Witchcraft > Witch hunting
fr	Vampire Diaries	115062	Catégorie:Sorcellerie > Sorcellerie dans l'art et la culture > Série télévisée sur la sorcellerie
en	Evil Queen	114961	Category:Witchcraft > Fiction about witchcraft > Witchcraft in fairy tales
fr	Saison 3 d'American Horror Story	114351	Catégorie:Sorcellerie > Sorcellerie dans l'art et la culture > Série télévisée sur la sorcellerie
es	Domiciano	113709	Categoría:Brujería > Maldiciones > Damnatio memoriae
en	Snow White	113682	Category:Witchcraft > Fiction about witchcraft > Witchcraft in fairy tales
fr	Albus Dumbledore	113101	Catégorie:Sorcellerie > Sorcellerie dans l'art et la culture > Magicien ou sorcier de fiction
en	La Llorona	111252	Category:Witchcraft > Curses
es	Harry Potter	111220	Categoría:Brujería > Brujería en la ficción > Harry Potter
fr	Buffy contre les vampires	110066	Catégorie:Sorcellerie > Sorcellerie dans l'art et la culture > Série télévisée sur la sorcellerie
en	Zombie	109562	Category:Witchcraft > African witchcraft > Voodoo
es	Brujería	108993	Categoría:Brujería
it	Goezia (pratica magica)	108386	Categoria:Stregoneria
es	Canción de hielo y fuego	107944	Categoría:Brujería > Brujería en la ficción
en	The Legend of Zelda: Twilight Princess	107900	Category:European witchcraft > Imps
en	The Owl House	107734	Category:Witchcraft > Fiction about witchcraft > Witch hunting in fiction
en	Fantastic Beasts	107601	Category:Witchcraft > Fiction about witchcraft > Films about witchcraft
ja	ベヨネッタ	107165	Category:魔女 > 魔女を題材とした作品 > 魔女を題材としたコンピュータゲーム
en	Religious debates over the Harry Potter series	106937	Category:Witchcraft > Modern witchcraft
ja	魔砲使い黒姫	106455	Category:魔女 > 魔女を題材とした作品 > 魔女を題材とした漫画作品
en	Andretti curse	106075	Category:Witchcraft > Curses > Sports-related curses
ja	ゼロから始める魔法の書	105772	Category:魔女 > 魔女を題材とした作品 > 魔女を題材としたアニメ作品
en	Beetlejuice Beetlejuice	105771	Category:Witchcraft > Fiction about witchcraft > Films about witchcraft
en	Barroz 3D	105656	Category:Witchcraft > Fiction about witchcraft > Films about witchcraft
de	Johannes Brenz	105428	Kategorie:Hexenverfolgung > Gegner der Hexenverfolgung
de	Johann Weyer	105351	Kategorie:Hexenverfolgung > Gegner der Hexenverfolgung
en	Witch Watch	105040	Category:Witchcraft > Fiction about witchcraft > Anime and manga about witchcraft
ja	山田くんと7人の魔女	104928	Category:魔女 > 魔女を題材とした作品 > 魔女を題材としたアニメ作品
es	Orden de los Nueve Ángulos	103971	Categoría:Brujería > Satanismo
en	Witchcraft	103947	Category:Witchcraft
en	The Chronicles of Narnia: The Voyage of the Dawn Treader	102440	Category:Witchcraft > Fiction about witchcraft > Films about witchcraft
en	Hecate	102208	Category:Witchcraft > Witchcraft in folklore and mythology
ja	ウィッチウォッチ	102014	Category:魔女 > 魔女を題材とした作品 > 魔女を題材としたアニメ作品
en	Margaret Murray	101963	Category:Witchcraft > Historians of witchcraft
en	Witch trials in the early modern period	101777	Category:Witch trials
en	Food and drink prohibitions	101720	Category:Witchcraft > Curses > Taboo
ja	魔女の旅々	101402	Category:魔女 > 魔女を題材とした作品 > 魔女を題材としたアニメ作品
en	Dishonored 2	100472	Category:Witchcraft > Fiction about witchcraft > Video games about witchcraft
en	Mayo county football team	100378	Category:Witchcraft > Curses > Sports-related curses
de	Andromeda (Mythologie)	99924	Kategorie:Sagengestalt > Mythischer Herrscher > Königin der griechischen Mythologie
de	Harry Potter	99828	Kategorie:Hexerei > Hexerei in der Kultur > Hexerei in Kunst und Literatur
fr	Lieu du sabbat	99825	Catégorie:Sorcellerie
fr	Jean XXII	99517	Catégorie:Sorcellerie > Étude de la sorcellerie > Auteur de traité sur la sorcellerie
ja	ウィッチクラフトワークス	98597	Category:魔女 > 魔女を題材とした作品 > 魔女を題材としたアニメ作品
en	Robert Johnson	98221	Category:Witchcraft > Witchcraft in folklore and mythology > Deal with the Devil
ja	サイレント・ウィッチ	98218	Category:魔女 > 魔女を題材とした作品 > 魔女を題材としたアニメ作品
en	Spirit possession	97729	Category:Witchcraft > Curses > Demonic possession
fr	Motherland: Fort Salem	97696	Catégorie:Sorcellerie > Sorcellerie dans l'art et la culture > Série télévisée sur la sorcellerie
es	The Owl House	97579	Categoría:Brujería > Brujería en la ficción > Brujería en cine y televisión
en	The Blair Witch Project	97434	Category:Witchcraft > Fiction about witchcraft > Blair Witch
en	Code Geass	96854	Category:Witchcraft > Curses > Fiction about curses
ja	ペルヒタ	96699	Category:魔女
es	Política en Harry Potter	96331	Categoría:Brujería > Brujería en la ficción > Harry Potter
fr	Saison 8 d'American Horror Story	96229	Catégorie:Sorcellerie > Sorcellerie dans l'art et la culture > Série télévisée sur la sorcellerie
en	Joseph Smith Papyri	96039	Category:Witchcraft > Incantation > Book of the Dead
en	Hugo (game show)	95798	Category:Witchcraft > Fiction about witchcraft > Television shows about witchcraft
fr	Sorcière	95525	Catégorie:Sorcellerie > Sorcellerie féminine > Sorcière
en	Hope Diamond	95172	Category:Witchcraft > Curses
es	Brujas 5	94878	Categoría:Brujería > Brujos ficticios
fr	Kiki la petite sorcière	94801	Catégorie:Sorcellerie > Sorcellerie féminine > Film mettant en scène une sorcière
en	Resident Evil Village	94557	Category:Witchcraft > Fiction about witchcraft > Video games about witchcraft
en	Resource curse	94385	Category:Witchcraft > Curses
en	Final Fantasy VIII	93788	Category:Witchcraft > Fiction about witchcraft > Video games about witchcraft
de	Harry Potter (Filmreihe)	93490	Kategorie:Hexerei > Hexerei in der Kultur > Hexerei im Film
en	Judas Iscariot	93383	Category:Witchcraft > Curses > Demonic possession
fr	Winx Club	93308	Catégorie:Sorcellerie > Sorcellerie dans l'art et la culture > Série télévisée sur la sorcellerie
ja	ベヨネッタ3	92922	Category:魔女 > 魔女を題材とした作品 > 魔女を題材としたコンピュータゲーム
ja	魔法少女・オブ・ジ・エンド	92788	Category:魔女 > 魔女を題材とした作品 > 魔女を題材とした漫画作品
fr	Severus Rogue	92677	Catégorie:Sorcellerie > Sorcellerie dans l'art et la culture > Magicien ou sorcier de fiction
en	Bell Witch	91677	Category:Witchcraft > American witchcraft
en	The Chronicles of Narnia: Prince Caspian	91323	Category:Witchcraft > Fiction about witchcraft > Films about witchcraft
es	Zatanna (serie limitada)	91136	Categoría:Brujería > Brujos ficticios > Zatanna
es	Harry Potter (serie de televisión)	90654	Categoría:Brujería > Brujería en la ficción > Harry Potter
en	Argonautica	90150	Category:Witchcraft > Fiction about witchcraft > Works about Medea
en	Oz the Great and Powerful	89943	Category:Witchcraft > Fiction about witchcraft > Films about witchcraft
en	Our Gang	89287	Category:Witchcraft > Curses
en	Dragon Age: Origins	89088	Category:Witchcraft > Fiction about witchcraft > Video games about witchcraft
en	Tumbbad	88738	Category:Witchcraft > Fiction about witchcraft > Films about witchcraft
fr	Carrefour dans le folklore et la mythologie	88150	Catégorie:Sorcellerie
fr	Charmed	88067	Catégorie:Sorcellerie > Sorcellerie dans l'art et la culture > Série télévisée sur la sorcellerie
en	Cotton Mather	87775	Category:Witch trials > Accusers in witch trials
fr	Le Magicien d'Oz (film, 1939)	87752	Catégorie:Sorcellerie > Sorcellerie féminine > Film mettant en scène une sorcière
de	Avengers: Infinity War	87273	Kategorie:Hexerei > Hexerei in der Kultur > Hexerei im Film
es	La materia oscura (serie de televisión)	87264	Categoría:Brujería > Brujería en la ficción > Brujería en cine y televisión
de	Samsonfigur	87077	Kategorie:Sagengestalt > Fabelwesen > Riese
en	Wandering Witch: The Journey of Elaina	86498	Category:Witchcraft > Fiction about witchcraft > Anime and manga about witchcraft
de	Attila	86170	Kategorie:Sagengestalt > Germanische Sagengestalt
en	Evil eye	85841	Category:Witchcraft > Curses
en	Wandering Jew	85218	Category:Witchcraft > Curses
en	Bertram Fletcher Robinson	84488	Category:Witchcraft > Curses
de	Anna Göldin (Roman)	84432	Kategorie:Hexenverfolgung > Hexenverfolgung in der Kultur > Hexenverfolgung in der Literatur
es	Akenatón	84126	Categoría:Brujería > Maldiciones > Damnatio memoriae
fr	Dahut	83279	Catégorie:Sorcellerie > Magicien ou sorcier de légende
es	Juicios por brujería en la Edad Moderna	82942	Categoría:Brujería
de	Parzival	82865	Kategorie:Sagengestalt > Keltische Sagengestalt
de	Thor	82275	Kategorie:Sagengestalt > Drachentöter
es	Satanismo laveyano	82195	Categoría:Brujería > Satanismo
en	A Glastonbury Romance	82160	Category:Witchcraft > Fiction about witchcraft > Modern Arthurian fiction
en	Hocus Pocus 2	82042	Category:Witchcraft > Fiction about witchcraft > Films about witchcraft
ja	ゼルダ無双	81794	Category:魔女 > 魔女を題材とした作品 > 魔女を題材としたコンピュータゲーム
de	Buffy – Im Bann der Dämonen	81439	Kategorie:Hexerei > Hexerei in der Kultur > Hexerei im Film
fr	Hélène (mythologie)	81439	Catégorie:Sorcellerie > Magicien ou sorcier de légende > Magicien de la mythologie grecque
fr	Sorcellerie	81005	Catégorie:Sorcellerie
de	Odysseus	80858	Kategorie:Sagengestalt > Mythischer Herrscher > König der griechischen Mythologie
en	Idylls of the King	80507	Category:Witchcraft > Fiction about witchcraft > Modern Arthurian fiction
es	Caza de brujas	79216	Categoría:Brujería > Procesos por brujería
de	Agatha All Along	78998	Kategorie:Hexerei > Hexerei in der Kultur > Hexerei im Film
de	Puella Magi Madoka Magica	78801	Kategorie:Hexerei > Hexerei in der Kultur > Hexerei im Film
it	Lord Voldemort	78602	Categoria:Stregoneria > Stregoni immaginari
ja	パラレルパラダイス	78399	Category:魔女 > 魔女を題材とした作品 > 魔女を題材とした漫画作品
en	Zduhać	78266	Category:European witchcraft
en	The Enchanted Pig	78023	Category:Witchcraft > Fiction about witchcraft > Witchcraft in fairy tales
de	Engel	77950	Kategorie:Sagengestalt > Fabelwesen
en	JoJolion	77814	Category:Witchcraft > Curses > Fiction about curses
en	Hermetica	77745	Category:Witchcraft > Grimoires
en	American Horror Story: Coven	77442	Category:Witchcraft > Fiction about witchcraft > Witch hunting in fiction
ja	うみねこのなく頃に (アニメ)	77113	Category:魔女 > 魔女を題材とした作品 > 魔女を題材としたアニメ作品
ja	ラピスリライツ 〜この世界のアイドルは魔法が使える〜	76749	Category:魔女 > 魔女を題材とした作品 > 魔女を題材としたコンピュータゲーム
en	Dharani	76576	Category:Witchcraft > Incantation > Magic words
en	Ni no Kuni: Wrath of the White Witch	76538	Category:Witchcraft > Fiction about witchcraft > Video games about witchcraft
fr	Fraternité Hermétique de Louxor	76508	Catégorie:Sorcellerie > Organisation qui s'intéresse à la magie
de	Charmed – Zauberhafte Hexen	76481	Kategorie:Hexerei > Hexerei in der Kultur > Hexerei im Film
en	XxxHolic	76305	Category:Witchcraft > Fiction about witchcraft > Anime and manga about witchcraft
fr	Rois mages	76076	Catégorie:Sorcellerie > Magicien ou sorcier de légende > Rois mages
en	Black Magic (Little Mix song)	75883	Category:Witchcraft > Fiction about witchcraft > Songs about witches
es	Zatanna	75814	Categoría:Brujería > Brujos ficticios
en	Secrets of the Silent Witch	75749	Category:Witchcraft > Fiction about witchcraft > Anime and manga about witchcraft
ja	連盟空軍航空魔法音楽隊ルミナスウィッチーズ	74842	Category:魔女 > 魔女を題材とした作品 > 魔女を題材としたアニメ作品
ja	奥さまは魔女 (テレビドラマ)	74831	Category:魔女 > 魔女を題材とした作品 > 魔女を題材としたテレビドラマ
fr	Jules Michelet	74620	Catégorie:Sorcellerie > Étude de la sorcellerie > Auteur de traité sur la sorcellerie
it	Dottor Strange	74541	Categoria:Stregoneria > Stregoni immaginari
en	Flint the Time Detective	74459	Category:European witchcraft > Imps
fr	Magie et symbolique du clou	74376	Catégorie:Sorcellerie
es	Bruja	73958	Categoría:Brujería > Brujas (brujería)
en	The Classroom of a Black Cat and a Witch	73762	Category:Witchcraft > Fiction about witchcraft > Anime and manga about witchcraft
ja	魔女の下僕と魔王のツノ	73604	Category:魔女 > 魔女を題材とした作品 > 魔女を題材とした漫画作品
ja	オズの魔法使い	73537	Category:魔女 > 魔女を題材とした作品 > 魔女を題材とした小説
en	Ruddigore	73329	Category:Witchcraft > Fiction about witchcraft
en	Pirates of the Caribbean: Dead Man's Chest	73236	Category:Witchcraft > Curses > Flying Dutchman
de	Huangdi	72944	Kategorie:Sagengestalt > Chinesische Sagengestalt > Urkaiser Chinas
ja	ふらいんぐうぃっち	72843	Category:魔女 > 魔女を題材とした作品 > 魔女を題材としたアニメ作品
es	Influencias y analogías en Harry Potter	72106	Categoría:Brujería > Brujería en la ficción > Harry Potter
de	Geisterjäger John Sinclair	71249	Kategorie:Hexerei > Hexerei in der Kultur > Hexerei in Kunst und Literatur
en	Thelema	71105	Category:Witchcraft > Incantation > Magic words
en	Robin Morgan	70619	Category:Witchcraft > Judaism and witchcraft > Wiccans of Jewish descent
fr	Lucifer (série télévisée)	70595	Catégorie:Sorcellerie > Sorcellerie dans l'art et la culture > Diable dans la fiction
en	Pirates of the Caribbean: At World's End	70405	Category:Witchcraft > Curses > Flying Dutchman
en	Deals with the Devil in popular culture	70405	Category:Witchcraft > Witchcraft in folklore and mythology > Deal with the Devil
en	Mon Colle Knights	70264	Category:European witchcraft > Imps
en	Ranking of Kings	70219	Category:Witchcraft > Curses > Fiction about curses
en	Harry Potter influences and analogues	70135	Category:Witchcraft > Fiction about witchcraft > Harry Potter
en	Puella Magi Madoka Magica (film series)	70043	Category:Witchcraft > Fiction about witchcraft > Films about witchcraft
en	The Death of Koschei the Deathless	69788	Category:Witchcraft > Fiction about witchcraft > Witchcraft in fairy tales
es	Brujería en Europa	69777	Categoría:Brujería
fr	Charmed (série télévisée, 2018)	69250	Catégorie:Sorcellerie > Sorcellerie dans l'art et la culture > Série télévisée sur la sorcellerie
ja	バンジョーとカズーイの大冒険	68917	Category:魔女 > 魔女を題材とした作品 > 魔女を題材としたコンピュータゲーム
de	Verfolgung von Menschen mit Albinismus	68819	Kategorie:Hexerei > Moderne Hexenverfolgung
ja	ヤダモン	68802	Category:魔女 > 魔女を題材とした作品 > 魔女を題材としたアニメ作品
en	Hocus Pocus (1993 film)	68770	Category:Witchcraft > Fiction about witchcraft > Films about witchcraft
fr	L'Atelier des sorciers	68758	Catégorie:Sorcellerie > Sorcellerie dans l'art et la culture > Sorcellerie dans la bande dessinée
en	The Wonderful Wizard of Oz	68561	Category:Witchcraft > Fiction about witchcraft > Witchcraft in written fiction
ru	Аэндорская волшебница	68413	Категория:Ведьмы
es	Samhain	67901	Categoría:Brujería > Wicca > Festividades wiccanas
en	Persecution of people with albinism	67873	Category:Witchcraft > African witchcraft
en	Sally the Witch	67800	Category:Witchcraft > Fiction about witchcraft > Anime and manga about witchcraft
de	Hexenverfolgung im Hochstift Eichstätt	67442	Kategorie:Hexenverfolgung > Hexenverfolgung nach räumlicher Zuordnung > Hexenprozesse in Deutschland
es	Profanación de la hostia	67290	Categoría:Brujería > Satanismo > Delitos relacionados con el satanismo u ocultismo
es	Herejía de Orleans	67006	Categoría:Brujería > Brujería por país > Brujería en Francia
ja	展覧会の絵	66984	Category:魔女 > バーバ・ヤーガ
en	Stardust (2007 film)	66519	Category:Witchcraft > Fiction about witchcraft > Films about witchcraft
de	Wilder Mann	66413	Kategorie:Sagengestalt
en	Elizabeth Báthory	66224	Category:Witchcraft > Witchcraft in folklore and mythology > Deal with the Devil
en	The Conjuring	66209	Category:Witchcraft > Fiction about witchcraft > Films about witchcraft
de	Das Bildnis des Dorian Gray	66077	Kategorie:Hexerei > Hexerei in der Kultur > Hexerei in Kunst und Literatur
en	Ojamajo Doremi	66056	Category:Witchcraft > Fiction about witchcraft > Anime and manga about witchcraft
it	Stregoneria	65995	Categoria:Stregoneria
en	Ichi the Witch	65750	Category:Witchcraft > Fiction about witchcraft > Anime and manga about witchcraft
en	Hugo (franchise)	65740	Category:Witchcraft > Fiction about witchcraft > Witch hunting in fiction
en	Halloween III: Season of the Witch	65458	Category:Witchcraft > Fiction about witchcraft > Films about witchcraft
fr	Suspiria (film, 2018)	65109	Catégorie:Sorcellerie > Sorcellerie dans l'art et la culture > Film sur la sorcellerie
en	Islam and magic	65072	Category:Witchcraft
fr	Yamada-kun and the Seven Witches	64983	Catégorie:Sorcellerie > Sorcellerie dans l'art et la culture > Série télévisée sur la sorcellerie
en	Groovie Goolies	64892	Category:European witchcraft > Imps
fr	Front-de-cuivre	64883	Catégorie:Sorcellerie > Magicien ou sorcier de légende
en	His Dark Materials	64802	Category:Witchcraft > Fiction about witchcraft > Witchcraft in written fiction
fr	Voldemort	64661	Catégorie:Sorcellerie > Sorcellerie dans l'art et la culture > Magicien ou sorcier de fiction
en	Sator Square	64633	Category:Witchcraft > Incantation
es	Nico Minoru	64601	Categoría:Brujería > Brujos ficticios
ja	まじもじるるも	64507	Category:魔女 > 魔女を題材とした作品 > 魔女を題材としたアニメ作品
en	The Chronicles of Narnia: The Lion, the Witch and the Wardrobe	64434	Category:Witchcraft > Fiction about witchcraft > Films about witchcraft
fr	Agatha All Along	64386	Catégorie:Sorcellerie > Sorcellerie dans l'art et la culture > Série télévisée sur la sorcellerie
es	Ruddigore	64309	Categoría:Brujería > Brujería en la ficción
en	Prince Wolf	63953	Category:Witchcraft > Fiction about witchcraft > Witchcraft in fairy tales
ja	魔女大戦 32人の異才の魔女は殺し合う	63833	Category:魔女 > 魔女を題材とした作品 > 魔女を題材とした漫画作品
ja	白雪姫	63784	Category:魔女 > 魔女を題材とした作品
fr	Chocola et Vanilla	63670	Catégorie:Sorcellerie > Sorcellerie dans l'art et la culture > Série télévisée sur la sorcellerie
en	The Witch (2015 film)	63649	Category:Witchcraft > Fiction about witchcraft > Films about witchcraft
en	The Feather of Finist the Falcon	63579	Category:Witchcraft > Fiction about witchcraft > Witchcraft in fairy tales
es	Asesinatos rituales de Toa Payoh	63378	Categoría:Brujería > Satanismo > Delitos relacionados con el satanismo u ocultismo
en	Descendants: The Rise of Red	63370	Category:Witchcraft > Fiction about witchcraft > Films about witchcraft
es	Fandom de Harry Potter	63233	Categoría:Brujería > Brujería en la ficción > Harry Potter
de	Pepo	63216	Kategorie:Sagengestalt > Fabelwesen > Geistwesen
de	Wechselbalg	63209	Kategorie:Sagengestalt > Fabelwesen
ja	アリエル (ディズニーキャラクター)	63177	Category:魔女 > 魔女を題材とした作品 > 人魚姫
en	William Phips	63067	Category:Witchcraft > Witch hunting > Critics of witch hunting
ja	ベヨネッタ2	62958	Category:魔女 > 魔女を題材とした作品 > 魔女を題材としたコンピュータゲーム
es	Brujería en España	62793	Categoría:Brujería > Brujería por país > Brujería en España
it	Kefka Palazzo	62773	Categoria:Stregoneria > Stregoni immaginari
ja	デビルマンG	62747	Category:魔女 > 魔女を題材とした作品 > 魔女を題材とした漫画作品
ja	エコエコアザラク	62502	Category:魔女 > 魔女を題材とした作品 > 魔女を題材とした映画作品
it	Harry Potter (personaggio)	62472	Categoria:Stregoneria > Stregoni immaginari
en	Queen of Sheba	62456	Category:Witchcraft > Witchcraft in folklore and mythology > Witches in folklore
es	Nehelenia	62333	Categoría:Brujería > Brujos ficticios
en	Koh-i-Noor	62312	Category:Witchcraft > Curses
en	Jean Bodin	62166	Category:European witchcraft > Witchcraft in France
en	Holy Grail	62075	Category:European witchcraft > Cauldrons
de	Der Zauberer von Oz	62068	Kategorie:Hexerei > Hexerei in der Kultur > Hexerei in Kunst und Literatur
de	Friedrich Förner	61928	Kategorie:Hexenverfolgung > Hexenverfolgung in Bamberg
es	Bruja Escarlata	61891	Categoría:Brujería > Brujos ficticios > Brujas de Marvel Comics
de	Wilhelm Friedrich Lutz	61882	Kategorie:Hexenverfolgung > Gegner der Hexenverfolgung
en	Matthew Hale (jurist)	61769	Category:Witch trials > Witch trials in Europe > Witch trials in England
fr	Prudence Halliwell	61768	Catégorie:Sorcellerie > Sorcellerie dans l'art et la culture > Magicien ou sorcier de fiction
en	Bayonetta 2	61743	Category:Witchcraft > Fiction about witchcraft > Video games about witchcraft
de	Der Hobbit: Eine unerwartete Reise	61564	Kategorie:Hexerei > Hexerei in der Kultur > Hexerei im Film
en	Curse of Ham	61263	Category:Witchcraft > Curses
en	Treehouse of Horror	60945	Category:Witchcraft > Curses > Fiction about curses
en	Unico	60908	Category:European witchcraft > Imps
en	Black Sunday (1960 film)	60893	Category:Witchcraft > Fiction about witchcraft > Films about witchcraft
ja	魔女と野獣	60788	Category:魔女 > 魔女を題材とした作品 > 魔女を題材としたアニメ作品
de	Artus	60667	Kategorie:Sagengestalt > Mythischer Herrscher
en	Witch-cult hypothesis	60567	Category:European witchcraft
ja	終末のイゼッタ	60412	Category:魔女 > 魔女を題材とした作品 > 魔女を題材としたアニメ作品
en	Witches (Discworld)	60230	Category:Witchcraft > Fiction about witchcraft > Witchcraft in written fiction
en	Elohim	60167	Category:Witchcraft > Incantation > Magic words
en	Witch Hat Atelier	59953	Category:Witchcraft > Fiction about witchcraft > Anime and manga about witchcraft
es	Paulo Coelho	59826	Categoría:Brujería > Satanismo > Conversos al cristianismo desde el satanismo u ocultismo
fr	Suspiria	59655	Catégorie:Sorcellerie > Sorcellerie dans l'art et la culture > Film sur la sorcellerie
es	Histeria de abuso sexual en las guarderías	59650	Categoría:Brujería > Satanismo > Abuso ritual satánico
es	Luis Alfredo Garavito	59620	Categoría:Brujería > Satanismo > Delitos relacionados con el satanismo u ocultismo
en	Oak Island mystery	59544	Category:Witchcraft > Curses
fr	His Dark Materials : À la croisée des mondes	59511	Catégorie:Sorcellerie > Sorcellerie dans l'art et la culture > Série télévisée sur la sorcellerie
en	Kiki's Delivery Service	59157	Category:Witchcraft > Fiction about witchcraft > Anime and manga about witchcraft
fr	Les Nouvelles Aventures de Sabrina	59026	Catégorie:Sorcellerie > Sorcellerie dans l'art et la culture > Diable dans la fiction
es	Satanismo	58981	Categoría:Brujería > Satanismo
en	Haunted Mansion (2023 film)	58853	Category:Witchcraft > Fiction about witchcraft > Films about witchcraft
de	Avengers: Doomsday	58779	Kategorie:Hexerei > Hexerei in der Kultur > Hexerei im Film
fr	Grimm (série télévisée)	58731	Catégorie:Sorcellerie > Sorcellerie dans l'art et la culture > Série télévisée sur la sorcellerie
de	Hexenverfolgung im Herzogtum Westfalen	58711	Kategorie:Hexenverfolgung > Hexenverfolgung nach räumlicher Zuordnung > Hexenprozesse in Deutschland
de	Wednesday (Fernsehserie)	58651	Kategorie:Hexenverfolgung > Hexenverfolgung in der Kultur
fr	Procès de sorcellerie de Fribourg	58622	Catégorie:Sorcellerie > Sorcellerie féminine
en	The Witch and the Beast	58485	Category:Witchcraft > Fiction about witchcraft > Anime and manga about witchcraft
de	Erzengel Michael	58159	Kategorie:Sagengestalt > Drachentöter
es	8kun	58152	Categoría:Brujería > Satanismo > QAnon
ja	魔法使いの夜	58148	Category:魔女 > 魔女を題材とした作品 > 魔女を題材としたコンピュータゲーム
de	Bibi Blocksberg	57979	Kategorie:Hexerei > Hexerei in der Kultur
it	Lilith	57940	Categoria:Stregoneria
de	Das siebente Siegel	57879	Kategorie:Hexenverfolgung > Hexenverfolgung in der Kultur
en	Book of Shadows: Blair Witch 2	57683	Category:Witchcraft > Fiction about witchcraft > Blair Witch
en	The Beyond (1981 film)	57610	Category:Witchcraft > Fiction about witchcraft > Films about witchcraft
es	Snow White's Enchanted Wish	57542	Categoría:Brujería > Brujería en la ficción
de	Spring Heeled Jack	57388	Kategorie:Sagengestalt
en	Atropa bella-donna	57332	Category:European witchcraft
en	The Haunted Mansion	57255	Category:Witchcraft > Fiction about witchcraft
en	The Dark Pictures Anthology: Little Hope	57197	Category:Witchcraft > Fiction about witchcraft > Video games about witchcraft
de	Fliegender Holländer (Sage)	57082	Kategorie:Sagengestalt > Fabelwesen
en	Witchcraft Works	57063	Category:Witchcraft > Fiction about witchcraft > Anime and manga about witchcraft
es	764 (organización)	56744	Categoría:Brujería > Satanismo
it	Caccia alle streghe	56686	Categoria:Stregoneria
en	Queens' College, Cambridge	56650	Category:Witch trials > People accused of witchcraft > Elizabeth Woodville
ja	魔女狩り	56529	Category:魔女
en	Fate/Apocrypha	56427	Category:Witchcraft > Fiction about witchcraft > Modern Arthurian fiction
fr	Puella Magi Madoka Magica	56418	Catégorie:Sorcellerie > Sorcellerie dans l'art et la culture > Série télévisée sur la sorcellerie
en	Snow White and the Huntsman	56341	Category:Witchcraft > Fiction about witchcraft > Films about witchcraft
en	The Ring (franchise)	56273	Category:Witchcraft > Curses > Fiction about curses
en	Drak (mythology)	56188	Category:Witchcraft > Witchcraft in folklore and mythology > Deal with the Devil
de	Rattenfänger von Hameln	56096	Kategorie:Sagengestalt
en	Soul Eater	56069	Category:Witchcraft > Fiction about witchcraft > Anime and manga about witchcraft
en	The Prince and the Gypsy Woman	55958	Category:Witchcraft > Fiction about witchcraft > Witchcraft in fairy tales
de	Bader-Ann	55937	Kategorie:Hexenverfolgung > Opfer der Hexenverfolgung
en	Helluva Boss	55902	Category:European witchcraft > Imps
fr	Soupçon de magie	55741	Catégorie:Sorcellerie > Sorcellerie dans l'art et la culture > Série télévisée sur la sorcellerie
de	Vampir	55739	Kategorie:Sagengestalt > Fabelwesen > Blutsauger
en	Pig-faced women	55736	Category:Witchcraft
fr	Willow Rosenberg	55702	Catégorie:Sorcellerie > Sorcellerie dans l'art et la culture > Magicien ou sorcier de fiction
en	Super Bowl curse	55609	Category:Witchcraft > Curses > Sports-related curses
fr	Minerva McGonagall	55439	Catégorie:Sorcellerie > Sorcellerie dans l'art et la culture > Magicien ou sorcier de fiction
en	Yamada-kun and the Seven Witches	55255	Category:Witchcraft > Fiction about witchcraft > Anime and manga about witchcraft
en	Tomb Raider: The Angel of Darkness	55169	Category:Witchcraft > Fiction about witchcraft > Video games about witchcraft
en	Weapons (2025 film)	55111	Category:Witchcraft > Fiction about witchcraft > Films about witchcraft
de	Die tragische Historie vom Doktor Faustus	55020	Kategorie:Hexerei > Hexerei in der Kultur > Hexerei in Kunst und Literatur
es	Chilling Adventures of Sabrina (serie de televisión)	54952	Categoría:Brujería > Brujería en la ficción > Brujería en cine y televisión
en	Bayonetta 3	54923	Category:Witchcraft > Fiction about witchcraft > Video games about witchcraft
en	History of Arda	54908	Category:Witchcraft > Fiction about witchcraft > Middle-earth
es	Quan Chi	54699	Categoría:Brujería > Brujos ficticios
it	Strega	54695	Categoria:Stregoneria
it	Wanda Maximoff (Marvel Cinematic Universe)	54692	Categoria:Stregoneria > Streghe nelle opere di fantasia
de	Der Zauberer von Oz (1939)	54588	Kategorie:Hexerei > Hexerei in der Kultur > Hexerei im Film
it	Streghe (serie televisiva 2018)	54419	Categoria:Stregoneria > Streghe nelle opere di fantasia
ja	魔女っ子チックル	54392	Category:魔女 > 魔女を題材とした作品 > 魔女を題材としたアニメ作品
it	Albus Silente	54151	Categoria:Stregoneria > Stregoni immaginari
en	Willow (1988 film)	54088	Category:Witchcraft > Fiction about witchcraft > Films about witchcraft
en	Ronald Hutton	54059	Category:Witchcraft > Historians of witchcraft
en	Little Witch Academia	53843	Category:Witchcraft > Fiction about witchcraft > Anime and manga about witchcraft
en	Sleeping Beauty	53836	Category:Witchcraft > Curses > Fiction about curses
fr	Sabbat (sorcellerie)	53828	Catégorie:Sorcellerie > Sorcellerie féminine
en	Anti-cult movement	53648	Category:Witchcraft > Witch hunting
es	Solomon Grundy (cómic)	53610	Categoría:Brujería > Zombis > Zombis en la historieta
es	Zombi	53539	Categoría:Brujería > Zombis
de	Fee	53534	Kategorie:Sagengestalt > Weibliche Sagengestalt
de	Dracula (Roman)	53527	Kategorie:Sagengestalt > Fabelwesen > Blutsauger
fr	Shadowhunters	53371	Catégorie:Sorcellerie > Sorcellerie dans l'art et la culture > Série télévisée sur la sorcellerie
es	True Blood	53363	Categoría:Brujería > Brujería en la ficción > Brujería en cine y televisión
de	Harry Potter und die Heiligtümer des Todes – Teil 2	53246	Kategorie:Hexerei > Hexerei in der Kultur > Hexerei im Film
en	Sports Illustrated cover jinx	53106	Category:Witchcraft > Curses > Sports-related curses
de	Melusine	53025	Kategorie:Sagengestalt > Weibliche Sagengestalt
en	Den-noh Coil	52987	Category:Witchcraft > Curses > Fiction about curses
ja	Magico	52945	Category:魔女 > 魔女を題材とした作品 > 魔女を題材とした漫画作品
fr	La Petite Sirène (film, 1989)	52894	Catégorie:Sorcellerie > Sorcellerie féminine > Film mettant en scène une sorcière
en	Abraxas	52829	Category:Witchcraft > Incantation > Magic words
it	Gandalf	52721	Categoria:Stregoneria > Stregoni immaginari
en	Anne of Denmark and contrary winds	52629	Category:Witch trials > Witch trials in Europe > Witch trials in Scotland
de	Paula von Weitershausen	52506	Kategorie:Hexenverfolgung > Täter der Hexenverfolgung
en	Practical Magic	52466	Category:Witchcraft > Fiction about witchcraft > Films about witchcraft
en	The Sea Tsar and Vasilisa the Wise	52334	Category:Witchcraft > Fiction about witchcraft > Witchcraft in fairy tales
en	Witchcraft in Africa	52260	Category:Witchcraft > African witchcraft
en	Magical Chase	52183	Category:Witchcraft > Fiction about witchcraft > Video games about witchcraft
ja	魔女と百騎兵	52143	Category:魔女 > 魔女を題材とした作品 > 魔女を題材としたコンピュータゲーム
es	Clementine Barnabet	52110	Categoría:Brujería > Satanismo > Delitos relacionados con el satanismo u ocultismo
de	Hexenprozesse in Freiburg (Schweiz)	52041	Kategorie:Hexenverfolgung > Hexenverfolgung nach räumlicher Zuordnung
fr	Harry Potter (personnage)	51995	Catégorie:Sorcellerie > Sorcellerie dans l'art et la culture > Magicien ou sorcier de fiction
fr	Merlin (téléfilm, 1998)	51881	Catégorie:Sorcellerie > Magicien ou sorcier de légende > Merlin
en	Suspiria	51681	Category:Witchcraft > Fiction about witchcraft > Films about witchcraft
en	George Pickingill	51631	Category:Witchcraft > Witchcraft in folklore and mythology
en	Umineko When They Cry	51515	Category:Witchcraft > Fiction about witchcraft > Anime and manga about witchcraft
ja	ショコラの魔法	51426	Category:魔女 > 魔女を題材とした作品 > 魔女を題材としたアニメ作品
de	Harry Potter und das verwunschene Kind	51365	Kategorie:Hexerei > Hexerei in der Kultur
en	Bedknobs and Broomsticks	51340	Category:Witchcraft > Fiction about witchcraft > Films about witchcraft
fr	Séphiroth (Final Fantasy)	51268	Catégorie:Sorcellerie > Sorcellerie dans l'art et la culture > Magicien ou sorcier de fiction
fr	Wicked : Partie 2	51262	Catégorie:Sorcellerie > Sorcellerie dans l'art et la culture > Film sur la sorcellerie
en	Cat meat	51123	Category:Witchcraft > Curses > Taboo
en	Andover, Massachusetts	51041	Category:Witch trials > Witch trials in North America > Salem witch trials
es	Biblia satánica	50909	Categoría:Brujería > Satanismo > Demonología
en	Snow White: A Tale of Terror	50886	Category:Witchcraft > Fiction about witchcraft > Films about witchcraft
fr	Princesse Zelda	50873	Catégorie:Sorcellerie > Sorcellerie dans l'art et la culture > Magicien ou sorcier de fiction
en	Dororo (2019 TV series)	50698	Category:Witchcraft > Curses > Fiction about curses
en	Goblin Slayer	50696	Category:Witchcraft > Fiction about witchcraft > Anime and manga about witchcraft
en	Medea (play)	50684	Category:Witchcraft > Fiction about witchcraft > Works about Medea
en	Cotton: Fantastic Night Dreams	50543	Category:Witchcraft > Fiction about witchcraft > Cotton (series)
ja	レアリア	50521	Category:魔女 > 魔女を題材とした作品 > 魔女を題材とした小説
en	The Dawn of the Witch	50500	Category:Witchcraft > Fiction about witchcraft > Anime and manga about witchcraft
ja	BURN THE WITCH	50473	Category:魔女 > 魔女を題材とした作品 > 魔女を題材とした漫画作品
de	Phantastische Tierwesen: Grindelwalds Verbrechen	50336	Kategorie:Hexerei > Hexerei in der Kultur > Hexerei im Film
de	Gawain	50294	Kategorie:Sagengestalt > Ritter der Tafelrunde
en	Cultural references to Macbeth	50255	Category:Witchcraft > Fiction about witchcraft > Witchcraft in written fiction
de	Christian Thomasius	50245	Kategorie:Hexenverfolgung > Gegner der Hexenverfolgung
de	Magical Girl	50183	Kategorie:Hexerei > Hexerei in der Kultur
fr	Circé	50108	Catégorie:Sorcellerie > Sorcellerie féminine > Sorcière
en	The Golden Root	50100	Category:Witchcraft > Fiction about witchcraft > Witchcraft in fairy tales
ja	白雪姫 (ディズニーキャラクター)	50092	Category:魔女 > 魔女を題材とした作品 > 白雪姫
en	Curse of Enchantia	49966	Category:Witchcraft > Fiction about witchcraft > Video games about witchcraft
en	Philology and Middle-earth	49870	Category:Witchcraft > Fiction about witchcraft > Middle-earth
de	Einhorn	49690	Kategorie:Sagengestalt > Fabelwesen > Fabeltier
fr	Piccolo (Dragon Ball)	49660	Catégorie:Sorcellerie > Sorcellerie dans l'art et la culture > Magicien ou sorcier de fiction
en	The Knights of the Fish	49619	Category:Witchcraft > Fiction about witchcraft > Witchcraft in fairy tales
de	Heiliger Geist	49580	Kategorie:Sagengestalt > Fabelwesen > Geistwesen
en	Witchy Pretty Cure!	49575	Category:Witchcraft > Fiction about witchcraft > Anime and manga about witchcraft
fr	The Originals	49391	Catégorie:Sorcellerie > Sorcellerie dans l'art et la culture > Série télévisée sur la sorcellerie
en	Walpurgis Night	49295	Category:European witchcraft > Witchcraft in Germany
ja	黒魔女さんが通る!!	49043	Category:魔女 > 魔女を題材とした作品 > 魔女を題材としたアニメ作品
en	Drag Me to Hell	49028	Category:Witchcraft > Fiction about witchcraft > Films about witchcraft
en	Mister Mxyzptlk	49025	Category:European witchcraft > Imps
en	Fatal Frame II: Crimson Butterfly	49009	Category:Witchcraft > Fiction about witchcraft > Video games about witchcraft
fr	L'Arrivée d'un sorcier à une noce paysanne	48908	Catégorie:Sorcellerie > Sorcellerie dans l'art et la culture > Sorcellerie dans la peinture
fr	Sorcière rouge	48820	Catégorie:Sorcellerie > Sorcellerie dans l'art et la culture > Magicien ou sorcier de fiction
ja	おとぎ銃士 赤ずきん	48807	Category:魔女 > 魔女を題材とした作品 > 魔女を題材としたアニメ作品
en	The Mummy: Tomb of the Dragon Emperor	48764	Category:Witchcraft > Fiction about witchcraft > Films about witchcraft
fr	Baba Yaga	48747	Catégorie:Sorcellerie > Magicien ou sorcier de légende
en	The Seventh Seal	48630	Category:Witchcraft > Fiction about witchcraft > Films about witchcraft
es	Stephen Strange (Universo cinematográfico de Marvel)	48607	Categoría:Brujería > Brujos ficticios
en	The Kingdoms of Ruin	48519	Category:Witchcraft > Fiction about witchcraft > Anime and manga about witchcraft
de	The Secret Circle	47882	Kategorie:Hexerei > Hexerei in der Kultur > Hexerei im Film
de	Weiße Frau	47881	Kategorie:Sagengestalt > Deutsche Sagengestalt
it	Utente:Gabrielegiardino22/Sandbox	47868	Categoria:Stregoneria > Stregoni immaginari
en	Robin Hood: Prince of Thieves	47716	Category:Witchcraft > Fiction about witchcraft > Films about witchcraft
en	Elizabeth Woodville	47704	Category:Witch trials > People accused of witchcraft
en	Trial by ordeal	47649	Category:Witchcraft > Witch hunting > Early Modern witch hunts
en	Return to Labyrinth	47634	Category:European witchcraft > Imps
de	Zombie	47626	Kategorie:Sagengestalt > Fabelwesen > Untoter
es	Brujería y contracultura gay	47538	Categoría:Brujería
fr	Ma sorcière bien-aimée	47516	Catégorie:Sorcellerie > Sorcellerie dans l'art et la culture > Série télévisée sur la sorcellerie
en	Cleveland sports curse	47410	Category:Witchcraft > Curses > Sports-related curses
ja	ルッツェルフラウ	47317	Category:魔女
de	Bhuta (Geist)	47286	Kategorie:Sagengestalt > Fabelwesen > Geistwesen
en	The Ayakashi Hunter's Tainted Bride	47229	Category:Witchcraft > Curses > Fiction about curses
en	Selkie	47187	Category:Witchcraft > Witchcraft in folklore and mythology
en	Fiction featuring Merlin	47025	Category:Witchcraft > Fiction about witchcraft > Modern Arthurian fiction
en	Percy Jackson: Sea of Monsters	46972	Category:Witchcraft > Fiction about witchcraft > Films about witchcraft
it	Yuta Okkotsu	46888	Categoria:Stregoneria > Stregoni immaginari
en	Flying Witch	46731	Category:Witchcraft > Fiction about witchcraft > Anime and manga about witchcraft
fr	Piper Halliwell	46622	Catégorie:Sorcellerie > Sorcellerie dans l'art et la culture > Magicien ou sorcier de fiction
en	Professor Layton vs. Phoenix Wright: Ace Attorney	46615	Category:Witchcraft > Fiction about witchcraft > Video games about witchcraft
fr	Médée (mythologie)	46585	Catégorie:Sorcellerie > Sorcellerie féminine > Sorcière
ja	魔法少女ノ魔女裁判	46508	Category:魔女 > 魔女を題材とした作品 > 魔女を題材としたコンピュータゲーム
en	Twilight Zone: The Movie	46494	Category:Witchcraft > Curses
en	Middle-earth	46393	Category:Witchcraft > Fiction about witchcraft > Middle-earth
en	Hocus Pocus (franchise)	46377	Category:Witchcraft > Fiction about witchcraft > Films about witchcraft
de	Das Chagrinleder	46346	Kategorie:Hexerei > Hexerei in der Kultur > Hexerei in Kunst und Literatur
es	Anexo:Miembros de la División Atomwaffen en los Estados Unidos que enfrentaron cargos penales	46346	Categoría:Brujería > Satanismo > Delitos relacionados con el satanismo u ocultismo
es	Debates religiosos sobre la serie Harry Potter	46309	Categoría:Brujería > Brujería en la ficción > Harry Potter
es	The Blair Witch Project	46262	Categoría:Brujería > Brujería en la ficción > Brujería en cine y televisión
it	Severus Piton	46212	Categoria:Stregoneria > Stregoni immaginari
fr	Procès des sorcières de Salem	46065	Catégorie:Sorcellerie > Sorcellerie féminine > Procès des sorcières de Salem
fr	Rosario + Vampire	45981	Catégorie:Sorcellerie > Sorcellerie dans l'art et la culture > Série télévisée sur la sorcellerie
fr	Ron Weasley	45873	Catégorie:Sorcellerie > Sorcellerie dans l'art et la culture > Magicien ou sorcier de fiction
en	DuckTales: Remastered	45858	Category:Witchcraft > Fiction about witchcraft > Video games about witchcraft
en	Deathstalker (1983 film)	45801	Category:Witchcraft > Fiction about witchcraft > Films about witchcraft
de	Tabaluga	45742	Kategorie:Sagengestalt > Fabelwesen > Drache
de	Wilhelm Tell	45652	Kategorie:Sagengestalt
en	Scary Godmother: Halloween Spooktakular	45592	Category:Witchcraft > Fiction about witchcraft > Films about witchcraft
de	Sebastian Röttinger	45447	Kategorie:Hexenverfolgung > Täter der Hexenverfolgung
de	Georg (Heiliger)	45446	Kategorie:Sagengestalt > Drachentöter
en	The Familiar of Zero	45429	Category:Witchcraft > Fiction about witchcraft > Anime and manga about witchcraft
en	Merseburg charms	45388	Category:Witchcraft > Incantation
fr	Docteur Fatalis	45270	Catégorie:Sorcellerie > Sorcellerie dans l'art et la culture > Magicien ou sorcier de fiction
en	Rigoletto	45185	Category:Witchcraft > Curses > Fiction about curses
ja	産女	45075	Category:魔女 > 山姥やハッグ
en	The Son of Seven Mothers	45010	Category:Witchcraft > Fiction about witchcraft > Witchcraft in fairy tales
de	Frau Holle	44957	Kategorie:Sagengestalt > Deutsche Sagengestalt
it	Shirō Emiya	44878	Categoria:Stregoneria > Stregoni immaginari
en	Clash of the Titans (2010 film)	44784	Category:Witchcraft > Fiction about witchcraft > Films about witchcraft
ja	シュガシュガルーン	44784	Category:魔女 > 魔女を題材とした作品 > 魔女を題材としたアニメ作品
fr	Remus Lupin	44706	Catégorie:Sorcellerie > Sorcellerie dans l'art et la culture > Magicien ou sorcier de fiction
fr	Main de gloire	44627	Catégorie:Sorcellerie > Sorcellerie dans l'art et la culture
es	Maldición de Cam	44599	Categoría:Brujería > Maldiciones
ru	Ведьмы в массовой культуре	44556	Категория:Ведьмы
en	Grace Sherwood	44536	Category:Witch trials > Witch trials in North America
de	Odin	44453	Kategorie:Sagengestalt > Germanische Sagengestalt
de	Prosa-Tristan	44439	Kategorie:Sagengestalt > Ritter der Tafelrunde
en	Masters of the Universe (1987 film)	44305	Category:Witchcraft > Fiction about witchcraft > Films about witchcraft
en	Three Books of Occult Philosophy	44043	Category:Witchcraft > Grimoires
en	Book of the Dead	43923	Category:Witchcraft > Incantation
en	Porius: A Romance of the Dark Ages	43908	Category:Witchcraft > Fiction about witchcraft > Modern Arthurian fiction
it	Sauron	43895	Categoria:Stregoneria > Stregoni immaginari
it	Elric di Melniboné	43893	Categoria:Stregoneria > Stregoni immaginari
ja	天からトルテ!	43833	Category:魔女 > 魔女を題材とした作品 > 魔女を題材とした漫画作品
es	Homicidio familiar de los Dardeen	43770	Categoría:Brujería > Satanismo > Abuso ritual satánico
en	Prunella (fairy tale)	43744	Category:Witchcraft > Fiction about witchcraft > Witchcraft in fairy tales
en	Stree (2018 film)	43566	Category:Witchcraft > Fiction about witchcraft > Films about witchcraft
de	Lilith	43539	Kategorie:Sagengestalt > Fabelwesen > Weibliches Fabelwesen
fr	Halloween 3	43500	Catégorie:Sorcellerie > Sorcellerie féminine > Film mettant en scène une sorcière
en	Satan's Slave (1976 film)	43421	Category:Witchcraft > Fiction about witchcraft > Films about witchcraft
en	Brocken	43416	Category:European witchcraft > Witchcraft in Germany
en	The Little Crab	43357	Category:Witchcraft > Fiction about witchcraft > Witchcraft in fairy tales
fr	Macrale	43287	Catégorie:Sorcellerie > Sorcellerie féminine
ja	黒猫と魔女の教室	43273	Category:魔女 > 魔女を題材とした作品 > 魔女を題材としたアニメ作品
en	Black Bull of Norroway	43264	Category:Witchcraft > Fiction about witchcraft > Witchcraft in fairy tales
es	Charmed (serie de televisión de 2018)	43200	Categoría:Brujería > Brujería en la ficción > Brujería en cine y televisión
ja	どきどき魔女神判2	43095	Category:魔女 > 魔女を題材とした作品 > 魔女を題材としたコンピュータゲーム
en	The Man and the Girl at the Underground Mansion	43018	Category:Witchcraft > Fiction about witchcraft > Witchcraft in fairy tales
en	The Witches (2020 film)	42943	Category:Witchcraft > Fiction about witchcraft > Films about witchcraft
en	Gundestrup cauldron	42929	Category:European witchcraft > Cauldrons
en	Simon Magus	42894	Category:Witchcraft > Witchcraft in folklore and mythology > Deal with the Devil
en	Night on Bald Mountain	42885	Category:European witchcraft > Witches' Sabbath
en	The Snow Queen	42802	Category:Witchcraft > Fiction about witchcraft > Witchcraft in fairy tales
de	Herakles	42734	Kategorie:Sagengestalt > Drachentöter
en	Nicholas Gaynesford	42696	Category:Witch trials > People accused of witchcraft > Elizabeth Woodville
en	Big Fish	42649	Category:Witchcraft > Fiction about witchcraft > Films about witchcraft
de	Wicked – Die Hexen von Oz (Musical)	42596	Kategorie:Hexenverfolgung > Hexenverfolgung in der Kultur
es	Familia Manson	42535	Categoría:Brujería > Satanismo > Delitos relacionados con el satanismo u ocultismo
de	Die Benandanti. Feldkulte und Hexenwesen im 16. und 17. Jahrhundert	42406	Kategorie:Hexenverfolgung
fr	Peer Gynt	42405	Catégorie:Sorcellerie > Sorcellerie dans l'art et la culture > Diable dans la fiction
en	Supergirl (1984 film)	42367	Category:Witchcraft > Fiction about witchcraft > Films about witchcraft
en	Modern witch hunts	42327	Category:Witchcraft > African witchcraft
es	Shang Tsung	42252	Categoría:Brujería > Brujos ficticios
fr	Hermione Granger	42159	Catégorie:Sorcellerie > Sorcellerie dans l'art et la culture > Magicien ou sorcier de fiction
ja	魔法少女隊アルス	42152	Category:魔女 > 魔女を題材とした作品 > 魔女を題材としたアニメ作品
en	Ipswich, Massachusetts	42082	Category:Witch trials > Witch trials in North America > Salem witch trials
en	The Family Circumstances of the Irregular Witch	42055	Category:Witchcraft > Fiction about witchcraft > Anime and manga about witchcraft
fr	Sorcières de Pendle	42055	Catégorie:Sorcellerie > Procès de sorcellerie > Procès de sorcellerie en Angleterre
en	Rebel Without a Cause	41990	Category:Witchcraft > Curses
fr	Norbert Dragonneau	41951	Catégorie:Sorcellerie > Sorcellerie dans l'art et la culture > Magicien ou sorcier de fiction
de	Spyro	41939	Kategorie:Sagengestalt > Fabelwesen > Drache
fr	The Witcher (série télévisée)	41910	Catégorie:Sorcellerie > Sorcellerie dans l'art et la culture > Série télévisée sur la sorcellerie
ja	幻日のヨハネ -SUNSHINE in the MIRROR-	41827	Category:魔女 > 魔女を題材とした作品 > 魔女を題材としたアニメ作品
en	Grimoire of Zero	41821	Category:Witchcraft > Fiction about witchcraft > Anime and manga about witchcraft
en	Hansel and Gretel	41810	Category:Witchcraft > Fiction about witchcraft > Witchcraft in fairy tales
en	Postpartum confinement	41786	Category:Witchcraft > Curses > Taboo
es	Sombras tenebrosas (serie de televisión)	41782	Categoría:Brujería > Brujería en la ficción > Brujería en cine y televisión
en	Once Upon a Witch's Death	41768	Category:Witchcraft > Fiction about witchcraft > Anime and manga about witchcraft
es	Amity Blight	41721	Categoría:Brujería > Brujos ficticios
de	Hexenprozesse in Ellwangen	41690	Kategorie:Hexenverfolgung > Hexenzeitung
de	Klaus Störtebeker	41573	Kategorie:Sagengestalt > Deutsche Sagengestalt
en	Phantom Manor	41543	Category:Witchcraft > Fiction about witchcraft
es	Medea (mitología)	41510	Categoría:Brujería
de	Hexenprozesse in der Grafschaft Werdenfels	41445	Kategorie:Hexenverfolgung > Hexenzeitung
en	Maat	41444	Category:Witchcraft > Incantation > Book of the Dead
fr	Groupe d'Ur	41442	Catégorie:Sorcellerie > Organisation qui s'intéresse à la magie
es	Diablo	41371	Categoría:Brujería
fr	Saroumane	41350	Catégorie:Sorcellerie > Sorcellerie dans l'art et la culture > Magicien ou sorcier de fiction
en	Niccolò Paganini	41291	Category:Witchcraft > Witchcraft in folklore and mythology > Deal with the Devil
en	Conan the Barbarian (2011 film)	41248	Category:Witchcraft > Fiction about witchcraft > Films about witchcraft
ja	魔法の鏡 (白雪姫)	41237	Category:魔女 > 魔女を題材とした作品 > 白雪姫
en	Atelier Escha & Logy: Alchemists of the Dusk Sky	41226	Category:Witchcraft > Fiction about witchcraft > Video games about witchcraft
es	Anexo:Demonios conocidos en la tradición judeocristiana	41148	Categoría:Brujería > Satanismo
es	Bowser	41111	Categoría:Brujería > Brujos ficticios
en	The Conjuring: The Devil Made Me Do It	41100	Category:Witchcraft > Fiction about witchcraft > Films about witchcraft
en	Ni no Kuni: Dominion of the Dark Djinn	41089	Category:Witchcraft > Fiction about witchcraft > Video games about witchcraft
es	Juicio de Juana de Arco	41065	Categoría:Brujería > Brujería por país > Brujería en Francia
fr	Sirius Black	41024	Catégorie:Sorcellerie > Sorcellerie dans l'art et la culture > Magicien ou sorcier de fiction
en	The Sims 2: Apartment Life	40976	Category:Witchcraft > Fiction about witchcraft > Video games about witchcraft
de	Weapons – Die Stunde des Verschwindens	40968	Kategorie:Hexerei > Hexerei in der Kultur > Hexerei im Film
fr	Grace Sherwood	40924	Catégorie:Sorcellerie > Sorcellerie par lieu > Sorcellerie en Amérique
ja	くたばれ!ヤンキース	40892	Category:魔女 > 魔女を題材とした作品
en	Blair Witch	40879	Category:Witchcraft > Fiction about witchcraft > Blair Witch
fr	Magical DoReMi	40706	Catégorie:Sorcellerie > Sorcellerie dans l'art et la culture > Série télévisée sur la sorcellerie
en	A Confederacy of Dunces	40685	Category:Witchcraft > Curses
en	Mother of Tears	40676	Category:Witchcraft > Fiction about witchcraft > Films about witchcraft
de	Ask und Embla	40550	Kategorie:Sagengestalt > Germanische Sagengestalt
fr	Épiphanie	40468	Catégorie:Sorcellerie > Magicien ou sorcier de légende > Rois mages
en	The Addams Family (1991 film)	40454	Category:Witchcraft > Fiction about witchcraft > Films about witchcraft
it	Homura Akemi	40440	Categoria:Stregoneria > Streghe nelle opere di fantasia
de	Tchamba (Kult)	40241	Kategorie:Sagengestalt > Fabelwesen > Geistwesen
en	Rumpelstiltskin	40235	Category:European witchcraft > Imps
de	Chilling Adventures of Sabrina	40098	Kategorie:Hexerei > Hexerei in der Kultur > Hexerei im Film
es	Tres brujas	40072	Categoría:Brujería > Brujos ficticios
fr	Mandragore	40029	Catégorie:Sorcellerie > Plante utilisée en sorcellerie
ja	英雄伝説III 白き魔女	39928	Category:魔女 > 魔女を題材とした作品 > 魔女を題材としたコンピュータゲーム
en	Venetian Holy Inquisition	39669	Category:Witch trials > Witch trials in Europe > Witch trials in Italy
en	Witchcraft in North America	39665	Category:Witchcraft > American witchcraft
fr	Penny Dreadful (série télévisée)	39615	Catégorie:Sorcellerie > Sorcellerie dans l'art et la culture > Série télévisée sur la sorcellerie
it	Amelia (Disney)	39586	Categoria:Stregoneria > Streghe nelle opere di fantasia
en	Izetta: The Last Witch	39573	Category:Witchcraft > Fiction about witchcraft > Anime and manga about witchcraft
ja	ヴィーナス&ブレイブス〜魔女と女神と滅びの予言〜	39559	Category:魔女 > 魔女を題材とした作品 > 魔女を題材としたコンピュータゲーム
fr	Raiponce (film, 2010)	39512	Catégorie:Sorcellerie > Sorcellerie féminine > Film mettant en scène une sorcière
en	Wethersfield, Connecticut	39501	Category:Witchcraft > American witchcraft
en	Rachel Dyer	39500	Category:Witchcraft > Curses > Fiction about curses
fr	Le Monde fantastique d'Oz	39405	Catégorie:Sorcellerie > Sorcellerie féminine > Film mettant en scène une sorcière
en	The Frog Princess	39372	Category:Witchcraft > Fiction about witchcraft > Witchcraft in fairy tales
en	Witchboard	39351	Category:Witchcraft > Fiction about witchcraft > Films about witchcraft
en	La Fada Morgana	39310	Category:Witchcraft > Fiction about witchcraft > Witchcraft in fairy tales
en	The Bird That Spoke the Truth	39209	Category:Witchcraft > Fiction about witchcraft > Witchcraft in fairy tales
en	Ready or Not (2019 film)	39151	Category:Witchcraft > Witchcraft in folklore and mythology > Deal with the Devil
de	Moderne Hexenverfolgung	39114	Kategorie:Hexerei > Moderne Hexenverfolgung
de	Doctor Strange (2016)	39077	Kategorie:Hexerei > Hexerei in der Kultur > Hexerei im Film
es	Sonido de libertad	39073	Categoría:Brujería > Satanismo > QAnon
en	Magikano	39050	Category:Witchcraft > Fiction about witchcraft > Anime and manga about witchcraft
en	Trial of Joan of Arc	38956	Category:Witch trials > Witch trials in Europe > Witch trials in France
en	King's Quest IV	38950	Category:Witchcraft > Fiction about witchcraft > Video games about witchcraft
fr	Aleister Crowley	38938	Catégorie:Sorcellerie > Organisation qui s'intéresse à la magie > Ordo Templi Orientis
fr	L'Au-delà	38907	Catégorie:Sorcellerie > Sorcellerie dans l'art et la culture > Film sur la sorcellerie
es	Circe (cómic)	38899	Categoría:Brujería > Brujos ficticios > Brujas de DC Comics
es	Caza de brujas moderna	38869	Categoría:Brujería > Procesos por brujería
en	SaGa: Emerald Beyond	38865	Category:Witchcraft > Fiction about witchcraft > Video games about witchcraft
en	Rapunzel	38722	Category:Witchcraft > Fiction about witchcraft > Witchcraft in fairy tales
en	Mahō no Mako-chan	38648	Category:Witchcraft > Fiction about witchcraft > Anime and manga about witchcraft
en	King Arthur: Legend of the Sword	38648	Category:Witchcraft > Fiction about witchcraft > Films about witchcraft
it	Saruman	38580	Categoria:Stregoneria > Stregoni immaginari
ja	神椿市建設中。	38571	Category:魔女 > 魔女を題材とした作品 > 魔女を題材としたアニメ作品
en	Negima! Magister Negi Magi	38563	Category:Witchcraft > Fiction about witchcraft > Anime and manga about witchcraft
en	Gabriel Knight: Sins of the Fathers	38493	Category:Witchcraft > Fiction about witchcraft > Video games about witchcraft
fr	Blanche Neige (film, 2025)	38411	Catégorie:Sorcellerie > Sorcellerie féminine > Film mettant en scène une sorcière
en	47 Ronin (2013 film)	38219	Category:Witchcraft > Fiction about witchcraft > Films about witchcraft
fr	Sabbat des chats	38207	Catégorie:Sorcellerie
sv	Jeanne d'Arc	38157	Kategori:Häxprocesser > Personer som blivit avrättade för häxeri
ja	ドルーデ	38152	Category:魔女 > 山姥やハッグ
ja	靴ずれ戦線 -魔女ワーシェンカの戦争-	38120	Category:魔女 > 魔女を題材とした作品 > 魔女を題材とした漫画作品
en	The Dark Is Rising Sequence	38042	Category:Witchcraft > Fiction about witchcraft > Modern Arthurian fiction
fr	Hansel et Gretel : Witch Hunters	37976	Catégorie:Sorcellerie > Sorcellerie féminine > Film mettant en scène une sorcière
es	Bewitched	37954	Categoría:Brujería > Brujos ficticios
es	Charles Walton (víctima de asesinato)	37939	Categoría:Brujería > Satanismo > Delitos relacionados con el satanismo u ocultismo
en	Three Witches	37927	Category:Witchcraft > Fiction about witchcraft > Witchcraft in written fiction
en	Charles Borromeo	37922	Category:Witch trials > Witch trials in Europe > Witch trials in Italy
en	Witchboard (2024 film)	37866	Category:Witchcraft > Fiction about witchcraft > Films about witchcraft
en	Kill, Baby, Kill	37805	Category:Witchcraft > Fiction about witchcraft > Films about witchcraft
de	Hexenverfolgung in Lemgo	37799	Kategorie:Hexenverfolgung > Hexenverfolgung nach räumlicher Zuordnung > Hexenprozesse in Deutschland
en	Flying Dutchman	37773	Category:Witchcraft > Curses
es	Zeena Schreck	37688	Categoría:Brujería > Satanismo > Iglesia de Satán
fr	Phoebe Halliwell	37643	Catégorie:Sorcellerie > Sorcellerie dans l'art et la culture > Magicien ou sorcier de fiction
ja	シャンピニオンの魔女	37631	Category:魔女 > 魔女を題材とした作品 > 魔女を題材としたアニメ作品
en	Groac'h	37622	Category:Witchcraft > Witchcraft in folklore and mythology > Witches in folklore
de	Keltische Gottheiten	37557	Kategorie:Sagengestalt > Keltische Sagengestalt > Keltische Gottheit
en	Robert Calef	37459	Category:Witchcraft > Witch hunting > Critics of witch hunting
fr	Legacies	37417	Catégorie:Sorcellerie > Sorcellerie dans l'art et la culture > Série télévisée sur la sorcellerie
fr	Flying Witch	37396	Catégorie:Sorcellerie > Sorcellerie dans l'art et la culture > Sorcellerie dans la bande dessinée
es	Magia y brujería en México	37374	Categoría:Brujería > Brujería en América
en	Ancestral sin	37365	Category:Witchcraft > Curses
ru	Кирка (мифология)	37353	Категория:Ведьмы
en	Kyuukyuu Sentai GoGoFive	37326	Category:European witchcraft > Imps
en	Descendants (2015 film)	37277	Category:Witchcraft > Fiction about witchcraft > Films about witchcraft
en	Return to Oz	37229	Category:Witchcraft > Fiction about witchcraft > Films about witchcraft
es	Dave Mustaine	37228	Categoría:Brujería > Satanismo > Conversos al cristianismo desde el satanismo u ocultismo
en	Witch trials in early modern Scotland	37196	Category:Witch trials > Witch trials in Europe > Witch trials in Scotland
en	Atelier Ayesha: The Alchemist of Dusk	37155	Category:Witchcraft > Fiction about witchcraft > Video games about witchcraft
de	Dodo (Kult)	37151	Kategorie:Sagengestalt > Fabelwesen > Geistwesen
es	Emma Swan	37103	Categoría:Brujería > Brujos ficticios
es	Abuso ritual satánico	37103	Categoría:Brujería > Satanismo > Abuso ritual satánico
en	The Muppets' Wizard of Oz	37096	Category:Witchcraft > Fiction about witchcraft > Films about witchcraft
fr	Madame de Montespan	37079	Catégorie:Sorcellerie > Sorcellerie féminine > Affaire des poisons
fr	Wandering Witch	37074	Catégorie:Sorcellerie > Sorcellerie dans l'art et la culture > Série télévisée sur la sorcellerie
it	Hermione Granger	37033	Categoria:Stregoneria > Streghe nelle opere di fantasia
en	The Huntsman: Winter's War	37012	Category:Witchcraft > Fiction about witchcraft > Films about witchcraft
en	Leo Igwe	36962	Category:Witchcraft > Modern witchcraft > Modern witch hunts
en	Life-Size	36960	Category:Witchcraft > Fiction about witchcraft > Films about witchcraft
ja	はめつのおうこく	36957	Category:魔女 > 魔女を題材とした作品 > 魔女を題材としたアニメ作品
it	Mago Merlino	36904	Categoria:Stregoneria > Stregoni immaginari
en	Prince of Persia: The Forgotten Sands (Wii)	36896	Category:Witchcraft > Fiction about witchcraft > Video games about witchcraft
en	L'Histoire du soldat	36859	Category:Witchcraft > Witchcraft in folklore and mythology > Deal with the Devil
en	Dororo	36853	Category:Witchcraft > Curses > Fiction about curses
en	Curse and mark of Cain	36813	Category:Witchcraft > Curses
en	Good Omens	36806	Category:Witchcraft > Fiction about witchcraft > Witch hunting in fiction
de	Hexenverfolgung im Waadtland	36795	Kategorie:Hexenverfolgung > Hexenverfolgung nach räumlicher Zuordnung
en	The Chronicles of Prydain	36730	Category:Witchcraft > Fiction about witchcraft > Witchcraft in written fiction
ru	Акеларре	36680	Категория:Ведьмы
ja	18if	36659	Category:魔女 > 魔女を題材とした作品 > 魔女を題材としたアニメ作品
en	Death of James Dean	36624	Category:Witchcraft > Curses
en	Earwig and the Witch	36596	Category:Witchcraft > Fiction about witchcraft > Anime and manga about witchcraft
en	Isobel Gowdie	36586	Category:Witch trials > People accused of witchcraft > People convicted of witchcraft
de	Daniel von dem blühenden Tal	36567	Kategorie:Sagengestalt > Fabelwesen
en	Viy (story)	36561	Category:Witchcraft > Fiction about witchcraft > Witchcraft in written fiction
en	Bible Black	36536	Category:Witchcraft > Fiction about witchcraft > Video games about witchcraft
en	Pyramid Texts	36496	Category:Witchcraft > Incantation > Book of the Dead
en	The Addams Family (2019 film)	36463	Category:Witchcraft > Fiction about witchcraft > Films about witchcraft
fr	Déesse Mère	36443	Catégorie:Sorcellerie > Sorcellerie contemporaine > Wicca
es	Asesinato ritual	36368	Categoría:Brujería
en	Saul (Handel)	36364	Category:Witchcraft > Judaism and witchcraft > Witch of Endor
fr	Katherine Pierce	36353	Catégorie:Sorcellerie > Sorcellerie dans l'art et la culture > Diable dans la fiction
en	Tolkien fan fiction	36352	Category:Witchcraft > Fiction about witchcraft > Middle-earth
es	Encantadora	36313	Categoría:Brujería > Brujos ficticios > Brujas de Marvel Comics
fr	Little Witch Academia	36270	Catégorie:Sorcellerie > Sorcellerie dans l'art et la culture > Sorcellerie dans la bande dessinée
fr	Sorcellerie chez Goya	36040	Catégorie:Sorcellerie > Sorcellerie féminine
en	Dororo (1969 TV series)	36011	Category:Witchcraft > Curses > Fiction about curses
es	Motherland: Fort Salem	35903	Categoría:Brujería > Brujería en la ficción > Brujería en cine y televisión
en	Lutzelfrau	35902	Category:Witchcraft > Witchcraft by country > Witchcraft in Germany
en	La hija de Cólquide	35822	Category:Witchcraft > Fiction about witchcraft > Works about Medea
en	Symphonie fantastique	35800	Category:European witchcraft > Witches' Sabbath
en	The Killer Bride	35792	Category:Witchcraft > Curses > Fiction about curses
de	Werwolf	35704	Kategorie:Sagengestalt > Fabelwesen > Fabeltier
en	Curse of the Bambino	35576	Category:Witchcraft > Curses > Sports-related curses
de	The Magicians (Fernsehserie)	35572	Kategorie:Hexerei > Hexerei in der Kultur > Hexerei im Film
en	Befana	35568	Category:European witchcraft > Witchcraft in Italy
it	Jaina Marefiero	35568	Categoria:Stregoneria > Stregoni immaginari
ja	でこぼこ魔女の親子事情	35479	Category:魔女 > 魔女を題材とした作品 > 魔女を題材としたアニメ作品
en	The Girl as Soldier	35455	Category:Witchcraft > Fiction about witchcraft > Witchcraft in fairy tales
en	Casca (series)	35438	Category:Witchcraft > Curses > Fiction about curses
it	Dottor Strange (Marvel Cinematic Universe)	35400	Categoria:Stregoneria > Stregoni immaginari
en	Witches' Sabbath	35378	Category:European witchcraft
en	Black Mass	35373	Category:European witchcraft
de	Harry Potter und die Heiligtümer des Todes – Teil 1	35333	Kategorie:Hexerei > Hexerei in der Kultur > Hexerei im Film
en	Bhairava Dweepam	35333	Category:Witchcraft > Fiction about witchcraft > Films about witchcraft
en	A Connecticut Yankee in King Arthur's Court	35236	Category:Witchcraft > Fiction about witchcraft > Modern Arthurian fiction
es	Brujería vasca	35183	Categoría:Brujería > Brujería por país > Brujería en España
es	Geografía de la Tierra Media	35181	Categoría:Brujería > Brujería en la ficción > Tierra Media
fr	La Longue Nuit de l'exorcisme	35168	Catégorie:Sorcellerie > Sorcellerie féminine > Film mettant en scène une sorcière
en	The Tale About Baba-Yaga	35131	Category:Witchcraft > Fiction about witchcraft > Witchcraft in fairy tales
en	Asian witchcraft	35123	Category:Witchcraft > Asian witchcraft
it	Satoru Gojo	35013	Categoria:Stregoneria > Stregoni immaginari
en	Wicked (Maguire novel)	34981	Category:Witchcraft > Fiction about witchcraft > Witchcraft in written fiction
en	Psalm 109	34912	Category:Witchcraft > Curses
ja	人魚姫	34849	Category:魔女 > 魔女を題材とした作品 > 人魚姫
ja	魔男のイチ	34840	Category:魔女 > 魔女を題材とした作品 > 魔女を題材とした漫画作品
en	The Haunted Mansion (2003 film)	34805	Category:Witchcraft > Fiction about witchcraft > Films about witchcraft
ja	時計仕掛けのレイライン	34677	Category:魔女 > 魔女を題材とした作品 > 魔女を題材としたコンピュータゲーム
en	Cotton Rock n' Roll: Superlative Night Dreams	34605	Category:Witchcraft > Fiction about witchcraft > Cotton (series)
en	Descendants 2	34567	Category:Witchcraft > Fiction about witchcraft > Films about witchcraft
en	The Mists of Avalon	34559	Category:Witchcraft > Fiction about witchcraft > Modern Arthurian fiction
en	The Tragedy of Arthur	34545	Category:Witchcraft > Fiction about witchcraft > Modern Arthurian fiction
it	Ursula (Disney)	34537	Categoria:Stregoneria > Streghe nelle opere di fantasia
de	Nekomata	34502	Kategorie:Sagengestalt > Fabelwesen > Blutsauger
es	Magik	34445	Categoría:Brujería > Brujos ficticios
en	The Little Mermaid	34436	Category:Witchcraft > Fiction about witchcraft > Witchcraft in fairy tales
en	Nahanni National Park Reserve	34412	Category:Witchcraft > Curses
ja	ロザリーン・ノートン	34410	Category:魔女
en	Code Geass: Akito the Exiled	34403	Category:Witchcraft > Curses > Fiction about curses
en	My Immortal (fan fiction)	34364	Category:Witchcraft > Fiction about witchcraft > Witchcraft in written fiction
fr	Meurtre rituel	34323	Catégorie:Sorcellerie
ja	キルケー	34268	Category:魔女
ja	サブリナ (テレビドラマ)	34226	Category:魔女 > 魔女を題材とした作品 > 魔女を題材としたテレビドラマ
en	Sebile	34141	Category:European witchcraft > Witchcraft in Italy
de	Harry Potter (Fernsehserie)	34099	Kategorie:Hexerei > Hexerei in der Kultur > Hexerei im Film
en	Snow White's Enchanted Wish	34081	Category:Witchcraft > Fiction about witchcraft
en	Bullet Witch	34064	Category:Witchcraft > Fiction about witchcraft > Video games about witchcraft
en	The Night Battles	34007	Category:European witchcraft > Witchcraft in Italy
fr	Mona Fandey	33960	Catégorie:Sorcellerie > Sorcellerie par lieu > Sorcellerie en Asie
de	Die Nebel von Avalon	33949	Kategorie:Hexerei > Hexerei in der Kultur > Hexerei in Kunst und Literatur
en	Season of the Witch (2011 film)	33936	Category:Witchcraft > Fiction about witchcraft > Films about witchcraft
it	Jafar	33903	Categoria:Stregoneria > Stregoni immaginari
fr	Possessions d'Aix-en-Provence	33897	Catégorie:Sorcellerie > Sorcellerie féminine
de	Guillaume Adeline	33830	Kategorie:Hexenverfolgung > Gegner der Hexenverfolgung
en	Aradia, or the Gospel of the Witches	33826	Category:Witchcraft > Grimoires
ja	八神くんの家庭の事情	33799	Category:魔女 > 魔女を題材とした作品 > 魔女を題材としたテレビドラマ
ja	いってみよう やってみよう	33676	Category:魔女 > 魔女を題材とした作品
de	Phantastische Tierwesen: Dumbledores Geheimnisse	33667	Kategorie:Hexerei > Hexerei in der Kultur > Hexerei im Film
en	Incest taboo	33655	Category:Witchcraft > Curses > Taboo
en	The Children of Húrin	33627	Category:Witchcraft > Curses > Fiction about curses
fr	Luz à Osville	33580	Catégorie:Sorcellerie > Sorcellerie dans l'art et la culture > Série télévisée sur la sorcellerie
en	Witch hunts in Nepal	33553	Category:Witchcraft > Modern witchcraft > Modern witch hunts
en	Inferno (1980 film)	33505	Category:Witchcraft > Fiction about witchcraft > Films about witchcraft
en	Tweeny Witches	33466	Category:Witchcraft > Curses > Fiction about curses
es	La bruja (película de 2015)	33441	Categoría:Brujería > Brujería en la ficción > Brujería en cine y televisión
ja	メメントモリ (ゲーム)	33428	Category:魔女 > 魔女を題材とした作品 > 魔女を題材としたコンピュータゲーム
en	Balaam	33377	Category:Witchcraft > Curses
en	Clash of the Titans (1981 film)	33375	Category:Witchcraft > Fiction about witchcraft > Films about witchcraft
en	Murder for body parts	33369	Category:Witchcraft > African witchcraft
de	The Hollow of the Three Hills	33355	Kategorie:Hexenverfolgung > Hexenverfolgung in der Kultur > Hexenverfolgung in der Literatur
it	Aradia, o il Vangelo delle Streghe	33337	Categoria:Stregoneria > Opere letterarie sulla stregoneria
fr	Procès de sorcellerie du Valais	33308	Catégorie:Sorcellerie > Sorcellerie féminine
en	Kelpie	33303	Category:Witchcraft > Curses
fr	Marie-Madeleine Dreux d'Aubray	33297	Catégorie:Sorcellerie > Sorcellerie féminine > Affaire des poisons
de	Hexe	33294	Kategorie:Hexenverfolgung
fr	Le Projet Blair Witch	33260	Catégorie:Sorcellerie > Sorcellerie féminine > Film mettant en scène une sorcière
en	Dreamtime (book)	33230	Category:Witchcraft > Books about witchcraft
en	Juglans regia	33208	Category:European witchcraft > Witches' Sabbath
fr	The Witch (film, 2015)	33183	Catégorie:Sorcellerie > Sorcellerie féminine > Film mettant en scène une sorcière
fr	Randall Flagg	33083	Catégorie:Sorcellerie > Sorcellerie dans l'art et la culture > Magicien ou sorcier de fiction
en	Champignon Witch	33080	Category:Witchcraft > Fiction about witchcraft > Anime and manga about witchcraft
en	Terror (1978 film)	33076	Category:Witchcraft > Fiction about witchcraft > Films about witchcraft
de	Anton Praetorius	33049	Kategorie:Hexenverfolgung > Gegner der Hexenverfolgung
en	Lego Dimensions	33040	Category:Witchcraft > Fiction about witchcraft > Video games about witchcraft
en	Good Witch (franchise)	32987	Category:Witchcraft > Fiction about witchcraft > Films about witchcraft
en	Flying ointment	32964	Category:European witchcraft
ja	ルミナスアーク	32916	Category:魔女 > 魔女を題材とした作品 > 魔女を題材としたコンピュータゲーム
it	Maciara	32893	Categoria:Stregoneria
es	Sebile	32892	Categoría:Brujería > Brujos ficticios
en	Danvers, Massachusetts	32884	Category:Witch trials > Witch trials in North America > Salem witch trials
de	Homunkulus	32882	Kategorie:Sagengestalt > Fabelwesen
en	The Tale of the Little Dog	32828	Category:Witchcraft > Fiction about witchcraft > Witchcraft in fairy tales
de	Simon Gogräve	32795	Kategorie:Hexenverfolgung > Gegner der Hexenverfolgung
ru	Босорка	32765	Категория:Ведьмы
es	Kore wa Zombie Desu ka?	32712	Categoría:Brujería > Zombis > Zombis en la historieta
en	Tales of Berseria	32710	Category:Witchcraft > Fiction about witchcraft > Video games about witchcraft
en	Curse of the Billy Goat	32603	Category:Witchcraft > Curses > Sports-related curses
en	Amabie	32567	Category:Witchcraft > Witchcraft in folklore and mythology
en	Häxan	32564	Category:Witchcraft > Fiction about witchcraft > Films about witchcraft
en	Frau Holle	32556	Category:Witchcraft > Witchcraft in folklore and mythology
en	Teen Witch	32543	Category:Witchcraft > Fiction about witchcraft > Films about witchcraft
en	White-Bear-King-Valemon	32526	Category:Witchcraft > Fiction about witchcraft > Witchcraft in fairy tales
en	Tales of Halloween	32514	Category:Witchcraft > Fiction about witchcraft > Films about witchcraft
en	Mona Fandey	32484	Category:Witchcraft > Asian witchcraft
en	The Last Witch Hunter	32472	Category:Witchcraft > Fiction about witchcraft > Films about witchcraft
it	Processo alle streghe di Salem	32456	Categoria:Stregoneria > Processi per stregoneria
it	Lluvia Loxar	32426	Categoria:Stregoneria > Streghe nelle opere di fantasia
ru	Ведьма	32416	Категория:Ведьмы
en	Grimoire	32401	Category:Witchcraft > Grimoires
es	Madame Xanadu	32309	Categoría:Brujería > Brujos ficticios > Brujas de DC Comics
fr	Natsu Dragnir	32290	Catégorie:Sorcellerie > Sorcellerie dans l'art et la culture > Magicien ou sorcier de fiction
es	Agatha Harkness (cómic)	32276	Categoría:Brujería > Brujos ficticios > Brujas de Marvel Comics
en	Agatha All Along (song)	32261	Category:Witchcraft > Fiction about witchcraft > Songs about witches
ja	STELLA GLOW	32248	Category:魔女 > 魔女を題材とした作品 > 魔女を題材としたコンピュータゲーム
de	Marpesia und Lampeto	32211	Kategorie:Sagengestalt > Mythischer Herrscher > Königin der griechischen Mythologie
en	Voldemort effect	32176	Category:Witchcraft > Curses > Taboo
en	Chinese sorcery scares	32147	Category:Witchcraft > Witch hunting
it	Yuji Itadori	32118	Categoria:Stregoneria > Stregoni immaginari
en	Sihuanaba	32102	Category:Witchcraft > Curses
de	Blair Witch Project	32064	Kategorie:Hexerei > Hexerei in der Kultur > Hexerei im Film
en	The Six Swans	32007	Category:Witchcraft > Fiction about witchcraft > Witchcraft in fairy tales
en	Witch's milk	31988	Category:European witchcraft
de	Hostienfrevel	31916	Kategorie:Hexenverfolgung
fr	Sorcières de Samlesbury	31857	Catégorie:Sorcellerie > Procès de sorcellerie > Procès de sorcellerie en Angleterre
es	Frau Holle	31765	Categoría:Brujería > Magia y brujería en folclore y mitología
es	Doom 3	31760	Categoría:Brujería > Satanismo > Videojuegos de satanismo
fr	Witchcraft Works	31759	Catégorie:Sorcellerie > Sorcellerie dans l'art et la culture > Série télévisée sur la sorcellerie
en	The Dunwich Horror	31753	Category:Witchcraft > Fiction about witchcraft > Witchcraft in written fiction
en	Giasone	31648	Category:Witchcraft > Fiction about witchcraft > Works about Medea
ja	ウェンズデー (テレビドラマ)	31647	Category:魔女 > 魔女を題材とした作品 > 魔女狩りを題材とした作品
es	Visión cristiana sobre la magia	31627	Categoría:Brujería
de	Merlin – Die neuen Abenteuer	31595	Kategorie:Hexerei > Hexerei in der Kultur > Hexerei im Film
en	Ready or Not 2: Here I Come	31589	Category:Witchcraft > Witchcraft in folklore and mythology > Deal with the Devil
es	Anexo:Personas ejecutadas por brujería	31545	Categoría:Brujería > Procesos por brujería > Ejecutados por brujería
de	Iwein	31496	Kategorie:Sagengestalt > Ritter der Tafelrunde
en	Yami to Bōshi to Hon no Tabibito	31468	Category:Witchcraft > Fiction about witchcraft > Anime and manga about witchcraft
es	Koopalines	31461	Categoría:Brujería > Brujos ficticios
en	War Witch	31362	Category:Witchcraft > African witchcraft
en	Super Mario Land 2: 6 Golden Coins	31356	Category:Witchcraft > Fiction about witchcraft > Video games about witchcraft
es	Lucas 22	31340	Categoría:Brujería > Satanismo
en	Paranormal Activity 4	31326	Category:Witchcraft > Fiction about witchcraft > Films about witchcraft
fr	Völva	31272	Catégorie:Sorcellerie > Magicien ou sorcier de légende
en	Witch of Endor	31253	Category:Witchcraft > Judaism and witchcraft > Witch of Endor
en	Lamanites	31233	Category:Witchcraft > Curses
en	The Goddess Girls	31223	Category:Witchcraft > Fiction about witchcraft > Works about Medea
en	Kennedy curse	31165	Category:Witchcraft > Curses
fr	Goétie	31146	Catégorie:Sorcellerie
es	The Last of Us: American Dreams	31102	Categoría:Brujería > Zombis > Zombis en la historieta
ja	マクベス (シェイクスピア)	31019	Category:魔女 > 魔女を題材とした作品
ja	九人の魔女	31003	Category:魔女
de	Krabat (Sage)	30986	Kategorie:Hexerei > Hexerei in der Kultur
de	Julius Echter von Mespelbrunn	30933	Kategorie:Hexenverfolgung > Täter der Hexenverfolgung
en	Ordeal of the bitter water	30927	Category:Witchcraft > Curses
en	Taboo	30911	Category:Witchcraft > Curses > Taboo
en	Rhapsody: A Musical Adventure	30906	Category:Witchcraft > Fiction about witchcraft > Video games about witchcraft
en	Ancient Egyptian conception of the soul	30886	Category:Witchcraft > Incantation > Book of the Dead
fr	Stardust, le mystère de l'étoile	30826	Catégorie:Sorcellerie > Sorcellerie féminine > Film mettant en scène une sorcière
fr	Rubeus Hagrid	30790	Catégorie:Sorcellerie > Sorcellerie dans l'art et la culture > Magicien ou sorcier de fiction
ja	桃色サバス	30755	Category:魔女 > 魔女を題材とした作品 > 魔女を題材とした漫画作品
en	Christian views on magic	30731	Category:Witchcraft
fr	Hérédité (film, 2018)	30605	Catégorie:Sorcellerie > Sorcellerie dans l'art et la culture > Film sur la sorcellerie
en	Fear Street Part One: 1994	30567	Category:Witchcraft > Fiction about witchcraft > Films about witchcraft
en	Cunning folk	30534	Category:European witchcraft
en	Legends and myths regarding the Titanic	30520	Category:Witchcraft > Curses
ja	魔女	30501	Category:魔女
fr	A Discovery of Witches	30489	Catégorie:Sorcellerie > Sorcellerie dans l'art et la culture > Série télévisée sur la sorcellerie
fr	Sorcellerie en Auvergne	30477	Catégorie:Sorcellerie > Sorcellerie par lieu > Sorcellerie en France
fr	Neuf sorcières	30469	Catégorie:Sorcellerie > Magicien ou sorcier de légende
ja	グッド・オーメンズ (テレビドラマ)	30413	Category:魔女 > 魔女を題材とした作品 > 魔女を題材としたテレビドラマ
en	King's Quest II	30386	Category:Witchcraft > Fiction about witchcraft > Video games about witchcraft
es	Mona Fandey	30313	Categoría:Brujería > Brujas (brujería)
en	Black cat	30290	Category:European witchcraft > Familiars
sv	Häxprocesser i Sverige	30277	Kategori:Häxprocesser > Häxprocesser i Europa > Häxprocesser i Sverige
de	Martin Anton Delrio	30256	Kategorie:Hexenverfolgung > Täter der Hexenverfolgung > Hexentheoretiker
es	Brujas de Pendle	30256	Categoría:Brujería > Procesos por brujería > Ejecutados por brujería
de	Grimoire	30227	Kategorie:Hexenverfolgung
en	Macbeth (2015 film)	30214	Category:Witchcraft > Fiction about witchcraft > Films about witchcraft
fr	Helluva Boss	30184	Catégorie:Sorcellerie > Sorcellerie dans l'art et la culture > Diable dans la fiction
en	Return to Halloweentown	30182	Category:Witchcraft > Fiction about witchcraft > Films about witchcraft
de	Harald I. (Norwegen)	30166	Kategorie:Sagengestalt > Figur der Färingersaga
fr	Luna Lovegood	30145	Catégorie:Sorcellerie > Sorcellerie dans l'art et la culture > Magicien ou sorcier de fiction
fr	Docteur Strange	30101	Catégorie:Sorcellerie > Sorcellerie dans l'art et la culture > Magicien ou sorcier de fiction
en	Lee Cronin's The Mummy	30089	Category:Witchcraft > Fiction about witchcraft > Films about witchcraft
en	Davy Jones (Pirates of the Caribbean)	30047	Category:Witchcraft > Curses > Flying Dutchman
en	Impact of Tolkien's Middle-earth writings	30025	Category:Witchcraft > Fiction about witchcraft > Middle-earth
de	Rübezahl	29946	Kategorie:Sagengestalt
fr	Belladone	29922	Catégorie:Sorcellerie > Plante utilisée en sorcellerie
en	Ms. Pac-Man Maze Madness	29886	Category:Witchcraft > Fiction about witchcraft > Video games about witchcraft
ja	メーデイア	29883	Category:魔女
en	Superman curse	29879	Category:Witchcraft > Curses
en	Dido and Aeneas	29823	Category:Witchcraft > Fiction about witchcraft
en	Beautiful Creatures (2013 film)	29809	Category:Witchcraft > Fiction about witchcraft > Films about witchcraft
es	Klarion	29735	Categoría:Brujería > Brujos ficticios
de	Hexenprozesse von Salem	29707	Kategorie:Hexenverfolgung > Hexenverfolgung nach räumlicher Zuordnung
en	Saint-Hippolyte, Haut-Rhin	29694	Category:Witch trials > Witch trials in Europe > Witch trials in France
en	Drude	29692	Category:European witchcraft > Witchcraft in Germany
en	Kuda-gitsune	29663	Category:European witchcraft > Familiars
de	Jean Bodin	29634	Kategorie:Hexenverfolgung > Täter der Hexenverfolgung > Hexentheoretiker
fr	Merlin (série télévisée)	29596	Catégorie:Sorcellerie > Magicien ou sorcier de légende > Merlin
en	Hell Girl	29587	Category:Witchcraft > Fiction about witchcraft > Anime and manga about witchcraft
en	Wario (series)	29545	Category:Witchcraft > Fiction about witchcraft > Video games about witchcraft
de	Sophie im Schloss des Zauberers	29544	Kategorie:Hexerei > Hexerei in der Kultur > Hexerei in Kunst und Literatur
fr	Malle Babbe	29533	Catégorie:Sorcellerie > Sorcellerie dans l'art et la culture > Sorcellerie dans la peinture
ja	アーヤと魔女	29531	Category:魔女 > 魔女を題材とした作品 > 魔女を題材としたアニメ作品
en	The Ballad of the Witches' Road	29520	Category:Witchcraft > Fiction about witchcraft > Songs about witches
en	Feminist interpretations of witch trials in the early modern period	29494	Category:Witch trials
de	Flaschengeist	29481	Kategorie:Sagengestalt
ja	ある魔女が死ぬまで	29439	Category:魔女 > 魔女を題材とした作品 > 魔女を題材とした小説
fr	Opération peur	29420	Catégorie:Sorcellerie > Sorcellerie féminine > Film mettant en scène une sorcière
en	The Love Witch	29388	Category:Witchcraft > Fiction about witchcraft > Films about witchcraft
fr	Eragon (personnage)	29369	Catégorie:Sorcellerie > Sorcellerie dans l'art et la culture > Magicien ou sorcier de fiction
ja	どきどき魔女神判!	29363	Category:魔女 > 魔女を題材とした作品 > 魔女を題材としたコンピュータゲーム
en	An American Haunting	29342	Category:Witchcraft > Fiction about witchcraft > Films about witchcraft
it	Skeletor	29311	Categoria:Stregoneria > Stregoni immaginari
en	To the Devil a Daughter	29297	Category:Witchcraft > Fiction about witchcraft > Films about witchcraft
de	Wandering Witch: The Journey of Elaina	29285	Kategorie:Hexerei > Hexerei in der Kultur > Hexerei im Film
fr	The Mandela Catalogue	29277	Catégorie:Sorcellerie > Sorcellerie dans l'art et la culture > Diable dans la fiction
fr	Sabrina, l'apprentie sorcière (série télévisée)	29268	Catégorie:Sorcellerie > Sorcellerie dans l'art et la culture > Série télévisée sur la sorcellerie
ru	Дайер, Молл	29253	Категория:Ведьмы
de	Drachenboot	29235	Kategorie:Sagengestalt > Fabelwesen > Drache
fr	Gellert Grindelwald	29233	Catégorie:Sorcellerie > Sorcellerie dans l'art et la culture > Magicien ou sorcier de fiction
it	Willow Rosenberg	29153	Categoria:Stregoneria > Streghe nelle opere di fantasia
en	Pella curse tablet	29124	Category:European witchcraft
en	Etsy witches	29122	Category:Witchcraft > Modern witchcraft > Neopagan witchcraft
fr	Taram et le Chaudron magique	29121	Catégorie:Sorcellerie > Sorcellerie féminine > Film mettant en scène une sorcière
es	Espejo de Oesed	29083	Categoría:Brujería > Brujería en la ficción > Harry Potter
en	Babalon	29073	Category:Witchcraft > Incantation > Magic words
en	Addams Family Values	29055	Category:Witchcraft > Fiction about witchcraft > Films about witchcraft
en	John Proctor (Salem witch trials)	29037	Category:People executed for witchcraft > American people executed for witchcraft > People executed in the Salem witch trials
fr	Winx Club : La Magie est de Retour	29018	Catégorie:Sorcellerie > Sorcellerie dans l'art et la culture > Série télévisée sur la sorcellerie
en	The Crucible (1996 film)	28932	Category:Witchcraft > Fiction about witchcraft > Films about witchcraft
en	Witch hunts in India	28920	Category:Witchcraft > Witch hunting
en	Baba Yaga	28903	Category:European witchcraft > Witchcraft in Ukraine
en	Troll 2	28891	Category:Witchcraft > Fiction about witchcraft > Films about witchcraft
it	Mithra (Mahoutsukai no yakusoku - Promise of wizard)	28858	Categoria:Stregoneria > Stregoni immaginari
en	Curses of Cain and Ham (LDS Church)	28851	Category:Witchcraft > Curses
en	Boneghazi	28816	Category:Witchcraft > Modern witchcraft
en	That Hideous Strength	28794	Category:Witchcraft > Fiction about witchcraft > Modern Arthurian fiction
en	The Witch and the Hundred Knight	28739	Category:Witchcraft > Fiction about witchcraft > Video games about witchcraft
de	Die Besessenen von Aix-en-Provence	28732	Kategorie:Hexenverfolgung > Hexenverfolgung nach räumlicher Zuordnung
en	Hagrid's Magical Creatures Motorbike Adventure	28665	Category:Witchcraft > Fiction about witchcraft > Wizarding World
ja	魔女の夜宴 (プラド美術館)	28655	Category:魔女 > 魔女を題材とした作品
fr	Gandalf	28654	Catégorie:Sorcellerie > Sorcellerie dans l'art et la culture > Magicien ou sorcier de fiction
en	Burn the Witch (Radiohead song)	28613	Category:Witchcraft > Fiction about witchcraft > Songs about witches
en	Descendants 3	28593	Category:Witchcraft > Fiction about witchcraft > Films about witchcraft
en	Brother and Sister	28530	Category:Witchcraft > Fiction about witchcraft > Witchcraft in fairy tales
ja	オズの魔法使い (テレビアニメ)	28523	Category:魔女 > 魔女を題材とした作品 > 魔女を題材としたアニメ作品
en	Eve's Bayou	28489	Category:Witchcraft > Fiction about witchcraft > Films about witchcraft
fr	Malin Matsdotter	28448	Catégorie:Sorcellerie > Sorcellerie par lieu > Sorcellerie en Suède
en	Pittenweem witches	28440	Category:Witch trials > Witch trials in Europe > Witch trials in Scotland
en	The Sorcerer's Apprentice (2010 film)	28439	Category:Witchcraft > Fiction about witchcraft > Films about witchcraft
en	Varahi	28413	Category:Witchcraft > Pig-faced women
en	Murong Chui	28395	Category:Witchcraft > Witch hunting
fr	Sorcier	28390	Catégorie:Sorcellerie
en	Witchcraft in Orkney	28371	Category:Witch trials > Witch trials in Europe > Witch trials in Scotland
en	Fear Street Part Two: 1978	28334	Category:Witchcraft > Fiction about witchcraft > Films about witchcraft
en	Al-Mi'raj	28320	Category:Witchcraft > Asian witchcraft
de	Die tollkühne Hexe in ihrem fliegenden Bett	28296	Kategorie:Hexerei > Hexerei in der Kultur > Hexerei im Film
it	Illidan Grantempesta	28281	Categoria:Stregoneria > Stregoni immaginari
es	Posesiones de Aix-en-Provence	28254	Categoría:Brujería > Satanismo
ja	日蝕 (小説)	28223	Category:魔女 > 魔女を題材とした作品 > 魔女狩りを題材とした作品
en	Mary Hicks (alleged witch)	28222	Category:Witch trials > Witch trials in Europe > Witch trials in England
en	Castorice	28189	Category:Witchcraft > Curses > Fiction about curses
ja	魔法少女ちゅうかなぱいぱい!	28180	Category:魔女 > 魔女を題材とした作品 > 魔女を題材としたテレビドラマ
it	Madoka Kaname	28167	Categoria:Stregoneria > Streghe nelle opere di fantasia
de	Jólakötturinn	28142	Kategorie:Sagengestalt
en	Monster in My Pocket	28108	Category:European witchcraft > Imps
en	Nine sorceresses	28054	Category:Witchcraft > Witchcraft in folklore and mythology
en	The Last Faust	28050	Category:Witchcraft > Witchcraft in folklore and mythology > Deal with the Devil
fr	Descendants 3	28027	Catégorie:Sorcellerie > Sorcellerie féminine > Film mettant en scène une sorcière
it	Nobara Kugisaki	28020	Categoria:Stregoneria > Stregoni immaginari
en	The Witch (1916 film)	27989	Category:Witchcraft > Fiction about witchcraft > Films about witchcraft
en	Phouoibi	27985	Category:Witchcraft > Witchcraft in folklore and mythology > Epic cycles of incarnations
en	Stonekeep	27970	Category:Witchcraft > Fiction about witchcraft > Video games about witchcraft
en	Ars Notoria	27968	Category:Witchcraft > Grimoires
es	Beowulf y la Tierra Media	27952	Categoría:Brujería > Brujería en la ficción > Tierra Media
es	Kimpa Vita	27945	Categoría:Brujería > Procesos por brujería > Ejecutados por brujería
de	Beowulf	27907	Kategorie:Sagengestalt > Drachentöter
en	Würzburg witch trials	27902	Category:Witch trials > Witch trials in Europe > Witch trials in Germany
ja	エリクトー	27870	Category:魔女
de	Elwetritsch	27788	Kategorie:Sagengestalt > Deutsche Sagengestalt
fr	Blanche-Neige et le Chasseur	27788	Catégorie:Sorcellerie > Sorcellerie féminine > Film mettant en scène une sorcière
it	Sakura Matō	27751	Categoria:Stregoneria > Stregoni immaginari
en	Epic Movie	27749	Category:Witchcraft > Fiction about witchcraft > Films about witchcraft
en	The Morrígan	27734	Category:Witchcraft > Witchcraft in folklore and mythology > Witches in folklore
en	Eye of the Devil	27730	Category:Witchcraft > Fiction about witchcraft > Films about witchcraft
es	Silvia Federici	27688	Categoría:Brujería > Estudiosos de la brujería
en	Ancient Jewish magic	27639	Category:Witchcraft > Grimoires > Jewish grimoires
es	Gran Bruja	27636	Categoría:Brujería > Brujos ficticios
en	George Lukins	27572	Category:Witchcraft > Curses > Demonic possession
es	Anorexia mirabilis	27515	Categoría:Brujería
es	Aradia o el evangelio de las brujas	27453	Categoría:Brujería
fr	Amandine Malabul	27446	Catégorie:Sorcellerie > Sorcellerie dans l'art et la culture > Magicien ou sorcier de fiction
it	Suguru Geto	27403	Categoria:Stregoneria > Stregoni immaginari
en	Chen Jiao	27389	Category:Witchcraft > Witchcraft by country > Witchcraft in China
es	Cruentación	27385	Categoría:Brujería > Ordalía
en	Ni no Kuni mobile games	27330	Category:Witchcraft > Fiction about witchcraft > Video games about witchcraft
en	Picatrix	27306	Category:Witchcraft > Grimoires > Arabic grimoires
en	Tolkien's legendarium	27276	Category:Witchcraft > Fiction about witchcraft > Middle-earth
es	The Order (serie de televisión)	27274	Categoría:Brujería > Brujería en la ficción > Brujería en cine y televisión
fr	Negima ! Le Maître magicien	27270	Catégorie:Sorcellerie > Sorcellerie dans l'art et la culture > Sorcellerie dans la bande dessinée
en	Joseph Smith Hypocephalus	27268	Category:Witchcraft > Incantation > Book of the Dead
en	Trine 2	27266	Category:Witchcraft > Fiction about witchcraft > Video games about witchcraft
it	Malefica	27263	Categoria:Stregoneria > Streghe nelle opere di fantasia
en	Practical Magic (franchise)	27230	Category:Witchcraft > Fiction about witchcraft
es	Gentile Budrioli	27220	Categoría:Brujería > Procesos por brujería > Ejecutados por brujería
en	The Falcon Pipiristi	27217	Category:Witchcraft > Fiction about witchcraft > Witchcraft in fairy tales
es	Sacrificio infantil en Uganda	27160	Categoría:Brujería > Satanismo > Delitos relacionados con el satanismo u ocultismo
en	East of the Sun and West of the Moon	27111	Category:Witchcraft > Fiction about witchcraft > Witchcraft in fairy tales
en	Narnia: The Magician's Nephew	27059	Category:Witchcraft > Fiction about witchcraft > Films about witchcraft
de	Siegfried der Drachentöter	27043	Kategorie:Sagengestalt > Drachentöter
es	Madoka Kaname	27032	Categoría:Brujería > Brujos ficticios
en	Bell, Book and Candle	27003	Category:Witchcraft > Fiction about witchcraft > Films about witchcraft
fr	Paranormal Activity 4	26994	Catégorie:Sorcellerie > Sorcellerie dans l'art et la culture > Film sur la sorcellerie
de	Leviathan (Mythologie)	26986	Kategorie:Sagengestalt > Fabelwesen > Seeungeheuer
ja	純潔のマリア	26958	Category:魔女 > 魔女を題材とした作品 > 魔女を題材としたアニメ作品
en	Castlevania: Bloodlines	26940	Category:Witchcraft > Fiction about witchcraft > Video games about witchcraft
en	Fear Street Part Three: 1666	26914	Category:Witchcraft > Fiction about witchcraft > Films about witchcraft
de	Diana	26907	Kategorie:Hexenverfolgung
en	Little Nightmares	26874	Category:Witchcraft > Fiction about witchcraft > Video games about witchcraft
fr	Société théosophique	26861	Catégorie:Sorcellerie > Organisation qui s'intéresse à la magie
en	Warlock (1989 film)	26857	Category:Witchcraft > Fiction about witchcraft > Films about witchcraft
fr	The Secret Circle	26857	Catégorie:Sorcellerie > Sorcellerie dans l'art et la culture > Série télévisée sur la sorcellerie
it	Sabba	26793	Categoria:Stregoneria
it	Re stregone di Angmar	26778	Categoria:Stregoneria > Stregoni immaginari
fr	Drago Malefoy	26763	Catégorie:Sorcellerie > Sorcellerie dans l'art et la culture > Magicien ou sorcier de fiction
ja	落ちてきた龍王と滅びゆく魔女の国	26756	Category:魔女 > 魔女を題材とした作品 > 魔女を題材とした小説
en	Robert Cochrane (witch)	26752	Category:Witchcraft > Witches
es	Pizzagate	26726	Categoría:Brujería > Satanismo > QAnon
fr	Datura	26675	Catégorie:Sorcellerie > Plante utilisée en sorcellerie
en	Nyonin Kinsei	26666	Category:Witchcraft > Curses > Taboo
en	Grünkappe	26656	Category:Witchcraft > Fiction about witchcraft > Witchcraft in fairy tales
de	Matthäus Alber	26653	Kategorie:Hexenverfolgung > Gegner der Hexenverfolgung
en	Witchy Pretty Cure! The Movie: Wonderous! Cure Mofurun!	26644	Category:Witchcraft > Fiction about witchcraft > Films about witchcraft
en	Knights Contract	26644	Category:Witchcraft > Fiction about witchcraft > Video games about witchcraft
en	Ragnhild Tregagås	26595	Category:Witch trials > People accused of witchcraft > People convicted of witchcraft
fr	L'Apprenti sorcier (film, 2010)	26595	Catégorie:Sorcellerie > Sorcellerie dans l'art et la culture > Magicien ou sorcier de fiction
de	Hexe bei der Toilette für die Walpurgisnacht	26562	Kategorie:Hexerei > Hexe
fr	Paranormal Activity: The Marked Ones	26533	Catégorie:Sorcellerie > Sorcellerie dans l'art et la culture > Film sur la sorcellerie
en	Witch (archetype)	26480	Category:Witchcraft > Fiction about witchcraft > Witchcraft in fairy tales
es	Chen Jiao	26456	Categoría:Brujería
en	Ushi no toki mairi	26443	Category:Witchcraft > Curses
fr	Mozenrath	26443	Catégorie:Sorcellerie > Sorcellerie dans l'art et la culture > Magicien ou sorcier de fiction
en	Mary and the Witch's Flower	26432	Category:Witchcraft > Fiction about witchcraft > Anime and manga about witchcraft
de	Werkatze	26422	Kategorie:Sagengestalt > Fabelwesen > Fabeltier
en	Curse of the pharaohs	26421	Category:Witchcraft > Curses
en	The Flying Dutchman (horse)	26393	Category:Witchcraft > Curses > Flying Dutchman
fr	La Bataille d'Endor	26389	Catégorie:Sorcellerie > Sorcellerie féminine > Film mettant en scène une sorcière
en	Homunculus	26357	Category:Witchcraft
ja	ホーカス ポーカス	26327	Category:魔女 > 魔女を題材とした作品 > 魔女を題材とした映画作品
en	Wei Zifu	26323	Category:Witchcraft > Witchcraft by country > Witchcraft in China
en	The Witches (1990 film)	26313	Category:Witchcraft > Fiction about witchcraft > Films about witchcraft
de	Hexenkind (Europa)	26274	Kategorie:Hexenverfolgung
it	Scopa (strumento)	26251	Categoria:Stregoneria
en	Women's International Terrorist Conspiracy from Hell	26235	Category:Witchcraft > American witchcraft
fr	Le Chasseur et la Reine des glaces	26211	Catégorie:Sorcellerie > Sorcellerie féminine > Film mettant en scène une sorcière
en	Lincoln Imp	26210	Category:European witchcraft > Imps
en	Witches' Sabbath (The Great He-Goat)	26204	Category:European witchcraft > Witchcraft in Spain
en	Something Very Bad Is Going to Happen	26202	Category:Witchcraft > Curses > Fiction about curses
en	Elizabeth Frauncis	26198	Category:Witch trials > Witch trials in Europe > Witch trials in England
fr	Sorcellerie au Moyen-Orient	26134	Catégorie:Sorcellerie > Sorcellerie par lieu > Sorcellerie en Afrique
en	Children of the Corn (1984 film)	26059	Category:Witchcraft > Fiction about witchcraft > Films about witchcraft
fr	Margaret Alice Murray	26054	Catégorie:Sorcellerie > Étude de la sorcellerie
es	Sonido y lenguaje en la Tierra Media	26044	Categoría:Brujería > Brujería en la ficción > Tierra Media
es	The Witches	26036	Categoría:Brujería > Brujería en la ficción > Brujería en cine y televisión
en	Conan the Destroyer	26027	Category:Witchcraft > Fiction about witchcraft > Films about witchcraft
es	Noche de Walpurgis	26027	Categoría:Brujería > Brujería por país > Brujería en Alemania
de	Wassermann (Mythologie)	25986	Kategorie:Sagengestalt
en	Tales from the Hood	25878	Category:Witchcraft > Fiction about witchcraft > Films about witchcraft
en	Ammit	25837	Category:Witchcraft > Incantation > Book of the Dead
en	Great Scottish Witch Hunt of 1649–1650	25834	Category:Witch trials > Witch trials in Europe > Witch trials in Scotland
en	Elizabeth Howe	25765	Category:People executed for witchcraft > American people executed for witchcraft
en	Matthew Hopkins	25745	Category:Witch trials > Witch trials in Europe > Witch trials in England
en	Laws against witchcraft	25692	Category:Witchcraft
de	Elfen	25683	Kategorie:Sagengestalt > Germanische Sagengestalt
de	Constitutio Criminalis Carolina	25676	Kategorie:Hexenverfolgung
en	Magimoji Rurumo	25674	Category:Witchcraft > Fiction about witchcraft > Anime and manga about witchcraft
en	The Maiden from the Apple Tree	25667	Category:Witchcraft > Fiction about witchcraft > Witchcraft in fairy tales
fr	Sorcière (Cate Tiernan)	25643	Catégorie:Sorcellerie > Sorcellerie dans l'art et la culture
en	The Twins (folktale)	25603	Category:Witchcraft > Fiction about witchcraft > Witchcraft in fairy tales
es	Aquelarre	25603	Categoría:Brujería
de	Fastnachtshexe	25601	Kategorie:Hexenverfolgung > Hexenverfolgung in der Kultur
es	Sayaka Miki	25524	Categoría:Brujería > Brujos ficticios
de	Therianthropie	25511	Kategorie:Sagengestalt > Fabelwesen > Formwandler
en	The Frog Prince	25485	Category:Witchcraft > Fiction about witchcraft > Witchcraft in fairy tales
en	Ga-Rei	25470	Category:Witchcraft > Curses > Fiction about curses
de	Universität Helmstedt	25466	Kategorie:Hexenverfolgung
en	Final Fantasy: The 4 Heroes of Light	25420	Category:Witchcraft > Fiction about witchcraft > Video games about witchcraft
fr	Nkondi	25420	Catégorie:Sorcellerie > Sorcellerie par lieu > Sorcellerie en Afrique
fr	Fée Morgane	25409	Catégorie:Sorcellerie > Magicien ou sorcier de légende
de	Salem (Fernsehserie)	25403	Kategorie:Hexenverfolgung > Hexenverfolgung in der Kultur
fr	Rebelle (film d'animation, 2012)	25389	Catégorie:Sorcellerie > Sorcellerie féminine > Film mettant en scène une sorcière
en	Cotton 2: Magical Night Dreams	25386	Category:Witchcraft > Fiction about witchcraft > Cotton (series)
ja	魔法少女ちゅうかないぱねま!	25379	Category:魔女 > 魔女を題材とした作品 > 魔女を題材としたテレビドラマ
en	Sycorax	25364	Category:Witchcraft > Fiction about witchcraft > Witchcraft in written fiction
en	Magic Cat Academy	25325	Category:Witchcraft > Fiction about witchcraft > Video games about witchcraft
ja	プリンセスうぃっちぃず	25307	Category:魔女 > 魔女を題材とした作品 > 魔女を題材としたコンピュータゲーム
en	Mephistopheles	25299	Category:Witchcraft > Witchcraft in folklore and mythology > Deal with the Devil
es	Maho Tsukai Pretty Cure!	25284	Categoría:Brujería > Brujería en la ficción > Brujería en cine y televisión
fr	Miss Tick	25242	Catégorie:Sorcellerie > Sorcellerie dans l'art et la culture > Magicien ou sorcier de fiction
es	Abigail Faulkner	25238	Categoría:Brujería > Procesos por brujería > Juicios por brujería de Salem
en	Hysterical strength	25235	Category:Witchcraft > Curses > Demonic possession
en	Witch trials in Sweden	25222	Category:Witch trials > Witch trials in Europe > Witch trials in Sweden
ja	かわいい魔女ジニー	25202	Category:魔女 > 魔女を題材とした作品 > 魔女を題材としたテレビドラマ
en	Event of the mubahala	25180	Category:Witchcraft > Curses
es	Bartolo Longo	25172	Categoría:Brujería > Satanismo > Conversos al cristianismo desde el satanismo u ocultismo
de	Moosweiblein	25170	Kategorie:Sagengestalt > Deutsche Sagengestalt
es	Julio Caro Baroja	25153	Categoría:Brujería > Estudiosos de la brujería
ja	ナルニア:魔術師のおい	25079	Category:魔女 > 魔女を題材とした作品 > 魔女を題材とした映画作品
de	Balthasar Bekker	25049	Kategorie:Hexenverfolgung > Gegner der Hexenverfolgung
en	Mr Simigdáli	25038	Category:Witchcraft > Fiction about witchcraft > Witchcraft in fairy tales
fr	Pentagramme	25028	Catégorie:Sorcellerie > Sorcellerie contemporaine > Wicca
en	Mother Shipton	25023	Category:Witchcraft > Witchcraft in folklore and mythology > Witches in folklore
en	The Devil and Daniel Webster	25018	Category:Witchcraft > Witchcraft in folklore and mythology > Deal with the Devil
en	Save Me Mr Tako	25017	Category:Witchcraft > Fiction about witchcraft > Video games about witchcraft
ja	サスペリア	25002	Category:魔女 > 魔女を題材とした作品 > 魔女を題材とした映画作品
en	Rhapsody II: Ballad of the Little Princess	24987	Category:Witchcraft > Fiction about witchcraft > Video games about witchcraft
en	Herta (Honkai: Star Rail)	24954	Category:Witchcraft > Witches
ja	サバト (魔女)	24948	Category:魔女
es	Q Into the Storm	24931	Categoría:Brujería > Satanismo > QAnon
en	Guacamelee!	24927	Category:Witchcraft > Witchcraft in folklore and mythology > Deal with the Devil
de	Suspiria	24911	Kategorie:Hexerei > Hexerei in der Kultur > Hexerei im Film
en	Loudun possessions	24798	Category:Witchcraft > Curses > Demonic possession
it	Mistici (Dark Crystal)	24778	Categoria:Stregoneria > Stregoni immaginari
en	The Maiden Out of the Oranges	24750	Category:Witchcraft > Fiction about witchcraft > Witchcraft in fairy tales
de	Dietrich von Fürstenberg	24736	Kategorie:Hexenverfolgung > Täter der Hexenverfolgung
de	Nya (Kult)	24723	Kategorie:Sagengestalt > Fabelwesen > Geistwesen
en	Captain EO	24718	Category:Witchcraft > Fiction about witchcraft > Films about witchcraft
de	Anna Roleffes	24713	Kategorie:Hexenverfolgung > Opfer der Hexenverfolgung
fr	Malgven	24649	Catégorie:Sorcellerie > Sorcellerie dans l'art et la culture > Magicien ou sorcier de fiction
de	Riese	24614	Kategorie:Sagengestalt > Fabelwesen
de	Kazaam – Der Geist aus der Flasche	24608	Kategorie:Hexerei > Hexerei in der Kultur > Hexerei im Film
de	Cartaphilus	24486	Kategorie:Sagengestalt
fr	Destin : La Saga Winx	24476	Catégorie:Sorcellerie > Sorcellerie dans l'art et la culture > Série télévisée sur la sorcellerie
es	Scorbus	24472	Categoría:Brujería > Brujería en la ficción > Harry Potter
fr	Le Diable et Daniel Webster	24457	Catégorie:Sorcellerie > Sorcellerie dans l'art et la culture > Diable dans la fiction
en	Thomas Danforth	24447	Category:Witchcraft > Witch hunting > Critics of witch hunting
de	Basilisk (Mythologie)	24443	Kategorie:Sagengestalt > Fabelwesen > Mischwesen
en	Richmond Palace	24406	Category:Witch trials > People accused of witchcraft > Elizabeth Woodville
de	Hexenprozesse im Klosteramt Dobbertin	24401	Kategorie:Hexenverfolgung > Hexenverfolgung nach räumlicher Zuordnung > Hexenprozesse in Deutschland
it	Rin Tōsaka	24397	Categoria:Stregoneria > Stregoni immaginari
en	Rhiannon (song)	24366	Category:Witchcraft > Fiction about witchcraft > Songs about witches
en	Daughter of Tintagel	24316	Category:Witchcraft > Fiction about witchcraft > Modern Arthurian fiction
en	Bury St Edmunds witch trials	24310	Category:Witch trials > Witch trials in Europe > Witch trials in England
fr	Procès de sorcellerie à Molsheim	24276	Catégorie:Sorcellerie > Sorcellerie par lieu > Sorcellerie en France
en	Witchcraft in the Philippines	24264	Category:Witchcraft > Asian witchcraft
es	Barbara Napier	24255	Categoría:Brujería > Brujas (brujería) > Personas acusadas de brujería
it	Kiritsugu Emiya	24247	Categoria:Stregoneria > Stregoni immaginari
es	Anexo:Episodios de iZombie	24224	Categoría:Brujería > Zombis > IZombie
es	Castlevania (serie de televisión)	24211	Categoría:Brujería > Brujería en la ficción > Brujería en cine y televisión
en	Killing of Akua Denteh	24208	Category:Witchcraft > Modern witchcraft > Modern witch hunts
en	Samlesbury witches	24203	Category:Witch trials > Witch trials in Europe > Witch trials in England
en	Sugar Sugar Rune	24202	Category:Witchcraft > Fiction about witchcraft > Anime and manga about witchcraft
fr	Descendants (téléfilm)	24199	Catégorie:Sorcellerie > Sorcellerie féminine > Film mettant en scène une sorcière
en	Towers II: Plight of the Stargazer	24187	Category:Witchcraft > Fiction about witchcraft > Video games about witchcraft
fr	Salvia apiana	24185	Catégorie:Sorcellerie > Plante utilisée en sorcellerie
en	Murder of Ruth Osborne	24184	Category:Witch trials > People accused of witchcraft
en	Gunbird	24178	Category:Witchcraft > Fiction about witchcraft > Video games about witchcraft
en	Witchcraft in Latin America	24163	Category:Witchcraft
de	Merlin	24105	Kategorie:Sagengestalt
en	The Omen (franchise)	24093	Category:Witchcraft > Fiction about witchcraft > Films about witchcraft
de	Ursula von Köln	24070	Kategorie:Sagengestalt > Deutsche Sagengestalt
de	Brünhild	24027	Kategorie:Sagengestalt > Germanische Sagengestalt > Walküre
en	Magic, Witchcraft and the Otherworld	24009	Category:European witchcraft > Witchcraft in the United Kingdom
en	Tituba	24008	Category:Witch trials > People accused of witchcraft > People accused in the Salem witch trials
de	Bezaubernde Jeannie	23999	Kategorie:Hexerei > Hexerei in der Kultur > Hexerei im Film
en	Outline of Middle-earth	23976	Category:Witchcraft > Fiction about witchcraft > Middle-earth
de	Katharina Henot	23947	Kategorie:Hexenverfolgung > Opfer der Hexenverfolgung
fr	Procès de sorcellerie à Bergheim	23947	Catégorie:Sorcellerie > Sorcellerie par lieu > Sorcellerie en France
de	Yggdrasil	23906	Kategorie:Sagengestalt > Germanische Sagengestalt
en	Familiar	23881	Category:European witchcraft
en	Children of Lir	23872	Category:Witchcraft > Witchcraft in folklore and mythology
fr	Descendants : L'Ascension de Red	23822	Catégorie:Sorcellerie > Sorcellerie féminine > Film mettant en scène une sorcière
de	Die Vernichtung der weisen Frauen	23808	Kategorie:Hexenverfolgung > Hexenverfolgung in der Kultur > Hexenverfolgung in der Literatur
es	Selene (cómic)	23803	Categoría:Brujería > Brujos ficticios
ja	ケナシコルウナルペ	23792	Category:魔女 > 山姥やハッグ
ja	ブレア・ウィッチ・プロジェクト	23770	Category:魔女 > 魔女を題材とした作品 > 魔女を題材とした映画作品
ja	ワーストウイッチ	23748	Category:魔女 > 魔女を題材とした作品
en	Spectral evidence	23699	Category:European witchcraft
it	Vecchia Religione	23692	Categoria:Stregoneria
en	Totem and Taboo	23664	Category:Witchcraft > Curses > Taboo
en	Heisman curse	23596	Category:Witchcraft > Curses
en	Lands of Lore: The Throne of Chaos	23596	Category:Witchcraft > Fiction about witchcraft > Video games about witchcraft
de	Friedrich Hoffmann	23590	Kategorie:Hexenverfolgung > Täter der Hexenverfolgung > Hexentheoretiker
en	Penis as food	23579	Category:Witchcraft > Curses > Taboo
it	Lina Inverse	23513	Categoria:Stregoneria > Streghe nelle opere di fantasia
en	Les Visiteurs	23499	Category:Witchcraft > Fiction about witchcraft > Films about witchcraft
fr	Procès de sorcellerie en Écosse à l'époque moderne	23486	Catégorie:Sorcellerie > Sorcellerie féminine
en	Nkondi	23484	Category:Witchcraft > African witchcraft
en	Witchcraft accusations against children in Africa	23448	Category:Witchcraft > African witchcraft
de	Suspiria (2018)	23433	Kategorie:Hexerei > Hexerei in der Kultur > Hexerei im Film
fr	Simpson Horror Show IV	23421	Catégorie:Sorcellerie > Sorcellerie dans l'art et la culture > Diable dans la fiction
ja	言葉の魔術師	23407	Category:魔女 > 魔女を題材とした作品 > 魔女を題材としたテレビドラマ
fr	Hécate	23381	Catégorie:Sorcellerie > Magicien ou sorcier de légende > Magicien de la mythologie grecque
en	Bayonetta	23380	Category:Witchcraft > Fiction about witchcraft > Video games about witchcraft
en	Philippe Musard	23330	Category:Witchcraft > Witchcraft in folklore and mythology > Deal with the Devil
fr	Shams al-Ma'arif al-Kubra	23314	Catégorie:Sorcellerie
fr	Tradition Feri	23303	Catégorie:Sorcellerie > Organisation qui s'intéresse à la magie
en	Trial of Arne Cheyenne Johnson	23283	Category:Witchcraft > Curses > Demonic possession
en	Monster High: The Movie	23252	Category:Witchcraft > Fiction about witchcraft > Films about witchcraft
de	Kugelmenschen	23249	Kategorie:Sagengestalt > Fabelwesen
es	El conjuro (Goya)	23249	Categoría:Brujería > Brujas en el arte
en	Painkiller: Hell & Damnation	23164	Category:Witchcraft > Fiction about witchcraft > Video games about witchcraft
en	The Incantation (Goya)	23145	Category:Witchcraft > Witches > Witches in art
fr	Al-Mi'raj	23129	Catégorie:Sorcellerie > Sorcellerie par lieu > Sorcellerie en Asie
de	Hexen bis aufs Blut gequält	23118	Kategorie:Hexenverfolgung > Hexenverfolgung in der Kultur
en	Nahuel and the Magic Book	23110	Category:Witchcraft > Fiction about witchcraft > Films about witchcraft
es	Girl 13	23073	Categoría:Brujería > Brujos ficticios > Brujas de DC Comics
fr	Amandine Malabul, sorcière maladroite	23030	Catégorie:Sorcellerie > Sorcellerie dans l'art et la culture > Série télévisée sur la sorcellerie
en	Crucible curse	23019	Category:Witchcraft > Curses > Sports-related curses
fr	Ordre hermétique de l'Aube dorée	23019	Catégorie:Sorcellerie > Organisation qui s'intéresse à la magie
en	Book of Joseph	23005	Category:Witchcraft > Incantation > Book of the Dead
en	Euphemism	23003	Category:Witchcraft > Curses > Taboo
en	Wario Land	23002	Category:Witchcraft > Fiction about witchcraft > Video games about witchcraft
es	Las brujas (Hans Baldung)	22992	Categoría:Brujería > Brujas en el arte
fr	Once Upon a Time in Wonderland	22983	Catégorie:Sorcellerie > Sorcellerie dans l'art et la culture > Série télévisée sur la sorcellerie
en	The Three Golden Pomegranates	22978	Category:Witchcraft > Fiction about witchcraft > Witchcraft in fairy tales
en	The Skeleton Key	22959	Category:Witchcraft > Fiction about witchcraft > Films about witchcraft
fr	Robin des Bois, prince des voleurs	22949	Catégorie:Sorcellerie > Sorcellerie féminine > Film mettant en scène une sorcière
fr	Procès de sorcellerie au Pays basque	22945	Catégorie:Sorcellerie > Sorcellerie féminine
es	Tulevieja	22889	Categoría:Brujería > Brujos ficticios > Brujas de Escazú
en	Umayyad tradition of cursing Ali	22867	Category:Witchcraft > Curses
en	Witchcraft in Ghana	22865	Category:Witchcraft > Witchcraft by country
de	Hartmut Hegeler	22851	Kategorie:Hexenverfolgung > Sachliteratur (Hexenverfolgung)
en	Empress Wang (Gaozong)	22801	Category:People executed for witchcraft > Chinese people executed for witchcraft
en	Shadowgate	22794	Category:Witchcraft > Fiction about witchcraft > Video games about witchcraft
es	Warm Bodies (película)	22787	Categoría:Brujería > Zombis
de	Die fantastische Welt von Oz	22786	Kategorie:Hexerei > Hexerei in der Kultur > Hexerei im Film
en	Churel	22778	Category:Witchcraft > Asian witchcraft
de	Wildhexe	22771	Kategorie:Hexerei > Hexerei in der Kultur > Hexerei im Film
en	The Bird of Truth	22760	Category:Witchcraft > Fiction about witchcraft > Witchcraft in fairy tales
fr	Le Cabinet de curiosités de Guillermo del Toro	22736	Catégorie:Sorcellerie > Sorcellerie dans l'art et la culture > Série télévisée sur la sorcellerie
en	Seiðr	22707	Category:European witchcraft > Witchcraft in Denmark
it	Streghe di Valle Camonica	22702	Categoria:Stregoneria
de	Sabrina – Total Verhext!	22692	Kategorie:Hexerei > Hexerei in der Kultur > Hexerei im Film
fr	Procès en sorcellerie au début des temps modernes	22683	Catégorie:Sorcellerie
ja	くすりのマジョラム	22669	Category:魔女 > 魔女を題材とした作品 > 魔女を題材とした漫画作品
en	Titulus Regius	22652	Category:Witch trials > People accused of witchcraft > Elizabeth Woodville
en	Roman Inquisition	22645	Category:European witchcraft > Witchcraft in Italy
es	Pastel QAnon	22606	Categoría:Brujería > Satanismo > QAnon
en	The Lesser Key of Solomon	22605	Category:Witchcraft > Grimoires > Goetic grimoires
en	Ergotism	22600	Category:Witchcraft > American witchcraft
ja	楽園の魔女たち	22560	Category:魔女 > 魔女を題材とした作品 > 魔女を題材とした小説
it	Lalabel	22544	Categoria:Stregoneria > Streghe nelle opere di fantasia
de	Witches of East End	22533	Kategorie:Hexerei > Hexerei in der Kultur > Hexerei im Film
es	Gente sabia	22521	Categoría:Brujería > Brujería por país
en	Jiraiya	22511	Category:Witchcraft > Witchcraft in folklore and mythology
de	Nosferatu (Sagengestalt)	22504	Kategorie:Sagengestalt
it	Ron Weasley	22492	Categoria:Stregoneria > Stregoni immaginari
en	The Gypsy Tsaritsa	22487	Category:Witchcraft > Fiction about witchcraft > Witchcraft in fairy tales
es	Allison Balfour	22480	Categoría:Brujería
en	The Craft: Legacy	22469	Category:Witchcraft > Fiction about witchcraft > Films about witchcraft
fr	Mystério	22462	Catégorie:Sorcellerie > Sorcellerie dans l'art et la culture > Magicien ou sorcier de fiction
fr	Fée Viviane	22456	Catégorie:Sorcellerie > Magicien ou sorcier de légende
en	Maid Lena	22439	Category:Witchcraft > Fiction about witchcraft > Witchcraft in fairy tales
en	Yoddha (1992 film)	22437	Category:Witchcraft > Fiction about witchcraft > Films about witchcraft
ja	Witch Hunter ROBIN	22418	Category:魔女 > 魔女を題材とした作品 > 魔女を題材としたアニメ作品
en	Lyndal Roper	22409	Category:Witchcraft > Historians of witchcraft
de	Gilgamesch	22374	Kategorie:Sagengestalt > Mythischer Herrscher
de	Greif	22366	Kategorie:Sagengestalt > Fabelwesen > Fabeltier
en	All Hallows' Eve (2013 film)	22342	Category:Witchcraft > Fiction about witchcraft > Films about witchcraft
en	Frank's Place	22341	Category:Witchcraft > Curses > Fiction about curses
en	Monster High 2	22337	Category:Witchcraft > Fiction about witchcraft > Films about witchcraft
en	Harvey Beaks	22323	Category:European witchcraft > Imps
en	Chronicles of the Sword	22320	Category:Witchcraft > Fiction about witchcraft > Video games about witchcraft
fr	October Faction	22311	Catégorie:Sorcellerie > Sorcellerie dans l'art et la culture > Série télévisée sur la sorcellerie
en	Child sacrifice in Uganda	22303	Category:Witchcraft > African witchcraft
en	Giles Corey	22300	Category:Witch trials > People accused of witchcraft > People accused in the Salem witch trials
de	Gartenzwerg	22286	Kategorie:Sagengestalt > Fabelwesen > Zwerg
it	Grimilde	22284	Categoria:Stregoneria > Streghe nelle opere di fantasia
en	Magical Girl Witch Trials	22262	Category:Witchcraft > Fiction about witchcraft > Witch hunting in fiction
it	Rupert Giles	22250	Categoria:Stregoneria > Stregoni immaginari
de	Die Märchenbraut	22243	Kategorie:Hexerei > Hexerei in der Kultur > Hexerei im Film
es	Suspiria	22238	Categoría:Brujería > Brujería en la ficción > Brujería en cine y televisión
en	Town of Salem	22232	Category:Witchcraft > Fiction about witchcraft > Video games about witchcraft
en	Cry of the Banshee	22227	Category:Witchcraft > Fiction about witchcraft > Films about witchcraft
fr	L'Illusionniste (film, 2010)	22219	Catégorie:Sorcellerie > Sorcellerie dans l'art et la culture > Magicien ou sorcier de fiction
en	Witches of Benevento	22204	Category:European witchcraft > Witchcraft in Italy
de	Krampus	22203	Kategorie:Sagengestalt > Deutsche Sagengestalt
de	Brockenhexe	22194	Kategorie:Hexenverfolgung > Hexenverfolgung in der Kultur
de	Hexenverfolgung in Hamburg	22192	Kategorie:Hexenverfolgung > Hexenverfolgung nach räumlicher Zuordnung > Hexenprozesse in Deutschland
it	Agatha Harkness	22184	Categoria:Stregoneria > Streghe nelle opere di fantasia
de	Mimir	22180	Kategorie:Sagengestalt > Germanische Sagengestalt
it	Hordak	22144	Categoria:Stregoneria > Stregoni immaginari
ja	ウイッカ	22118	Category:魔女
en	Witch and Mercenary	22111	Category:Witchcraft > Fiction about witchcraft > Anime and manga about witchcraft
en	Witchaven	22042	Category:Witchcraft > Fiction about witchcraft > Video games about witchcraft
en	Superstition (1982 film)	22032	Category:Witchcraft > Fiction about witchcraft > Films about witchcraft
de	Hengest	22009	Kategorie:Sagengestalt > Mythischer Herrscher
en	Castle of Illusion Starring Mickey Mouse	21949	Category:Witchcraft > Fiction about witchcraft > Video games about witchcraft
en	Sarah Wildes	21920	Category:People executed for witchcraft > American people executed for witchcraft > People executed in the Salem witch trials
de	Hexeneinmaleins	21905	Kategorie:Hexerei > Hexerei in der Kultur
es	Luis G. Abbadie	21858	Categoría:Brujería > Wicca > Wiccanos
es	Wei Zifu	21823	Categoría:Brujería
de	Roggenmuhme (Korndämon)	21802	Kategorie:Sagengestalt > Deutsche Sagengestalt
es	Brujas de Samlesbury	21800	Categoría:Brujería > Brujería por país > Brujería en el Reino Unido
en	Sixth and Seventh Books of Moses	21795	Category:Witchcraft > Grimoires
es	Quidditch	21779	Categoría:Brujería > Brujería en la ficción > Harry Potter
es	El Templo Satánico	21748	Categoría:Brujería > Satanismo > El Templo Satánico
en	Cunning Folk and Familiar Spirits	21735	Category:European witchcraft > Familiars
it	Mumm-Ra	21722	Categoria:Stregoneria > Stregoni immaginari
en	Murdered: Soul Suspect	21715	Category:Witchcraft > Fiction about witchcraft > Video games about witchcraft
en	Hunter: The Reckoning – Wayward	21702	Category:Witchcraft > Fiction about witchcraft > Video games about witchcraft
es	Gakkō Gurashi!	21698	Categoría:Brujería > Zombis > Zombis en la historieta
de	Johannes Trithemius	21690	Kategorie:Hexenverfolgung > Täter der Hexenverfolgung > Hexentheoretiker
es	Fantasma de Carson	21683	Categoría:Brujería > Maldiciones
en	The Witches' Kitchen	21678	Category:Witchcraft > Witches > Witches in art
en	Mugwort	21674	Category:European witchcraft
ja	ダーク・シャドウ	21672	Category:魔女 > 魔女を題材とした作品 > 魔女を題材とした映画作品
fr	Reine-sorcière	21662	Catégorie:Sorcellerie > Sorcellerie féminine > Film mettant en scène une sorcière
es	Ruby (Supernatural)	21629	Categoría:Brujería > Brujos ficticios
en	Sinyushka's Well	21593	Category:Witchcraft > Fiction about witchcraft > Witchcraft in fairy tales
ja	スターダスト (2007年の映画)	21579	Category:魔女 > 魔女を題材とした作品 > 魔女を題材とした映画作品
en	King's Quest VII	21557	Category:Witchcraft > Fiction about witchcraft > Video games about witchcraft
ja	怒れるメディア	21541	Category:魔女 > 魔女を題材とした作品
de	Bayonetta	21540	Kategorie:Hexerei > Hexerei in der Kultur
en	Malin Matsdotter	21536	Category:People executed for witchcraft > Swedish people executed for witchcraft
en	The Princess from the Egg (Polish folktale)	21515	Category:Witchcraft > Fiction about witchcraft > Witchcraft in fairy tales
ja	ライマン・フランク・ボーム	21514	Category:魔女 > 魔女を題材とした作品 > オズ・シリーズ
es	Baba Yagá	21509	Categoría:Brujería > Brujos ficticios
es	Jafar (Disney)	21502	Categoría:Brujería > Brujos ficticios
fr	Witches of East End	21495	Catégorie:Sorcellerie > Sorcellerie dans l'art et la culture > Série télévisée sur la sorcellerie
en	Sidonia von Borcke	21472	Category:People executed for witchcraft > German people executed for witchcraft
de	Semiramis	21467	Kategorie:Sagengestalt > Mythischer Herrscher
de	Die Hexen von Salem	21464	Kategorie:Hexenverfolgung > Hexenverfolgung in der Kultur
en	Deal with the Devil	21455	Category:Witchcraft > Witchcraft in folklore and mythology
it	Maki Zen'in	21397	Categoria:Stregoneria > Stregoni immaginari
ja	ばるぼら	21350	Category:魔女 > 魔女を題材とした作品 > 魔女を題材とした映画作品
de	Juffer	21342	Kategorie:Sagengestalt > Deutsche Sagengestalt
it	Stregheria	21340	Categoria:Stregoneria
en	Love magic	21334	Category:Witchcraft
fr	Les Contes de Terremer	21319	Catégorie:Sorcellerie > Sorcellerie féminine > Film mettant en scène une sorcière
ja	魔物語 愛しのベティ	21319	Category:魔女 > 魔女を題材とした作品 > 魔女を題材としたアニメ作品
fr	Sabrina, l'apprentie sorcière	21315	Catégorie:Sorcellerie > Sorcellerie dans l'art et la culture > Sorcellerie dans la bande dessinée
ja	ブループロトコル:スターレゾナンス	21274	Category:魔女 > 魔女を題材とした作品 > 魔女を題材としたコンピュータゲーム
de	Erec	21270	Kategorie:Sagengestalt > Ritter der Tafelrunde
de	Dibutade	21269	Kategorie:Sagengestalt > Weibliche Sagengestalt
de	Leo Igwe	21265	Kategorie:Hexerei > Moderne Hexenverfolgung
en	Curse	21259	Category:Witchcraft
fr	La Légende de Vox Machina	21235	Catégorie:Sorcellerie > Sorcellerie dans l'art et la culture > Série télévisée sur la sorcellerie
en	Rainbow Cotton	21231	Category:Witchcraft > Fiction about witchcraft > Cotton (series)
es	Posesión demoníaca	21230	Categoría:Brujería
en	Middle-earth Enterprises	21219	Category:Witchcraft > Fiction about witchcraft > Middle-earth
en	Prince Whitebear	21213	Category:Witchcraft > Fiction about witchcraft > Witchcraft in fairy tales
en	The House That Dripped Blood	21202	Category:Witchcraft > Fiction about witchcraft > Films about witchcraft
fr	Ginny Weasley	21201	Catégorie:Sorcellerie > Sorcellerie dans l'art et la culture > Magicien ou sorcier de fiction
ja	魔女と勇者	21173	Category:魔女 > 魔女を題材とした作品 > 魔女を題材としたコンピュータゲーム
en	Second-term curse	21165	Category:Witchcraft > Curses
es	Malin Matsdotter	21143	Categoría:Brujería > Procesos por brujería > Ejecutados por brujería
en	Associated Daughters of Early American Witches	21128	Category:Witchcraft > American witchcraft
en	Satire VI	21083	Category:Witchcraft > Fiction about witchcraft > Works about Medea
fr	Marabout (islam)	21083	Catégorie:Sorcellerie > Sorcellerie par lieu > Sorcellerie en Afrique
en	Halloweentown (film series)	21077	Category:Witchcraft > Fiction about witchcraft > Films about witchcraft
en	The Gingerdead Man	21062	Category:Witchcraft > Fiction about witchcraft > Films about witchcraft
de	Kalevipoeg	21061	Kategorie:Sagengestalt > Baltische Sagengestalt
en	Avalon: Web of Magic	21054	Category:Witchcraft > Fiction about witchcraft > Modern Arthurian fiction
it	Stregoneria italiana	21039	Categoria:Stregoneria
es	Yimaj shemó	21037	Categoría:Brujería > Maldiciones
it	Terra Branford	21028	Categoria:Stregoneria > Streghe nelle opere di fantasia
en	Magic and religion	21022	Category:Witchcraft
de	Poltergeist	21018	Kategorie:Sagengestalt > Fabelwesen > Geistwesen
fr	Maléfique (Disney)	21004	Catégorie:Sorcellerie > Sorcellerie dans l'art et la culture > Magicien ou sorcier de fiction
ja	聖エステラ学院の七人の魔女	21001	Category:魔女 > 魔女を題材とした作品 > 魔女を題材としたコンピュータゲーム
es	Fandom Forward	20989	Categoría:Brujería > Brujería en la ficción > Harry Potter
en	Silent Night, Deadly Night 4: Initiation	20979	Category:Witchcraft > Fiction about witchcraft > Films about witchcraft
fr	Kochtcheï	20912	Catégorie:Sorcellerie > Magicien ou sorcier de légende
de	Kaassassuk	20895	Kategorie:Sagengestalt
en	Witchcraft in early modern Wales	20849	Category:European witchcraft > Witchcraft in the United Kingdom
es	A Community of Witches	20805	Categoría:Brujería > Wicca > Libros de Wicca
es	Bruja Zárate	20798	Categoría:Brujería > Brujos ficticios
de	Globi	20795	Kategorie:Sagengestalt > Fabelwesen
ja	魔法使いチャッピー	20793	Category:魔女 > 魔女を題材とした作品 > 魔女を題材としたアニメ作品
es	Magda Logomer	20782	Categoría:Brujería > Brujas (brujería) > Personas acusadas de brujería
fr	Bellatrix Lestrange	20737	Catégorie:Sorcellerie > Sorcellerie dans l'art et la culture > Magicien ou sorcier de fiction
es	Iglesia de Satán	20733	Categoría:Brujería > Satanismo > Iglesia de Satán
es	Anexo:Zombis en ficción	20718	Categoría:Brujería > Zombis
en	The Stories of Girls Who Couldn't Be Magicians	20708	Category:Witchcraft > Fiction about witchcraft > Anime and manga about witchcraft
de	Lindwurm von Lambton	20683	Kategorie:Sagengestalt
es	Viuda Negra (Claire Voyant)	20657	Categoría:Brujería > Brujos ficticios
en	Johann Georg Faust	20642	Category:Witchcraft > Witchcraft in folklore and mythology > Deal with the Devil
en	Encounters of the Spooky Kind	20637	Category:Witchcraft > Fiction about witchcraft > Films about witchcraft
de	Elisabeth von Brandenburg (1510–1558)	20625	Kategorie:Hexenverfolgung > Täter der Hexenverfolgung
fr	Theodor Reuss	20605	Catégorie:Sorcellerie > Organisation qui s'intéresse à la magie > Ordo Templi Orientis
en	Cornstalk (Shawnee leader)	20593	Category:Witchcraft > Curses
en	Mirror, Mirror (1990 film)	20593	Category:Witchcraft > Fiction about witchcraft > Films about witchcraft
es	Zombie-Loan	20582	Categoría:Brujería > Zombis > Zombis en la historieta
de	Irrlicht	20571	Kategorie:Sagengestalt > Fabelwesen
fr	Abe (personnage)	20570	Catégorie:Sorcellerie > Sorcellerie dans l'art et la culture > Magicien ou sorcier de fiction
de	Die Hexe des Grafen Dracula	20555	Kategorie:Hexenverfolgung > Hexenverfolgung in der Kultur
en	Martin Delrio	20546	Category:European witchcraft > Witchcraft in Spain
en	The House of the Devil (2009 film)	20534	Category:Witchcraft > Fiction about witchcraft > Films about witchcraft
en	Kyubey	20525	Category:Witchcraft > Witchcraft in folklore and mythology > Deal with the Devil
it	Zatanna	20518	Categoria:Stregoneria > Streghe nelle opere di fantasia
en	Bratzillaz	20454	Category:Witchcraft > Fiction about witchcraft
en	Execration texts	20443	Category:Witchcraft > Curses > Curse tablets
en	Khuyol Haoba and Yaithing Konu	20436	Category:Witchcraft > Witchcraft in folklore and mythology > Epic cycles of incarnations
en	Witchcraft Acts	20423	Category:Witch trials > Witch trials in Europe > Witch trials in England
fr	Liche (créature)	20403	Catégorie:Sorcellerie > Sorcellerie dans l'art et la culture > Magicien ou sorcier de fiction
ja	セイラム魔女裁判	20389	Category:魔女 > 魔女裁判 > セイラム魔女裁判
de	Katharina Kepler	20383	Kategorie:Hexenverfolgung > Opfer der Hexenverfolgung
de	Blocksberg (Flensburg)	20381	Kategorie:Hexenverfolgung
en	Tiffany Aching	20376	Category:Witchcraft > Fiction about witchcraft > Witchcraft in written fiction
en	Margot Adler	20357	Category:Witchcraft > Judaism and witchcraft > Wiccans of Jewish descent
fr	La Terreur des morts-vivants	20351	Catégorie:Sorcellerie > Sorcellerie dans l'art et la culture > Film sur la sorcellerie
en	Witch Hunter Robin	20350	Category:Witchcraft > Fiction about witchcraft > Anime and manga about witchcraft
fr	Procès en sorcellerie dans le pays de Vaud	20297	Catégorie:Sorcellerie > Sorcellerie féminine
ja	蒼柩のラピスラズリ	20282	Category:魔女 > 魔女を題材とした作品 > 魔女を題材とした小説
es	Mojo (personaje)	20281	Categoría:Brujería > Brujos ficticios
en	Myths (Warhol)	20276	Category:Witchcraft > Witches > Witches in art
en	Samson's riddle	20275	Category:Witchcraft > Incantation > Magic words
en	Protests against early modern witch trials	20258	Category:Witchcraft > European witchcraft
fr	Chaman	20246	Catégorie:Sorcellerie > Sorcellerie par lieu > Sorcellerie en Asie
en	SpongeBob SquarePants: Revenge of the Flying Dutchman	20239	Category:Witchcraft > Curses > Flying Dutchman
de	Hexensabbat	20228	Kategorie:Hexenverfolgung
ja	アガサ・オール・アロング	20226	Category:魔女 > 魔女を題材とした作品 > 魔女を題材としたテレビドラマ
en	Codex Gigas	20211	Category:Witchcraft > Witchcraft in folklore and mythology > Deal with the Devil
en	Faust (1926 film)	20205	Category:Witchcraft > Witchcraft in folklore and mythology > Deal with the Devil
en	Magda Logomer	20177	Category:Witch trials > People accused of witchcraft > People convicted of witchcraft
en	Morana (goddess)	20176	Category:Witchcraft > Witchcraft in folklore and mythology
en	Thomas Ady	20149	Category:Witchcraft > Witch hunting > Critics of witch hunting
fr	Procès des sorcières de Bury St Edmunds	20144	Catégorie:Sorcellerie > Sorcellerie féminine
es	Marvel Zombies	20135	Categoría:Brujería > Zombis > Zombis en la historieta
fr	Grunty	20122	Catégorie:Sorcellerie > Sorcellerie dans l'art et la culture > Magicien ou sorcier de fiction
en	The NeverEnding Story II: The Next Chapter	20063	Category:Witchcraft > Fiction about witchcraft > Films about witchcraft
en	Curse of Billy Penn	20034	Category:Witchcraft > Curses > Sports-related curses
en	Daniel Vuil	20019	Category:Witch trials > People accused of witchcraft
ja	ヘンゼルとグレーテル	20004	Category:魔女 > 魔女を題材とした作品
en	Cotton 100%	19995	Category:Witchcraft > Fiction about witchcraft > Cotton (series)
de	Heinrich Julius (Braunschweig-Wolfenbüttel)	19993	Kategorie:Hexenverfolgung > Täter der Hexenverfolgung
fr	Gwen Tennyson	19984	Catégorie:Sorcellerie > Sorcellerie dans l'art et la culture > Magicien ou sorcier de fiction
en	Fate/Zero	19978	Category:Witchcraft > Fiction about witchcraft > Modern Arthurian fiction
de	Dämonischer Liebhaber	19955	Kategorie:Sagengestalt > Fabelwesen > Untoter
en	Rayman 3: Hoodlum Havoc	19929	Category:Witchcraft > Fiction about witchcraft > Video games about witchcraft
es	La cocina de las brujas	19929	Categoría:Brujería > Brujas en el arte
es	Alegría de Satán	19926	Categoría:Brujería > Satanismo
de	Löwenmensch	19907	Kategorie:Sagengestalt > Fabelwesen
de	David Pestel	19899	Kategorie:Hexenverfolgung > Täter der Hexenverfolgung
es	IZombie	19893	Categoría:Brujería > Zombis > IZombie
de	Waldskulpturenweg	19888	Kategorie:Hexenverfolgung > Hexenverfolgung in der Kultur
es	Gab	19876	Categoría:Brujería > Satanismo > QAnon
en	Greek Magical Papyri	19862	Category:Witchcraft > Grimoires
de	Doppeladler	19846	Kategorie:Sagengestalt > Fabelwesen > Fabelwesen (Heraldik)
es	Yūko Ichihara	19839	Categoría:Brujería > Brujos ficticios
de	Frühlingsanfang (Roman)	19834	Kategorie:Hexerei > Hexerei in der Kultur > Hexerei in Kunst und Literatur
es	Caso McMartin	19831	Categoría:Brujería > Satanismo > Abuso ritual satánico
fr	Radagast	19828	Catégorie:Sorcellerie > Sorcellerie dans l'art et la culture > Magicien ou sorcier de fiction
de	Nüwa	19811	Kategorie:Sagengestalt > Chinesische Sagengestalt > Urkaiser Chinas
de	Hagen von Tronje	19810	Kategorie:Sagengestalt > Germanische Sagengestalt
en	Battle Realms	19801	Category:Witchcraft > Fiction about witchcraft > Video games about witchcraft
de	Ergotismus	19774	Kategorie:Hexenverfolgung
de	Der Zauberlehrling	19765	Kategorie:Hexerei > Hexerei in der Kultur > Hexerei in Kunst und Literatur
en	Paranormal Activity: The Marked Ones	19714	Category:Witchcraft > Fiction about witchcraft > Films about witchcraft
en	Curse of 1940	19698	Category:Witchcraft > Curses > Sports-related curses
en	Uchchhishta	19670	Category:Witchcraft > Curses > Taboo
en	Ella Enchanted	19659	Category:Witchcraft > Curses > Fiction about curses
es	Nigromancia	19655	Categoría:Brujería > Satanismo > Demonología
en	Buffy the Vampire Slayer: Chaos Bleeds	19650	Category:Witchcraft > Fiction about witchcraft > Video games about witchcraft
en	Maria the Virgin Witch	19634	Category:Witchcraft > Fiction about witchcraft > Anime and manga about witchcraft
en	Yorkshire Imperial Band	19602	Category:European witchcraft > Imps
ja	西の魔女が死んだ	19592	Category:魔女 > 魔女を題材とした作品 > 魔女を題材とした映画作品
fr	La Maison de la sorcière	19587	Catégorie:Sorcellerie > Sorcellerie féminine > Procès des sorcières de Salem
it	Magia nera	19571	Categoria:Stregoneria
en	Hadleigh Castle	19559	Category:Witch trials > People accused of witchcraft > Elizabeth Woodville
es	Märet Jonsdotter	19552	Categoría:Brujería > Brujería por país > Brujería en Suecia
en	Nanny McPhee and the Big Bang	19543	Category:Witchcraft > Fiction about witchcraft > Films about witchcraft
es	Clea (cómic)	19537	Categoría:Brujería > Brujos ficticios > Brujas de Marvel Comics
en	Eleno de Céspedes	19531	Category:Witch trials > Witch trials in Europe > Witch trials in Spain
es	Damnatio memoriae	19510	Categoría:Brujería > Maldiciones > Damnatio memoriae
sv	Häxprocesser i Malmö	19506	Kategori:Häxprocesser > Häxprocesser i Europa > Häxprocesser i Danmark
de	Sceaf	19504	Kategorie:Sagengestalt
fr	Sympathy for the Devil	19504	Catégorie:Sorcellerie > Sorcellerie dans l'art et la culture > Diable dans la fiction
en	MediEvil 2	19501	Category:Witchcraft > Fiction about witchcraft > Video games about witchcraft
en	Curse tablet	19489	Category:Witchcraft > Curses > Curse tablets
en	Night of the Eagle	19484	Category:Witchcraft > Fiction about witchcraft > Films about witchcraft
en	Harry Potter: Hogwarts Tournament of Houses	19483	Category:Witchcraft > Fiction about witchcraft > Harry Potter
en	God, the Devil and Bob	19478	Category:European witchcraft > Imps
it	Caccia alle streghe nella Signoria della Mirandola	19463	Categoria:Stregoneria > Processi per stregoneria > Processi per stregoneria in Italia
es	Brujería en América Latina	19441	Categoría:Brujería > Brujería en América
de	Percht	19438	Kategorie:Sagengestalt > Deutsche Sagengestalt
en	Agnes Sampson	19437	Category:People executed for witchcraft > Scottish people executed for witchcraft
en	The Nightmare Before Christmas: Oogie's Revenge	19434	Category:Witchcraft > Fiction about witchcraft > Video games about witchcraft
es	Willow Rosenberg	19426	Categoría:Brujería > Brujos ficticios
ja	石の舟に乗った魔女	19407	Category:魔女 > 魔女を題材とした作品
it	Medea	19406	Categoria:Stregoneria > Streghe nelle opere di fantasia
en	The House of the Seven Gables	19377	Category:Witchcraft > Curses > Fiction about curses
en	Ultima II: The Revenge of the Enchantress	19371	Category:Witchcraft > Fiction about witchcraft > Video games about witchcraft
en	Deadnaming	19350	Category:Witchcraft > Curses > Taboo
en	The Little Girl Sold with the Pears	19328	Category:Witchcraft > Fiction about witchcraft > Witchcraft in fairy tales
de	Peter Binsfeld	19324	Kategorie:Hexenverfolgung > Täter der Hexenverfolgung
en	Four Rooms	19324	Category:Witchcraft > Fiction about witchcraft > Films about witchcraft
ja	アグラオニケ	19323	Category:魔女
en	Bewitched (2005 film)	19294	Category:Witchcraft > Fiction about witchcraft > Films about witchcraft
sv	Malin Matsdotter	19292	Kategori:Häxprocesser > Personer som blivit avrättade för häxeri > Personer som blivit avrättade för häxeri i Sverige
fr	Robert de Lamiré de Bachimont	19286	Catégorie:Sorcellerie > Sorcellerie féminine > Affaire des poisons
de	August II. (Braunschweig-Wolfenbüttel)	19274	Kategorie:Hexenverfolgung > Täter der Hexenverfolgung
de	Vimbuza	19249	Kategorie:Sagengestalt > Fabelwesen > Geistwesen
en	The Devonsville Terror	19237	Category:Witchcraft > Fiction about witchcraft > Films about witchcraft
en	The Woods (2006 film)	19231	Category:Witchcraft > Fiction about witchcraft > Films about witchcraft
ja	セイラム魔女裁判の年表	19231	Category:魔女 > 魔女裁判 > セイラム魔女裁判
en	The Tribe of Witches	19221	Category:Witchcraft > Books about witchcraft > History books about witchcraft
en	Pydna curse tablets	19211	Category:European witchcraft
de	Ungeheuer von Loch Ness	19205	Kategorie:Sagengestalt > Fabelwesen > Seeungeheuer
es	Jennifer Kale	19202	Categoría:Brujería > Brujos ficticios
en	Basque witch trials	19195	Category:Witch trials > Witch trials in Europe > Witch trials in Spain
es	Sarah Wildes	19185	Categoría:Brujería > Procesos por brujería > Ejecutados por brujería
de	Hygelac	19183	Kategorie:Sagengestalt > Germanische Sagengestalt
it	Processo alle streghe di North Berwick	19167	Categoria:Stregoneria > Processi per stregoneria
en	Elspeth Reoch	19162	Category:People executed for witchcraft > Scottish people executed for witchcraft
en	Agnes Bernauer	19159	Category:People executed for witchcraft > German people executed for witchcraft
it	Magik	19136	Categoria:Stregoneria > Streghe nelle opere di fantasia
en	Spanky's Quest	19126	Category:Witchcraft > Fiction about witchcraft > Video games about witchcraft
en	Khamba and Thoibi	19118	Category:Witchcraft > Witchcraft in folklore and mythology > Epic cycles of incarnations
de	Krabat (Roman)	19108	Kategorie:Hexerei > Hexerei in der Kultur > Hexerei in Kunst und Literatur
ja	剣の王国	19101	Category:魔女 > 魔女を題材とした作品 > 魔女を題材とした漫画作品
en	The Legend of Dororo and Hyakkimaru	19099	Category:Witchcraft > Curses > Fiction about curses
de	The Terror – Schloß des Schreckens	19094	Kategorie:Hexenverfolgung > Hexenverfolgung in der Kultur
es	Ataque a Paul Pelosi	19093	Categoría:Brujería > Satanismo > QAnon
es	Diamante Hope	19089	Categoría:Brujería > Maldiciones
en	Peder Munk	19083	Category:Witch trials > Accusers in witch trials
en	Letter from Cotton Mather to William Stoughton, September 2, 1692	19067	Category:Witch trials > Witch trials in North America > Salem witch trials
en	George and Lachlan Rattray	19064	Category:Witch trials > People accused of witchcraft
it	Yuko Ichihara	19062	Categoria:Stregoneria > Streghe nelle opere di fantasia
en	Ex-Cubs Factor	19054	Category:Witchcraft > Curses > Sports-related curses
de	Chonrad Stoeckhlin und die Nachtschar. Eine Geschichte aus der frühen Neuzeit	19053	Kategorie:Hexenverfolgung > Opfer der Hexenverfolgung
fr	Fear Street, partie 3 : 1666	18998	Catégorie:Sorcellerie > Sorcellerie féminine > Film mettant en scène une sorcière
en	Museum of Witchcraft and Magic	18994	Category:Witchcraft > Witchcraft museums
fr	Nelson (bande dessinée)	18994	Catégorie:Sorcellerie > Sorcellerie dans l'art et la culture > Diable dans la fiction
es	Ushi no toki mairi	18981	Categoría:Brujería > Maldiciones
de	Patupaiarehe	18961	Kategorie:Sagengestalt > Fabelwesen
ja	鋼鉄の魔女アンネローゼ	18947	Category:魔女 > 魔女を題材とした作品 > 魔女を題材としたコンピュータゲーム
en	The Witch's House	18884	Category:Witchcraft > Fiction about witchcraft > Video games about witchcraft
en	Dragon Knight II	18877	Category:Witchcraft > Fiction about witchcraft > Video games about witchcraft
en	Witches in popular culture	18867	Category:Witchcraft > Witches
en	Wario World	18859	Category:Witchcraft > Fiction about witchcraft > Video games about witchcraft
ja	偉大なる魔女プアン様の観察日記	18844	Category:魔女 > 魔女を題材とした作品 > 魔女を題材とした漫画作品
es	Megatokyo	18837	Categoría:Brujería > Zombis > Zombis en la historieta
ja	魔女の宅急便 (2014年の映画)	18837	Category:魔女 > 魔女を題材とした作品 > 魔女を題材とした映画作品
de	Hexenverfolgung in Neustadt am Rübenberge	18832	Kategorie:Hexenverfolgung > Hexenverfolgung nach räumlicher Zuordnung > Hexenprozesse in Deutschland
de	Religion in Papua-Neuguinea	18822	Kategorie:Hexerei > Moderne Hexenverfolgung
en	Mary Bliss Parsons	18822	Category:Witch trials > Witch trials in North America
es	Sanguinario	18813	Categoría:Brujería > Brujería en la ficción > Brujería en cine y televisión
en	Bath curse tablets	18812	Category:Witchcraft > Curses > Curse tablets
de	Kuchisake-onna	18804	Kategorie:Sagengestalt > Fabelwesen > Weibliches Fabelwesen
en	Mickey's Tale of Two Witches	18803	Category:Witchcraft > Fiction about witchcraft > Television shows about witchcraft
en	Spear (Griffith novel)	18789	Category:Witchcraft > Fiction about witchcraft > Modern Arthurian fiction
en	Rebecca Nurse	18785	Category:People executed for witchcraft > American people executed for witchcraft > People executed in the Salem witch trials
de	Kitsune	18769	Kategorie:Sagengestalt > Fabelwesen > Formwandler
fr	Affaire des possédés de Loudun	18750	Catégorie:Sorcellerie > Sorcellerie féminine
en	Nábrók	18736	Category:European witchcraft > Witchcraft in Iceland
de	Lāčplēsis	18695	Kategorie:Sagengestalt > Baltische Sagengestalt
en	Book of Shadows	18693	Category:Witchcraft > Grimoires
en	Witch trials in Virginia	18688	Category:Witch trials > Witch trials in North America
de	Monster vom Totasee	18659	Kategorie:Sagengestalt > Fabelwesen > Seeungeheuer
en	Book curse	18658	Category:Witchcraft > Curses
en	My Little Pony: The Movie (1986 film)	18649	Category:Witchcraft > Fiction about witchcraft > Films about witchcraft
ja	ルミナスアーク2 ウィル	18637	Category:魔女 > 魔女を題材とした作品 > 魔女を題材としたコンピュータゲーム
en	Addams Family Reunion	18631	Category:Witchcraft > Fiction about witchcraft > Films about witchcraft
en	Ring (novel series)	18613	Category:Witchcraft > Curses > Fiction about curses
es	Tiroteo en la Escuela Secundaria Pearl	18549	Categoría:Brujería > Satanismo > Delitos relacionados con el satanismo u ocultismo
fr	Narnia : Le Neveu du magicien	18546	Catégorie:Sorcellerie > Sorcellerie dans l'art et la culture > Film sur la sorcellerie
ja	プルルくん	18535	Category:魔女 > 魔女を題材とした作品
es	Doom II	18527	Categoría:Brujería > Satanismo > Videojuegos de satanismo
en	Reginald Scot	18521	Category:Witchcraft > Witch hunting > Critics of witch hunting
en	Nanny McPhee	18495	Category:Witchcraft > Fiction about witchcraft > Films about witchcraft
en	Cleverman	18493	Category:Witchcraft
en	Understanding The Lord of the Rings	18475	Category:Witchcraft > Fiction about witchcraft > Middle-earth
en	Tales from the Darkside: The Movie	18471	Category:Witchcraft > Fiction about witchcraft > Films about witchcraft
en	The Girl from the Egg (German folktale)	18469	Category:Witchcraft > Fiction about witchcraft > Witchcraft in fairy tales
en	Allison Balfour	18459	Category:People executed for witchcraft > Scottish people executed for witchcraft
es	Sabrina Spellman	18457	Categoría:Brujería > Brujos ficticios
es	John Zatara	18438	Categoría:Brujería > Brujos ficticios > Zatanna
fr	Madelyne Pryor	18438	Catégorie:Sorcellerie > Sorcellerie dans l'art et la culture > Magicien ou sorcier de fiction
fr	Marthe Brossier	18436	Catégorie:Sorcellerie > Sorcellerie féminine
en	Yimakh shemo	18410	Category:Witchcraft > Curses
es	Jeanne Favret-Saada	18398	Categoría:Brujería > Estudiosos de la brujería
fr	Lovecraft Country (série télévisée)	18392	Catégorie:Sorcellerie > Sorcellerie dans l'art et la culture > Série télévisée sur la sorcellerie
de	Wieland der Schmied	18384	Kategorie:Sagengestalt > Germanische Sagengestalt
en	Gunbird 2	18364	Category:Witchcraft > Fiction about witchcraft > Video games about witchcraft
en	Es Negret	18361	Category:Witchcraft > Fiction about witchcraft > Witchcraft in fairy tales
en	The Archaeology of Ritual and Magic	18360	Category:Witchcraft > Books about witchcraft > History books about witchcraft
en	Cauldron II: The Pumpkin Strikes Back	18345	Category:Witchcraft > Fiction about witchcraft > Video games about witchcraft
en	The Saxon Shore	18340	Category:Witchcraft > Fiction about witchcraft > Modern Arthurian fiction
fr	Paige Matthews	18339	Catégorie:Sorcellerie > Sorcellerie dans l'art et la culture > Magicien ou sorcier de fiction
en	Illinois Central 382	18327	Category:Witchcraft > Curses
en	Horkos	18319	Category:Witchcraft > Curses
en	Starhawk	18319	Category:Witchcraft > Judaism and witchcraft > Wiccans of Jewish descent
es	Espiral (cómic)	18305	Categoría:Brujería > Brujos ficticios
de	Die Walküre	18290	Kategorie:Sagengestalt > Germanische Sagengestalt > Walküre
en	Jannes and Jambres	18278	Category:Witchcraft > Judaism and witchcraft
es	Sean Sellers	18277	Categoría:Brujería > Satanismo > Conversos al cristianismo desde el satanismo u ocultismo
ja	巨乳魔女	18275	Category:魔女 > 魔女を題材とした作品 > 魔女を題材としたコンピュータゲーム
en	Huibin Jang	18274	Category:Witchcraft > Asian witchcraft
en	The Fairyland Story	18267	Category:Witchcraft > Fiction about witchcraft > Video games about witchcraft
en	Gretel & Hansel	18251	Category:Witchcraft > Fiction about witchcraft > Films about witchcraft
en	Spirit Halloween: The Movie	18243	Category:Witchcraft > Fiction about witchcraft > Films about witchcraft
es	Juicios de Salem	18243	Categoría:Brujería > Procesos por brujería > Juicios por brujería de Salem
de	Berggeist	18219	Kategorie:Sagengestalt > Fabelwesen
en	Witch hunts in Papua New Guinea	18217	Category:Witchcraft > Witch hunting
en	Sorginak	18216	Category:European witchcraft
de	Hexensalbe	18208	Kategorie:Hexenverfolgung
sv	Elin i Staxäng	18203	Kategori:Häxprocesser > Personer som blivit avrättade för häxeri > Personer som blivit avrättade för häxeri i Sverige
es	Asesinato de Jeannette DePalma	18176	Categoría:Brujería > Satanismo > Delitos relacionados con el satanismo u ocultismo
de	Hexenzunft	18160	Kategorie:Hexenverfolgung > Hexenverfolgung in der Kultur
de	Thalestris	18158	Kategorie:Sagengestalt > Mythischer Herrscher > Königin der griechischen Mythologie
en	Wicked Annabella	18140	Category:Witchcraft > Fiction about witchcraft > Songs about witches
en	Ding-Dong! The Witch Is Dead	18114	Category:Witchcraft > Fiction about witchcraft > Songs about witches
en	Kala pani (taboo)	18100	Category:Witchcraft > Curses > Taboo
de	Yamauba	18099	Kategorie:Hexerei > Hexe
en	Tale of Tales (2015 film)	18085	Category:Witchcraft > Fiction about witchcraft > Films about witchcraft
es	Sankarea	18073	Categoría:Brujería > Zombis > Zombis en la historieta
en	Matthew 5:44	18067	Category:Witchcraft > Curses
es	Anna Roleffes	18063	Categoría:Brujería > Procesos por brujería > Ejecutados por brujería
de	Rebekka Lemp	18032	Kategorie:Hexenverfolgung > Opfer der Hexenverfolgung
fr	Jeanne Favret-Saada	18024	Catégorie:Sorcellerie > Étude de la sorcellerie > Auteur de traité sur la sorcellerie
es	The Craft (película)	18006	Categoría:Brujería > Brujos ficticios
es	Pacto con el diablo	18002	Categoría:Brujería > Magia y brujería en folclore y mitología
en	Alonso de Salazar Frías	17997	Category:Witchcraft > Witch hunting > Critics of witch hunting
en	The Autopsy of Jane Doe	17991	Category:Witchcraft > Fiction about witchcraft > Films about witchcraft
en	Voodoo in popular culture	17990	Category:Witchcraft > African witchcraft > Voodoo
en	The Dragon (fairy tale)	17986	Category:Witchcraft > Fiction about witchcraft > Witchcraft in fairy tales
en	Bessie Dunlop of Lynn	17986	Category:People executed for witchcraft > Scottish people executed for witchcraft
en	Beastly	17980	Category:Witchcraft > Curses > Fiction about curses
en	The Monkey's Paw	17978	Category:Witchcraft > Curses > Fiction about curses
en	The Buried Giant	17978	Category:Witchcraft > Fiction about witchcraft > Modern Arthurian fiction
fr	Witch Hunter Robin	17957	Catégorie:Sorcellerie > Sorcellerie dans l'art et la culture > Série télévisée sur la sorcellerie
fr	Aerith Gainsborough	17949	Catégorie:Sorcellerie > Sorcellerie dans l'art et la culture > Magicien ou sorcier de fiction
fr	Märet Jonsdotter	17947	Catégorie:Sorcellerie > Sorcellerie par lieu > Sorcellerie en Suède
en	Alu (runic)	17930	Category:Witchcraft > Incantation > Magic words
en	The Fionavar Tapestry	17919	Category:Witchcraft > Fiction about witchcraft > Modern Arthurian fiction
it	Malvagia Strega dell'Ovest	17898	Categoria:Stregoneria > Streghe nelle opere di fantasia
fr	Décriminalisation de la sorcellerie en France	17893	Catégorie:Sorcellerie > Sorcellerie dans l'art et la culture
es	Abdul Alhazred	17890	Categoría:Brujería > Satanismo > Demonología
en	Giuseppe Tartini	17889	Category:Witchcraft > Witchcraft in folklore and mythology > Deal with the Devil
ru	Геката	17879	Категория:Ведьмы
en	Pappenheimer witch trial	17878	Category:Witch trials > Witch trials in Europe > Witch trials in Germany
en	Mpumalanga Witchcraft Suppression Bill	17876	Category:Witchcraft > African witchcraft
fr	Tara Maclay	17873	Catégorie:Sorcellerie > Sorcellerie dans l'art et la culture > Magicien ou sorcier de fiction
de	Rostam (Schāhnāme)	17870	Kategorie:Sagengestalt > Drachentöter
en	The Brotherhood of Satan	17869	Category:Witchcraft > Fiction about witchcraft > Films about witchcraft
de	Skinwalker	17861	Kategorie:Sagengestalt > Fabelwesen > Formwandler
en	Curse of Tippecanoe	17849	Category:Witchcraft > Curses
de	Juan Oso	17844	Kategorie:Sagengestalt > Fabelwesen
es	Jadis	17829	Categoría:Brujería > Brujos ficticios
en	Witchcraft accusations against children	17799	Category:Witchcraft > Witch hunting
es	Asesinato sectario en el McDonald’s de Zhaoyuan	17788	Categoría:Brujería > Satanismo > Delitos relacionados con el satanismo u ocultismo
en	Lexa Roséan	17778	Category:Witchcraft > Judaism and witchcraft > Wiccans of Jewish descent
en	I Married a Witch	17774	Category:Witchcraft > Fiction about witchcraft > Films about witchcraft
ja	どき魔女ぷらす	17774	Category:魔女 > 魔女を題材とした作品 > 魔女を題材としたコンピュータゲーム
en	Tomb Raider IV–VI Remastered	17771	Category:Witchcraft > Fiction about witchcraft > Video games about witchcraft
ja	女だから、とパーティを追放されたので伝説の魔女と最強タッグを組みました	17771	Category:魔女 > 魔女を題材とした作品 > 魔女を題材とした小説
de	Johannes Pistorius der Jüngere	17752	Kategorie:Hexenverfolgung > Gegner der Hexenverfolgung
en	Medjed	17746	Category:Witchcraft > Incantation > Book of the Dead
es	Satana	17740	Categoría:Brujería > Brujos ficticios
en	Curse of Scotland	17733	Category:Witchcraft > Curses
es	Brujas en Cataluña	17733	Categoría:Brujería > Brujería por país > Brujería en España
en	The Witch in the Stone Boat	17732	Category:Witchcraft > Fiction about witchcraft > Witchcraft in fairy tales
en	Hangoi	17730	Category:Witchcraft > Fiction about witchcraft > Witchcraft in fairy tales
en	Lure of the Temptress	17724	Category:Witchcraft > Fiction about witchcraft > Video games about witchcraft
en	Pac-In-Time	17724	Category:Witchcraft > Fiction about witchcraft > Video games about witchcraft
en	The Story of the Abandoned Princess	17715	Category:Witchcraft > Fiction about witchcraft > Witchcraft in fairy tales
en	Mirandola witch trials	17710	Category:Witch trials > Witch trials in Europe > Witch trials in Italy
es	Amanda Sefton	17703	Categoría:Brujería > Brujos ficticios
it	Dottor Fate	17658	Categoria:Stregoneria > Stregoni immaginari
en	Exorcism of Roland Doe	17651	Category:Witchcraft > Curses > Demonic possession
de	Wilhelm Adolf Scribonius	17646	Kategorie:Hexenverfolgung > Täter der Hexenverfolgung > Hexentheoretiker
en	Season of the Witch (1972 film)	17646	Category:Witchcraft > Fiction about witchcraft > Films about witchcraft
fr	Tablette de Chamalières	17629	Catégorie:Sorcellerie > Sorcellerie dans l'art et la culture > Tablette de défixion
de	Dietrich Schnepf	17626	Kategorie:Hexenverfolgung > Gegner der Hexenverfolgung
en	Religious restrictions on the consumption of pork	17615	Category:Witchcraft > Curses > Taboo
de	Nanabozho	17614	Kategorie:Sagengestalt > Fabelwesen
en	Elizabeth Booth	17612	Category:Witch trials > Accusers in witch trials > Accusers in the Salem witch trials
en	Joseph Glanvill	17605	Category:Witchcraft > Witch hunting > Supporters of witch hunting
ja	ロビン・フッド (1991年のアメリカ映画)	17603	Category:魔女 > 魔女を題材とした作品 > 魔女を題材とした映画作品
it	Megumi Fushiguro	17593	Categoria:Stregoneria > Stregoni immaginari
es	Brujería en Goya	17583	Categoría:Brujería > Brujería por país > Brujería en España
en	The Spinning-Woman by the Spring	17570	Category:Witchcraft > Fiction about witchcraft > Witchcraft in fairy tales
en	Viy (2014 film)	17565	Category:Witchcraft > Fiction about witchcraft > Films about witchcraft
en	Practical Magic 2	17564	Category:Witchcraft > Fiction about witchcraft > Films about witchcraft
it	Bonnie McCullough	17554	Categoria:Stregoneria > Streghe nelle opere di fantasia
en	Barbara Napier	17544	Category:Witch trials > Witch trials in Europe > Witch trials in Scotland
es	David Berkowitz	17541	Categoría:Brujería > Satanismo > Conversos al cristianismo desde el satanismo u ocultismo
en	Jacquetta of Luxembourg	17537	Category:Witch trials > People accused of witchcraft > People acquitted of witchcraft
en	Doomdark's Revenge	17519	Category:Witchcraft > Fiction about witchcraft > Video games about witchcraft
en	Midna	17508	Category:European witchcraft > Imps
ja	カニングフォーク	17503	Category:魔女
en	Book of Shadows (Charmed)	17486	Category:Witchcraft > Grimoires > Fictional grimoires
fr	Carlo Ginzburg	17480	Catégorie:Sorcellerie > Étude de la sorcellerie > Auteur de traité sur la sorcellerie
de	Ferdinand von Bayern (1577–1650)	17474	Kategorie:Hexenverfolgung > Täter der Hexenverfolgung
en	Nevermoor: The Trials of Morrigan Crow	17464	Category:Witchcraft > Curses > Fiction about curses
fr	Féminin sacré	17461	Catégorie:Sorcellerie > Sorcellerie contemporaine > Wicca
de	Wichtel	17453	Kategorie:Sagengestalt
de	Yeti	17451	Kategorie:Sagengestalt > Fabelwesen
it	Mefisto (Tex)	17445	Categoria:Stregoneria > Stregoni immaginari
en	Traité sur les apparitions des esprits et sur les vampires ou les revenans de Hongrie, de Moravie, &c.	17444	Category:European witchcraft > Familiars
de	Sphinx (ägyptisch)	17437	Kategorie:Sagengestalt > Fabelwesen > Mischwesen
en	Witch doctor	17423	Category:European witchcraft
fr	Nico Minoru	17418	Catégorie:Sorcellerie > Sorcellerie dans l'art et la culture > Magicien ou sorcier de fiction
de	Stephen Nissenbaum	17413	Kategorie:Hexenverfolgung > Sachliteratur (Hexenverfolgung)
en	Mark of the Devil (1970 film)	17409	Category:Witchcraft > Fiction about witchcraft > Films about witchcraft
en	The Witchfinders	17407	Category:Witchcraft > Fiction about witchcraft > Witch hunting in fiction
de	Cú Chulainn	17406	Kategorie:Sagengestalt > Keltische Sagengestalt > Irische Sagengestalt
ja	イーストエンドの魔女たち	17395	Category:魔女 > 魔女を題材とした作品 > 魔女を題材としたテレビドラマ
fr	Procès de sorcellerie de Munster	17328	Catégorie:Sorcellerie > Sorcellerie par lieu > Sorcellerie en France
de	Anna Murschel	17322	Kategorie:Hexenverfolgung > Opfer der Hexenverfolgung
en	Bridget Bishop	17286	Category:People executed for witchcraft > English people executed for witchcraft
en	In Fabric	17279	Category:Witchcraft > Fiction about witchcraft > Films about witchcraft
es	Jasper Sitwell	17272	Categoría:Brujería > Zombis > Zombis en la historieta
en	Troll (1986 film)	17258	Category:Witchcraft > Fiction about witchcraft > Films about witchcraft
it	Phoebe Halliwell	17257	Categoria:Stregoneria > Streghe nelle opere di fantasia
en	Holidays (2016 film)	17256	Category:Witchcraft > Fiction about witchcraft > Films about witchcraft
es	Summer Camp Island	17252	Categoría:Brujería > Brujería en la ficción > Brujería en cine y televisión
de	Rebecca Nurse	17251	Kategorie:Hexenverfolgung > Opfer der Hexenverfolgung
de	Gargantua und Pantagruel	17241	Kategorie:Sagengestalt > Fabelwesen > Riese
de	Magnus von Füssen	17234	Kategorie:Sagengestalt > Drachentöter
it	Ryomen Sukuna	17227	Categoria:Stregoneria > Stregoni immaginari
en	The Bottle Imp	17226	Category:European witchcraft > Imps
de	König Laurins Rosengarten	17216	Kategorie:Sagengestalt
en	The Alchemyst: The Secrets of the Immortal Nicholas Flamel	17188	Category:Witchcraft > Judaism and witchcraft > Witch of Endor
en	Theatrical superstitions	17186	Category:Witchcraft > Curses
en	Katarina witch trials	17174	Category:Witch trials > Witch trials in Europe > Witch trials in Sweden
fr	Alex Russo	17170	Catégorie:Sorcellerie > Sorcellerie dans l'art et la culture > Magicien ou sorcier de fiction
de	Apollon	17166	Kategorie:Sagengestalt > Drachentöter
fr	Tia Dalma	17148	Catégorie:Sorcellerie > Sorcellerie féminine > Sorcière
en	The Blair Witch Files	17139	Category:Witchcraft > Curses > Fiction about curses
en	Werewolf witch trials	17128	Category:Witch trials > Witch trials in Europe
ja	蒲田魔女	17127	Category:魔女 > 魔女を題材とした作品 > 魔女を題材とした漫画作品
en	Joseph Hansen (historian)	17087	Category:Witchcraft > Historians of witchcraft
es	The Adventures of Sharkboy and Lavagirl in 3-D	17082	Categoría:Brujería > Brujería en la ficción > Brujería en cine y televisión
en	Königskinder	17081	Category:Witchcraft > Fiction about witchcraft
en	The Midnight Hour	17071	Category:Witchcraft > Fiction about witchcraft > Films about witchcraft
en	Mountaintop Motel Massacre	17061	Category:Witchcraft > Fiction about witchcraft > Films about witchcraft
it	Nicci	17061	Categoria:Stregoneria > Streghe nelle opere di fantasia
en	Tanya Grotter	17039	Category:Witchcraft > Fiction about witchcraft > Witchcraft in written fiction
de	The Witch Next Door	17031	Kategorie:Hexerei > Hexerei in der Kultur > Hexerei im Film
en	Necklace of Harmonia	17027	Category:Witchcraft > Curses
es	Ama Hemmah	17022	Categoría:Brujería > Procesos por brujería > Ejecutados por brujería
de	Margarethe Burich	17003	Kategorie:Hexenverfolgung > Opfer der Hexenverfolgung
de	Lexa Roséan	16992	Kategorie:Hexerei > Hexe
en	The Unholy (2021 film)	16973	Category:Witchcraft > Fiction about witchcraft > Films about witchcraft
en	Ursula Kemp	16972	Category:People executed for witchcraft > English people executed for witchcraft
en	Harry Potter: A History of Magic	16955	Category:Witchcraft > Fiction about witchcraft > Harry Potter
es	Lillias Adie	16935	Categoría:Brujería > Brujas (brujería) > Personas acusadas de brujería
de	Illuyanka	16923	Kategorie:Sagengestalt > Fabelwesen > Seeungeheuer
en	Hex (1973 film)	16916	Category:Witchcraft > Fiction about witchcraft > Films about witchcraft
ja	狼男裁判	16897	Category:魔女 > 魔女裁判
ja	のろい屋しまい	16890	Category:魔女 > 魔女を題材とした作品 > 魔女を題材とした漫画作品
en	The Wizard of Oz: Beyond the Yellow Brick Road	16848	Category:Witchcraft > Fiction about witchcraft > Video games about witchcraft
de	Geistwesen	16842	Kategorie:Sagengestalt > Fabelwesen > Geistwesen
en	Halloweentown High	16841	Category:Witchcraft > Fiction about witchcraft > Films about witchcraft
de	Kinderschreckfigur	16835	Kategorie:Sagengestalt > Fabelwesen
it	Libro detto strega o delle illusioni del demonio	16824	Categoria:Stregoneria
fr	Fear Street, partie 1 : 1994	16818	Catégorie:Sorcellerie > Sorcellerie féminine > Film mettant en scène une sorcière
es	The Lords of Salem	16815	Categoría:Brujería > Brujería en la ficción > Brujería en cine y televisión
de	Heinzelmännchen	16813	Kategorie:Sagengestalt > Deutsche Sagengestalt
en	The Good Witch	16807	Category:Witchcraft > Fiction about witchcraft > Films about witchcraft
es	Salem Saberhagen	16799	Categoría:Brujería > Brujos ficticios
fr	François-Henri de Montmorency-Luxembourg	16794	Catégorie:Sorcellerie > Sorcellerie féminine > Affaire des poisons
en	Dead in Tombstone	16784	Category:Witchcraft > Witchcraft in folklore and mythology > Deal with the Devil
fr	Tony Shiels	16783	Catégorie:Sorcellerie > Sorcellerie contemporaine
en	Psychedelica of the Black Butterfly and the Ashen Hawk	16777	Category:Witchcraft > Fiction about witchcraft > Video games about witchcraft
fr	Hérétismes et sorcellerie à Lyon	16776	Catégorie:Sorcellerie > Sorcellerie par lieu > Sorcellerie en France
en	Galder (incantation)	16769	Category:Witchcraft > Incantation
en	Kitāb al-nawāmīs	16768	Category:Witchcraft > Grimoires > Arabic grimoires
en	Taboo (book)	16756	Category:Witchcraft > Curses > Taboo
es	Anexo:Brujas en ficción	16747	Categoría:Brujería
de	Elizabeth Johnson Jr.	16732	Kategorie:Hexenverfolgung > Opfer der Hexenverfolgung
fr	Fear Street, partie 2 : 1978	16726	Catégorie:Sorcellerie > Sorcellerie féminine > Film mettant en scène une sorcière
es	West Memphis Three	16697	Categoría:Brujería > Satanismo
en	Moll Dyer	16694	Category:Witch trials > People accused of witchcraft
de	Memnon (Mythologie)	16692	Kategorie:Sagengestalt > Mythischer Herrscher > König der griechischen Mythologie
de	Bigfoot	16678	Kategorie:Sagengestalt > Fabelwesen > Fabeltier
es	Ulysses: Jeanne d'Arc to Renkin no Kishi	16674	Categoría:Brujería > Brujería en la ficción > Obras literarias modernas de la materia de Bretaña
de	Johannes Ewich	16661	Kategorie:Hexenverfolgung > Gegner der Hexenverfolgung
en	Bermondsey Abbey	16661	Category:Witch trials > People accused of witchcraft > Elizabeth Woodville
fr	La Main de l'enfer	16640	Catégorie:Sorcellerie > Sorcellerie dans l'art et la culture > Diable dans la fiction
en	The Little Mermaid: Ariel's Undersea Adventure	16639	Category:Witchcraft > Fiction about witchcraft
en	Witch and Hound	16639	Category:Witchcraft > Fiction about witchcraft > Anime and manga about witchcraft
it	Clinschor	16633	Categoria:Stregoneria > Stregoni immaginari
de	Mayfair Witches	16624	Kategorie:Hexerei > Hexerei in der Kultur > Hexerei im Film
de	Nixe	16615	Kategorie:Sagengestalt > Deutsche Sagengestalt
en	The Bright Sword	16611	Category:Witchcraft > Fiction about witchcraft > Modern Arthurian fiction
en	Hello, I am a Witch, and My Crush Wants Me to Make a Love Potion!	16593	Category:Witchcraft > Fiction about witchcraft > Anime and manga about witchcraft
en	Witch trials in Connecticut	16587	Category:Witch trials > Witch trials in North America
de	Wilhelm Gottlieb Soldan	16577	Kategorie:Hexenverfolgung > Sachliteratur (Hexenverfolgung)
de	Oġuzhan	16569	Kategorie:Sagengestalt
en	Aradia	16552	Category:European witchcraft > Witchcraft in Italy
en	Smart Ball	16548	Category:Witchcraft > Fiction about witchcraft > Video games about witchcraft
en	Paranormal Activity 3	16545	Category:Witchcraft > Fiction about witchcraft > Films about witchcraft
fr	Panoramix	16545	Catégorie:Sorcellerie > Sorcellerie dans l'art et la culture > Magicien ou sorcier de fiction
fr	Union sportive Socozaki	16526	Catégorie:Sorcellerie > Sorcellerie par lieu > Sorcellerie en Afrique
de	Shun (Kaiser)	16524	Kategorie:Sagengestalt > Chinesische Sagengestalt > Urkaiser Chinas
en	Rakudai Majo	16523	Category:Witchcraft > Fiction about witchcraft > Anime and manga about witchcraft
en	Cheat Slayer	16522	Category:Witchcraft > Fiction about witchcraft > Anime and manga about witchcraft
es	Circe	16517	Categoría:Brujería > Magia y brujería en folclore y mitología > Magos de la mitología griega
de	Die Brück’ am Tay	16512	Kategorie:Hexerei > Hexerei in der Kultur > Hexerei in Kunst und Literatur
fr	Vox in Rama	16510	Catégorie:Sorcellerie > Sorcellerie féminine
en	Ek Thi Daayan	16504	Category:Witchcraft > Fiction about witchcraft > Films about witchcraft
de	Tin Man – Kampf um den Smaragd des Lichts	16501	Kategorie:Hexerei > Hexerei in der Kultur > Hexerei im Film
de	Meerjungfrau	16497	Kategorie:Sagengestalt > Fabelwesen > Mischwesen
en	Stranger in Our House	16489	Category:Witchcraft > Fiction about witchcraft > Films about witchcraft
en	The Witches (Hans Baldung)	16484	Category:European witchcraft > Witches' Sabbath
en	The Girl Without Hands	16459	Category:Witchcraft > Witchcraft in folklore and mythology > Deal with the Devil
en	Eleanor Cobham	16457	Category:Witch trials > People accused of witchcraft > People convicted of witchcraft
de	Sardanapal	16449	Kategorie:Sagengestalt
en	Märet Jonsdotter	16424	Category:People executed for witchcraft > Swedish people executed for witchcraft
de	Baba Jaga	16419	Kategorie:Hexerei > Hexe
es	Prue Halliwell	16375	Categoría:Brujería > Brujos ficticios
it	Barone Mordo	16365	Categoria:Stregoneria > Stregoni immaginari
en	Warriors of Might and Magic	16363	Category:Witchcraft > Fiction about witchcraft > Video games about witchcraft
it	Stregoneria tradizionale	16358	Categoria:Stregoneria
de	Catherine Quicquat	16337	Kategorie:Hexenverfolgung > Opfer der Hexenverfolgung
de	Giftaffäre	16327	Kategorie:Hexenverfolgung
es	Mary Bateman	16295	Categoría:Brujería > Brujas (brujería)
es	Cartel de Pozoblanco	16282	Categoría:Brujería > Maldiciones
sv	Per Larsson i Mollösund	16258	Kategori:Häxprocesser > Personer som blivit avrättade för häxeri > Personer som blivit avrättade för häxeri i Sverige
es	Ordalía	16257	Categoría:Brujería > Ordalía
it	Neville Paciock	16245	Categoria:Stregoneria > Stregoni immaginari
en	Snow White: The Fairest of Them All	16235	Category:Witchcraft > Fiction about witchcraft > Films about witchcraft
de	Adelheid Sieveking	16228	Kategorie:Hexenverfolgung > Opfer der Hexenverfolgung
it	Hector Hall	16217	Categoria:Stregoneria > Stregoni immaginari
en	Medical explanations of bewitchment	16204	Category:European witchcraft
ja	Helvetica ヘルベチカ	16198	Category:魔女 > 魔女を題材とした作品 > 魔女を題材とした漫画作品
de	Lambert Daneau	16177	Kategorie:Hexenverfolgung > Täter der Hexenverfolgung > Hexentheoretiker
es	Elspeth Reoch	16176	Categoría:Brujería > Procesos por brujería > Ejecutados por brujería
en	Thomas Brattle	16160	Category:Witchcraft > Witch hunting > Critics of witch hunting
de	Ali Baba und die vierzig Räuber (Märchen)	16158	Kategorie:Sagengestalt
en	The Sims: Makin' Magic	16138	Category:Witchcraft > Fiction about witchcraft > Video games about witchcraft
en	The Book of Abramelin	16134	Category:Witchcraft > Grimoires > Goetic grimoires
en	Der fliegende Holländer	16123	Category:Witchcraft > Curses > Flying Dutchman
en	The Castle of Return and No Return	16108	Category:Witchcraft > Fiction about witchcraft > Witchcraft in fairy tales
en	The Spell (1977 film)	16081	Category:Witchcraft > Fiction about witchcraft > Films about witchcraft
fr	Cycle de Setné	16080	Catégorie:Sorcellerie > Sorcellerie dans l'art et la culture > Magicien ou sorcier de fiction
en	Gaius Furius Chresimus	16079	Category:Witch trials > People accused of witchcraft > People acquitted of witchcraft
en	Tower of Terror (1997 film)	16071	Category:Witchcraft > Fiction about witchcraft > Films about witchcraft
en	Kirby: Canvas Curse	16071	Category:Witchcraft > Fiction about witchcraft > Video games about witchcraft
es	Carmelo Lisón Tolosana	16061	Categoría:Brujería > Estudiosos de la brujería
en	China–South Korea football rivalry	16041	Category:Witchcraft > Curses > Sports-related curses
en	Martha Carrier (Salem witch trials)	16036	Category:People executed for witchcraft > American people executed for witchcraft > People executed in the Salem witch trials
fr	Cloud Strife	16023	Catégorie:Sorcellerie > Sorcellerie dans l'art et la culture > Magicien ou sorcier de fiction
it	Sabrina Spellman	16016	Categoria:Stregoneria > Streghe nelle opere di fantasia
it	Ganondorf	16000	Categoria:Stregoneria > Stregoni immaginari
en	Day of Wrath	15991	Category:Witchcraft > Fiction about witchcraft > Films about witchcraft
fr	Méchante sorcière de l'Ouest	15989	Catégorie:Sorcellerie > Sorcellerie dans l'art et la culture > Magicien ou sorcier de fiction
es	Movimiento de Resistencia Nórdico	15976	Categoría:Brujería > Satanismo > Delitos relacionados con el satanismo u ocultismo
fr	Lamia (mythologie)	15972	Catégorie:Sorcellerie > Magicien ou sorcier de légende > Magicien de la mythologie grecque
en	François Prelati	15967	Category:Witchcraft > Witchcraft in folklore and mythology > Deal with the Devil
es	Siete de Salem	15950	Categoría:Brujería > Brujos ficticios > Brujas de Marvel Comics
de	Formwandler	15947	Kategorie:Sagengestalt > Fabelwesen > Formwandler
en	Last Round Arthurs	15934	Category:Witchcraft > Fiction about witchcraft > Modern Arthurian fiction
en	Urbain Grandier	15925	Category:People executed for witchcraft > French people executed for witchcraft
fr	Magie (X-Men)	15921	Catégorie:Sorcellerie > Sorcellerie dans l'art et la culture > Magicien ou sorcier de fiction
en	Paisley witches	15918	Category:Witch trials > People accused of witchcraft
en	The Three Mothers	15912	Category:Witchcraft > Fiction about witchcraft > Films about witchcraft
en	The Nine Peahens and the Golden Apples	15905	Category:Witchcraft > Fiction about witchcraft > Witchcraft in fairy tales
en	A Candle in Her Room	15894	Category:Witchcraft > Fiction about witchcraft > Witchcraft in written fiction
en	Dragon Ball Z: Dead Zone	15828	Category:European witchcraft > Imps
es	Bayonetta (personaje)	15815	Categoría:Brujería > Brujos ficticios
de	Pygmalion	15810	Kategorie:Sagengestalt > Mythischer Herrscher > König der griechischen Mythologie
ja	魔女の家の夢	15810	Category:魔女 > 魔女を題材とした作品 > 魔女を題材とした小説
fr	Louis Nivelle	15802	Catégorie:Sorcellerie > Sorcellerie féminine > Affaire des poisons
de	Oz – Eine fantastische Welt	15788	Kategorie:Hexerei > Hexerei in der Kultur > Hexerei im Film
en	The Witch-Cult in Western Europe	15787	Category:European witchcraft
es	Maldición del faraón	15774	Categoría:Brujería > Maldiciones
de	Die kleine Hexe	15766	Kategorie:Hexerei > Hexe > Fiktive Hexe
en	Letters on Demonology and Witchcraft	15753	Category:Witchcraft > Books about witchcraft
es	Silvia Meraz Moreno	15751	Categoría:Brujería > Satanismo > Delitos relacionados con el satanismo u ocultismo
fr	Ordo Templi Orientis	15746	Catégorie:Sorcellerie > Organisation qui s'intéresse à la magie
en	Guardians of Oz	15744	Category:Witchcraft > Fiction about witchcraft > Films about witchcraft
en	Trier witch trials	15744	Category:Witch trials > Witch trials in Europe > Witch trials in Germany
en	Jiji ru lüling	15738	Category:Witchcraft > Incantation
en	2017 hair and braid chopping incidents in India	15714	Category:Witchcraft > Modern witchcraft > Modern witch hunts
de	Kynokephale	15713	Kategorie:Sagengestalt > Fabelwesen
de	Schadenzauber	15708	Kategorie:Hexenverfolgung
en	Bideford witch trial	15701	Category:Witch trials > People accused of witchcraft
de	Das letzte Einhorn (Zeichentrickfilm)	15700	Kategorie:Hexerei > Hexerei in der Kultur > Hexerei im Film
de	Troll (Mythologie)	15688	Kategorie:Sagengestalt > Germanische Sagengestalt
de	Pan Twardowski	15688	Kategorie:Sagengestalt > Slawische Sagengestalt
de	Gargoyle (Fabelwesen)	15670	Kategorie:Sagengestalt > Fabelwesen
es	Kurdaitcha	15651	Categoría:Brujería
en	Merlin's Wood	15644	Category:Witchcraft > Fiction about witchcraft > Modern Arthurian fiction
it	Bayonetta (personaggio)	15643	Categoria:Stregoneria > Streghe nelle opere di fantasia
en	The Kid Who Would Be King	15642	Category:Witchcraft > Fiction about witchcraft > Films about witchcraft
es	Templo de Set	15637	Categoría:Brujería > Satanismo
de	Annelie Grund	15628	Kategorie:Hexenverfolgung > Hexenverfolgung in der Kultur
fr	Anya Jenkins	15622	Catégorie:Sorcellerie > Sorcellerie dans l'art et la culture > Magicien ou sorcier de fiction
en	Black magic	15618	Category:Witchcraft
en	Dolls (1987 film)	15615	Category:Witchcraft > Fiction about witchcraft > Films about witchcraft
de	Hexenjagd (Drama)	15605	Kategorie:Hexenverfolgung > Hexenverfolgung in der Kultur > Hexenverfolgung in der Literatur
en	Salem witchcraft trial (1878)	15586	Category:Witch trials > Witch trials in North America
en	Epoch (Top Cow)	15581	Category:Witchcraft > Fiction about witchcraft
en	Witch's mark	15580	Category:European witchcraft
en	Halloweentown II: Kalabar's Revenge	15573	Category:Witchcraft > Fiction about witchcraft > Films about witchcraft
de	Christoffer Valkendorff	15559	Kategorie:Hexenverfolgung > Täter der Hexenverfolgung
en	Muramasa	15558	Category:Witchcraft > Curses
en	Gold of Tolosa	15532	Category:Witchcraft > Curses
es	Asunto de los venenos	15529	Categoría:Brujería > Satanismo > Delitos relacionados con el satanismo u ocultismo
en	The Book of Dust	15525	Category:Witchcraft > Fiction about witchcraft > Witchcraft in written fiction
de	Maria: The Virgin Witch	15522	Kategorie:Hexenverfolgung > Hexenverfolgung in der Kultur
de	Beller Markt	15510	Kategorie:Hexenverfolgung
fr	Rosemary's Baby (mini-série)	15506	Catégorie:Sorcellerie > Sorcellerie dans l'art et la culture > Série télévisée sur la sorcellerie
de	Charmed (Fernsehserie)	15502	Kategorie:Hexerei > Hexerei in der Kultur > Hexerei im Film
en	Mr Majeika	15500	Category:Witchcraft > Fiction about witchcraft > Witchcraft in written fiction
de	Perseus (Sohn des Zeus)	15491	Kategorie:Sagengestalt > Drachentöter
en	The Lady's Not for Burning	15458	Category:Witchcraft > Fiction about witchcraft > Witch hunting in fiction
it	Dolores Umbridge	15450	Categoria:Stregoneria > Streghe nelle opere di fantasia
en	Veerana	15445	Category:Witchcraft > Fiction about witchcraft > Films about witchcraft
en	Xyanide	15438	Category:Witchcraft > Fiction about witchcraft > Video games about witchcraft
en	Penelope (2006 film)	15429	Category:Witchcraft > Pig-faced women
de	Jiang Shi	15426	Kategorie:Sagengestalt > Chinesische Sagengestalt
fr	Joseph Glanvill	15417	Catégorie:Sorcellerie > Étude de la sorcellerie > Auteur de traité sur la sorcellerie
en	Ducking stool	15395	Category:Witchcraft > Witch hunting > Early Modern witch hunts
en	Fulu	15391	Category:Witchcraft > Incantation
en	Imprecatory Psalms	15388	Category:Witchcraft > Curses
es	Juicios por brujería en Portugal	15365	Categoría:Brujería > Procesos por brujería
de	Nimrod	15351	Kategorie:Sagengestalt
es	Hocus Pocus (película)	15317	Categoría:Brujería > Brujería en la ficción > Brujería en cine y televisión
en	Witchcraft (film series)	15315	Category:Witchcraft > Fiction about witchcraft > Films about witchcraft
es	Phoebe Halliwell	15306	Categoría:Brujería > Brujos ficticios
en	Veronica Franco	15303	Category:Witch trials > People accused of witchcraft > People acquitted of witchcraft
de	Ekke Nekkepenn	15287	Kategorie:Sagengestalt > Deutsche Sagengestalt
en	Key of Solomon	15284	Category:Witchcraft > Grimoires > Goetic grimoires
en	Mithras Liturgy	15279	Category:Witchcraft > Incantation > Magic words
en	Henjunaha and Lairoulembi	15266	Category:Witchcraft > Witchcraft in folklore and mythology
de	Mischwesen	15253	Kategorie:Sagengestalt > Fabelwesen > Mischwesen
de	Ghul	15249	Kategorie:Sagengestalt > Fabelwesen > Mythologischer Menschenfresser
en	Grand Albert	15245	Category:Witchcraft > Grimoires > Goetic grimoires
en	Nomy Lamm	15242	Category:Witchcraft > Judaism and witchcraft > Wiccans of Jewish descent
en	The Magic Circle (Waterhouse paintings)	15240	Category:Witchcraft > Witches > Witches in art
fr	Camille Ducellier	15240	Catégorie:Sorcellerie > Sorcellerie dans l'art et la culture
en	Murrain	15216	Category:Witchcraft > Curses
de	Drache (Sternbild)	15214	Kategorie:Sagengestalt > Fabelwesen > Drache
es	La bruja del ámbar	15210	Categoría:Brujería > Brujas en el arte
ja	ヴァルプルギスの夜	15195	Category:魔女
de	Sindbad	15191	Kategorie:Sagengestalt
ja	アウトランダーズ	15178	Category:魔女 > 魔女を題材とした作品 > 魔女を題材としたアニメ作品
en	Peter Stumpp	15163	Category:People executed for witchcraft > German people executed for witchcraft
de	Voldemort: Origins of the Heir	15161	Kategorie:Hexerei > Hexerei in der Kultur > Hexerei im Film
en	Bray Wilkins	15153	Category:Witch trials > Accusers in witch trials > Accusers in the Salem witch trials
es	María de Illarra	15150	Categoría:Brujería
en	Assessors of Maat	15148	Category:Witchcraft > Incantation > Book of the Dead
en	Agape	15140	Category:Witchcraft > Incantation > Magic words
ja	ふしぎ魔法ファンファンファーマシィー	15127	Category:魔女 > 魔女を題材とした作品
de	Innozenz VIII.	15120	Kategorie:Hexenverfolgung > Täter der Hexenverfolgung
en	Raven Grimassi	15112	Category:Witchcraft > Witches
ja	ウルトラマニアック	15106	Category:魔女 > 魔女を題材とした作品 > 魔女を題材としたアニメ作品
fr	Géraldine Tobé Mutamande	15103	Catégorie:Sorcellerie > Enfant sorcier
es	Isabel Woodville	15099	Categoría:Brujería > Brujas (brujería) > Personas acusadas de brujería
en	Bat-Mite	15092	Category:European witchcraft > Imps
en	Magical formula	15088	Category:Witchcraft > Incantation > Magic words
fr	Église de Satan	15087	Catégorie:Sorcellerie > Organisation qui s'intéresse à la magie
en	Pandora and the Flying Dutchman	15081	Category:Witchcraft > Curses > Flying Dutchman
en	Elin i Staxäng	15079	Category:People executed for witchcraft > Swedish people executed for witchcraft
en	Fantaghirò 2	15075	Category:Witchcraft > Fiction about witchcraft > Films about witchcraft
en	Witchcraft in ancient Greece and Rome	15067	Category:Witchcraft
en	Makonde witchcraft and sorcery	15063	Category:Witchcraft > African witchcraft
en	George Burroughs	15062	Category:People executed for witchcraft > American people executed for witchcraft > People executed in the Salem witch trials
en	Kurdaitcha	15059	Category:Witchcraft
en	I Am Not a Witch	15057	Category:Witchcraft > Fiction about witchcraft > Films about witchcraft
en	John Webster (minister)	15054	Category:European witchcraft > Witchcraft in Germany
ja	魔女狩りの村	15044	Category:魔女 > 魔女を題材とした作品 > 魔女を題材としたテレビドラマ
en	Gertrud Svensdotter	15017	Category:Witch trials > Accusers in witch trials
de	Septimus Heap	15016	Kategorie:Hexerei > Hexerei in der Kultur > Hexerei in Kunst und Literatur
de	Angela Spook	15005	Kategorie:Hexerei > Hexe
fr	Méphistophélès	14988	Catégorie:Sorcellerie > Sorcellerie dans l'art et la culture > Diable dans la fiction
en	Witch trials in Maryland	14953	Category:Witch trials > Witch trials in North America
de	Lathgertha	14942	Kategorie:Sagengestalt > Germanische Sagengestalt
de	Filimer	14938	Kategorie:Sagengestalt > Mythischer Herrscher
es	Meiga	14929	Categoría:Brujería > Brujería por país > Brujería en España
en	Rain (Mika song)	14926	Category:European witchcraft > Imps
en	The Witch and the Hundred Knight 2	14919	Category:Witchcraft > Fiction about witchcraft > Video games about witchcraft
en	Thumbelina	14900	Category:Witchcraft > Fiction about witchcraft > Witchcraft in fairy tales
de	Oger	14893	Kategorie:Sagengestalt > Fabelwesen
en	The Story of King Arthur and His Knights	14885	Category:Witchcraft > Fiction about witchcraft > Modern Arthurian fiction
it	Shang Tsung	14883	Categoria:Stregoneria > Stregoni immaginari
en	Gentile Budrioli	14882	Category:People executed for witchcraft > Italian people executed for witchcraft
ja	魔女の夜宴 (ラサロ・ガルディアーノ美術館)	14881	Category:魔女 > 魔女を題材とした作品
en	Dorothy and the Witches of Oz	14873	Category:Witchcraft > Fiction about witchcraft > Films about witchcraft
en	The Brown Bear of Norway	14872	Category:Witchcraft > Fiction about witchcraft > Witchcraft in fairy tales
en	Michael Jackson's Halloween	14872	Category:Witchcraft > Fiction about witchcraft > Television shows about witchcraft
ja	キャスパー マジカル・ウェンディ	14867	Category:魔女 > 魔女を題材とした作品 > 魔女を題材とした映画作品
fr	La Petite Sirène 2	14863	Catégorie:Sorcellerie > Sorcellerie féminine > Film mettant en scène une sorcière
ja	ルフランの地下迷宮と魔女ノ旅団	14839	Category:魔女 > 魔女を題材とした作品 > 魔女を題材としたコンピュータゲーム
de	Cherub	14827	Kategorie:Sagengestalt > Fabelwesen
en	Kennett curse	14823	Category:Witchcraft > Curses > Sports-related curses
es	Blair Witch (película)	14823	Categoría:Brujería > Brujería en la ficción > Brujería en cine y televisión
en	Abigail Williams	14820	Category:Witch trials > Accusers in witch trials > Accusers in the Salem witch trials
en	Spirit children	14804	Category:Witchcraft > African witchcraft
sv	Tobohäxan	14795	Kategori:Häxprocesser > Häxprocesser i Europa > Häxprocesser i Sverige
de	Sensenmann	14788	Kategorie:Sagengestalt > Fabelwesen
de	Wasserspeier	14779	Kategorie:Sagengestalt > Fabelwesen > Drache
en	The Sleeping Sword	14777	Category:Witchcraft > Fiction about witchcraft > Modern Arthurian fiction
es	Bruja tonta	14765	Categoría:Brujería > Brujos ficticios
fr	Ordre des neuf angles	14746	Catégorie:Sorcellerie > Organisation qui s'intéresse à la magie
en	Vardø witch trials (1662–1663)	14745	Category:Witch trials > Witch trials in Europe > Witch trials in Norway
en	Moirang Shayon	14740	Category:Witchcraft > Witchcraft in folklore and mythology
en	Nancy Drew: Curse of Blackmoor Manor	14736	Category:Witchcraft > Fiction about witchcraft > Video games about witchcraft
fr	The Lords of Salem	14734	Catégorie:Sorcellerie > Sorcellerie féminine > Film mettant en scène une sorcière
en	A Simple Wish	14727	Category:Witchcraft > Fiction about witchcraft > Films about witchcraft
de	Ragnar Lodbrok	14695	Kategorie:Sagengestalt > Germanische Sagengestalt > Sagenkönig (Schweden)
es	Hexenkartothek	14683	Categoría:Brujería > Brujería por país > Brujería en Alemania
en	Witches of Warboys	14681	Category:Witch trials > Witch trials in Europe > Witch trials in England
en	Concealed shoes	14679	Category:European witchcraft
en	Chrestomanci	14677	Category:Witchcraft > Fiction about witchcraft > Witchcraft in written fiction
it	Circe	14676	Categoria:Stregoneria > Streghe nelle opere di fantasia
en	Slice (2018 film)	14660	Category:Witchcraft > Fiction about witchcraft > Films about witchcraft
de	Wendigo	14652	Kategorie:Sagengestalt > Fabelwesen
de	Mary und die Blume der Hexen	14630	Kategorie:Hexerei > Hexerei in der Kultur > Hexerei im Film
sv	Märet Jonsdotter	14629	Kategori:Häxprocesser > Personer som blivit avrättade för häxeri > Personer som blivit avrättade för häxeri i Sverige
fr	Chamanisme coréen	14620	Catégorie:Sorcellerie > Sorcellerie par lieu > Sorcellerie en Asie
fr	Rond de sorcières	14618	Catégorie:Sorcellerie
fr	Geralt de Riv	14588	Catégorie:Sorcellerie > Sorcellerie dans l'art et la culture > Magicien ou sorcier de fiction
ja	死霊館	14578	Category:魔女 > 魔女を題材とした作品 > 魔女を題材とした映画作品
de	Liver Bird (Fabelwesen)	14575	Kategorie:Sagengestalt > Fabelwesen
en	The Crucible (1957 film)	14574	Category:Witchcraft > Fiction about witchcraft > Films about witchcraft
en	Good Luck Chuck	14572	Category:Witchcraft > Fiction about witchcraft > Films about witchcraft
en	The Cursed Ones	14567	Category:Witchcraft > Fiction about witchcraft > Films about witchcraft
en	Bloody Mary folklore in popular culture	14557	Category:Witchcraft > Fiction about witchcraft
fr	Sidonia von Borcke	14553	Catégorie:Sorcellerie
en	Cursing of the fig tree	14549	Category:Witchcraft > Curses
es	La reina de las nieves (cuento)	14549	Categoría:Brujería > Brujos ficticios
en	Rebecca Adewumi	14547	Category:Witch trials > People accused of witchcraft
de	Johann Christoph von Westerstetten	14540	Kategorie:Hexenverfolgung > Täter der Hexenverfolgung
en	Avalon Series	14535	Category:Witchcraft > Fiction about witchcraft > Modern Arthurian fiction
en	Timeline of the Salem witch trials	14532	Category:Witch trials > Witch trials in North America > Salem witch trials
en	A Man Was Going Down the Road	14529	Category:Witchcraft > Fiction about witchcraft > Works about Medea
es	El círculo mágico (pintura)	14528	Categoría:Brujería > Brujas en el arte
en	Fitcher's Bird	14524	Category:Witchcraft > Fiction about witchcraft > Witchcraft in fairy tales
de	Kerberos	14516	Kategorie:Sagengestalt > Fabelwesen > Fabelwesen (Heraldik)
de	Aswang	14513	Kategorie:Sagengestalt > Fabelwesen
en	Azande witchcraft	14510	Category:Witchcraft > African witchcraft
es	Sidonia von Borcke	14502	Categoría:Brujería > Procesos por brujería > Ejecutados por brujería
it	Donas de fuera	14494	Categoria:Stregoneria
fr	Sorcière des Bell	14484	Catégorie:Sorcellerie > Magicien ou sorcier de légende
de	Wir haben schon immer im Schloß gelebt	14474	Kategorie:Hexerei > Hexerei in der Kultur > Hexerei in Kunst und Literatur
de	Breslauer Zwerge	14466	Kategorie:Sagengestalt > Fabelwesen > Zwerg
en	The Pendragon Cycle	14457	Category:Witchcraft > Fiction about witchcraft > Modern Arthurian fiction
es	Espíritu familiar	14456	Categoría:Brujería
de	Hundinge	14450	Kategorie:Sagengestalt > Germanische Sagengestalt
ja	魔女っ娘つくねちゃん	14447	Category:魔女 > 魔女を題材とした作品 > 魔女を題材としたアニメ作品
fr	Le Diable et moi	14446	Catégorie:Sorcellerie > Sorcellerie dans l'art et la culture > Diable dans la fiction
en	Holy Corpse Rising	14429	Category:Witchcraft > Fiction about witchcraft > Anime and manga about witchcraft
de	Sabilon	14428	Kategorie:Sagengestalt
en	Rise of the Argonauts	14428	Category:Witchcraft > Fiction about witchcraft > Works about Medea
es	Richard Ramirez	14428	Categoría:Brujería > Satanismo > Delitos relacionados con el satanismo u ocultismo
sv	Malin Ruths	14420	Kategori:Häxprocesser > Personer som blivit avrättade för häxeri > Personer som blivit avrättade för häxeri i Sverige
fr	Trilogie des trois mères	14401	Catégorie:Sorcellerie > Sorcellerie dans l'art et la culture > Magicien ou sorcier de fiction
de	Arnold Winkelried	14384	Kategorie:Sagengestalt
en	Sybil Leek	14363	Category:Witchcraft > American witchcraft
en	Petit Albert	14359	Category:Witchcraft > Grimoires
en	The Wizard of Oz (1982 film)	14357	Category:Witchcraft > Fiction about witchcraft > Films about witchcraft
de	Flugschrift	14346	Kategorie:Hexenverfolgung > Hexenzeitung
fr	Pierre Louis Reich de Pennautier	14338	Catégorie:Sorcellerie > Sorcellerie féminine > Affaire des poisons
en	Sarah Good	14332	Category:People executed for witchcraft > American people executed for witchcraft > People executed in the Salem witch trials
es	Cotton Mather	14316	Categoría:Brujería > Procesos por brujería > Juicios por brujería de Salem
ja	マクベス (2021年の映画)	14315	Category:魔女 > 魔女を題材とした作品 > 魔女を題材とした映画作品
de	Flug der Hexen	14314	Kategorie:Hexerei > Hexerei in der Kultur > Hexerei in Kunst und Literatur
es	Brujería en Ghana	14310	Categoría:Brujería
en	Pam Grossman	14304	Category:Witchcraft
es	Zombie (cómic)	14304	Categoría:Brujería > Zombis > Zombis en la historieta
en	Milwaukee Brewers Reverse World Series Curse	14292	Category:Witchcraft > Curses > Sports-related curses
de	Phyllis Curott	14288	Kategorie:Hexerei > Hexe
de	Daniel, der Zauberer	14276	Kategorie:Hexerei > Hexerei in der Kultur > Hexerei im Film
en	John Willard	14276	Category:People executed for witchcraft > American people executed for witchcraft > People executed in the Salem witch trials
en	Legendborn	14268	Category:Witchcraft > Fiction about witchcraft > Modern Arthurian fiction
de	Hexenprozesse in Würzburg	14254	Kategorie:Hexenverfolgung > Hexenzeitung
es	Juicios de brujas en Wurzburgo	14249	Categoría:Brujería > Procesos por brujería
es	Tucker's Witch	14249	Categoría:Brujería > Brujería en la ficción > Brujería en cine y televisión
de	Hexenkartothek	14244	Kategorie:Hexenverfolgung
en	Stregheria	14241	Category:Witchcraft > American witchcraft
en	Nicholas Eymerich	14241	Category:Witchcraft > Witch hunting > Supporters of witch hunting
de	Krabat (2008)	14235	Kategorie:Hexerei > Hexerei in der Kultur > Hexerei im Film
en	Michael Bear Carson and Suzan Carson	14226	Category:Witchcraft > Modern witchcraft > Modern witch hunts
en	Over Sea, Under Stone	14223	Category:Witchcraft > Fiction about witchcraft > Modern Arthurian fiction
en	Rat meat	14199	Category:Witchcraft > Curses > Taboo
en	Troll (gay slang)	14199	Category:European witchcraft > Imps
it	Homo magi	14187	Categoria:Stregoneria > Stregoni immaginari
de	Yao (Kaiser)	14183	Kategorie:Sagengestalt > Chinesische Sagengestalt > Urkaiser Chinas
es	Brujería en Guipúzcoa	14178	Categoría:Brujería > Brujería por país > Brujería en España
ja	懲罰椅子	14175	Category:魔女
en	Malcolm Gaskill	14174	Category:Witchcraft > Historians of witchcraft
en	Amityville Dollhouse	14169	Category:Witchcraft > Fiction about witchcraft > Films about witchcraft
en	Witches of Belvoir	14131	Category:People executed for witchcraft > English people executed for witchcraft
en	Margaret Mattson	14103	Category:Witch trials > People accused of witchcraft > People acquitted of witchcraft
en	Mohamed Salah Christmas photos	14098	Category:Witchcraft > Curses > Sports-related curses
en	Ides of March	14090	Category:Witchcraft > Curses
de	Freischütz	14069	Kategorie:Hexenverfolgung > Hexenverfolgung in der Kultur > Hexenverfolgung in der Literatur
en	The Fall of Arthur	14068	Category:Witchcraft > Fiction about witchcraft > Modern Arthurian fiction
es	The Worst Witch (serie de televisión de 1998)	14068	Categoría:Brujería > Brujería en la ficción > Brujería en cine y televisión
en	My Way killings	14067	Category:Witchcraft > Curses
de	Benedikt Carpzov der Jüngere	14054	Kategorie:Hexenverfolgung > Täter der Hexenverfolgung > Hexentheoretiker
en	Nick Perumov	14053	Category:Witchcraft > Fiction about witchcraft > Middle-earth
ja	竜王と賢女ワシリーサ	14046	Category:魔女 > バーバ・ヤーガ
en	Jinxter	14045	Category:Witchcraft > Fiction about witchcraft > Video games about witchcraft
en	Liber Officiorum Spirituum	14011	Category:Witchcraft > Grimoires > Goetic grimoires
fr	Mélusine (bande dessinée)	14011	Catégorie:Sorcellerie > Sorcellerie dans l'art et la culture > Sorcellerie dans la bande dessinée
de	Bedaius	14010	Kategorie:Sagengestalt > Keltische Sagengestalt > Keltische Gottheit
en	Malcolm Brenner (writer)	14010	Category:Witchcraft > Judaism and witchcraft > Wiccans of Jewish descent
es	Las cuatro brujas	14010	Categoría:Brujería > Brujas en el arte
de	Olav I. Tryggvason	14007	Kategorie:Sagengestalt > Figur der Färingersaga
en	The Wonderful Wizard of Oz (1910 film)	14005	Category:Witchcraft > Fiction about witchcraft > Films about witchcraft
en	1 Samuel 28	13999	Category:Witchcraft > Judaism and witchcraft > Witch of Endor
en	Tails' Skypatrol	13995	Category:Witchcraft > Fiction about witchcraft > Video games about witchcraft
fr	Gabriel Nicolas de La Reynie	13995	Catégorie:Sorcellerie > Sorcellerie féminine > Affaire des poisons
en	Larzac tablet	13992	Category:Witchcraft > Curses > Curse tablets
en	Vasilisa the Beautiful	13982	Category:Witchcraft > Fiction about witchcraft > Witchcraft in fairy tales
en	The Damned (2013 film)	13980	Category:Witchcraft > Fiction about witchcraft > Films about witchcraft
de	Harpyie (Mythologie)	13970	Kategorie:Sagengestalt > Fabelwesen > Fabelwesen (Heraldik)
it	Aughra	13970	Categoria:Stregoneria > Streghe nelle opere di fantasia
en	Ring of Silvianus	13964	Category:Witchcraft > Curses
en	Sarkha	13964	Category:Witchcraft > Curses
de	Superlambanana	13963	Kategorie:Sagengestalt > Fabelwesen
de	Sophia Agnes von Langenberg	13942	Kategorie:Hexenverfolgung > Opfer der Hexenverfolgung
es	Anexo:Cronología de los Juicios de Salem	13938	Categoría:Brujería > Procesos por brujería > Juicios por brujería de Salem
it	Negi Springfield	13932	Categoria:Stregoneria > Stregoni immaginari
fr	Grégoire IX	13930	Catégorie:Sorcellerie > Étude de la sorcellerie > Auteur de traité sur la sorcellerie
en	Kongla Ann	13924	Category:People executed for witchcraft
de	Charlie Bone	13914	Kategorie:Hexerei > Hexerei in der Kultur > Hexerei in Kunst und Literatur
ja	タッジー・マッジー	13913	Category:魔女 > 魔女を題材とした作品 > 魔女を題材とした漫画作品
en	Naming taboo	13899	Category:Witchcraft > Curses > Taboo
fr	Baron Mordo	13882	Catégorie:Sorcellerie > Sorcellerie dans l'art et la culture > Magicien ou sorcier de fiction
en	Stella Glow	13864	Category:Witchcraft > Fiction about witchcraft > Video games about witchcraft
en	Thomas Doughty (explorer)	13861	Category:Witch trials > Witch trials in Europe > Witch trials in England
es	Leyes de brujería	13855	Categoría:Brujería > Procesos por brujería
en	Wið færstice	13853	Category:Witchcraft > Incantation > Anglo-Saxon metrical charms
fr	Simsala Grimm	13849	Catégorie:Sorcellerie > Sorcellerie dans l'art et la culture > Série télévisée sur la sorcellerie
fr	Sabrina (série télévisée d'animation)	13847	Catégorie:Sorcellerie > Sorcellerie dans l'art et la culture > Série télévisée sur la sorcellerie
en	Witch bottle	13837	Category:European witchcraft
de	Christoph Alois Lautner	13829	Kategorie:Hexenverfolgung > Opfer der Hexenverfolgung
en	Katherine Harrison	13822	Category:Witch trials > People accused of witchcraft > People convicted of witchcraft
it	C.C. (personaggio)	13814	Categoria:Stregoneria > Streghe nelle opere di fantasia
de	Johann Schweikhard von Cronberg	13795	Kategorie:Hexenverfolgung > Täter der Hexenverfolgung
es	Magdalena Solís	13791	Categoría:Brujería > Satanismo > Delitos relacionados con el satanismo u ocultismo
it	Morgana le Fey	13787	Categoria:Stregoneria > Streghe nelle opere di fantasia
de	Erich II. (Braunschweig-Calenberg-Göttingen)	13785	Kategorie:Hexenverfolgung > Täter der Hexenverfolgung
fr	Dante's Cove	13785	Catégorie:Sorcellerie > Sorcellerie dans l'art et la culture > Série télévisée sur la sorcellerie
fr	Salem (série télévisée)	13785	Catégorie:Sorcellerie > Sorcellerie dans l'art et la culture > Série télévisée sur la sorcellerie
en	Mystics in Bali	13775	Category:Witchcraft > Fiction about witchcraft > Films about witchcraft
en	Inter-caste marriage in Nepal	13761	Category:Witchcraft > Curses > Taboo
fr	Sheela Na Gig	13757	Catégorie:Sorcellerie > Sorcellerie féminine
es	Tangena	13730	Categoría:Brujería > Ordalía
de	Samuel Sewall	13729	Kategorie:Hexenverfolgung > Täter der Hexenverfolgung
en	Hagazussa	13727	Category:Witchcraft > Fiction about witchcraft > Films about witchcraft
sv	Helga i Pilanna	13713	Kategori:Häxprocesser > Personer som blivit avrättade för häxeri > Personer som blivit avrättade för häxeri i Sverige
fr	Dolores Ombrage	13707	Catégorie:Sorcellerie > Sorcellerie dans l'art et la culture > Magicien ou sorcier de fiction
en	Word taboo	13692	Category:Witchcraft > Curses > Taboo
en	Graciana de Barrenechea	13682	Category:Witch trials > Witch trials in Europe > Witch trials in Spain
fr	Le Vol des Sorcières	13682	Catégorie:Sorcellerie > Sorcellerie dans l'art et la culture > Sorcellerie dans la peinture
de	The Bewitching of Anne Gunter	13681	Kategorie:Hexenverfolgung > Hexenverfolgung in der Kultur > Hexenverfolgung in der Literatur
de	Sidonie von Sachsen	13678	Kategorie:Hexenverfolgung > Opfer der Hexenverfolgung
en	A Witch's Tale	13665	Category:Witchcraft > Fiction about witchcraft > Video games about witchcraft
en	Three Exorcism Siblings	13661	Category:Witchcraft > Curses > Fiction about curses
it	Noce di Benevento	13649	Categoria:Stregoneria
de	German (Mythologie)	13648	Kategorie:Sagengestalt
de	Shennong	13648	Kategorie:Sagengestalt > Chinesische Sagengestalt > Urkaiser Chinas
en	Jahbulon	13645	Category:Witchcraft > Incantation > Magic words
de	Genoveva von Brabant	13634	Kategorie:Sagengestalt > Weibliche Sagengestalt
de	Dorothea Becker	13632	Kategorie:Hexenverfolgung > Opfer der Hexenverfolgung
de	Abenteuer im Zauberwald	13617	Kategorie:Hexerei > Hexerei in der Kultur > Hexerei im Film
ja	マクベス (2015年の映画)	13611	Category:魔女 > 魔女を題材とした作品 > 魔女を題材とした映画作品
de	Katharina Lips	13604	Kategorie:Hexenverfolgung > Opfer der Hexenverfolgung
en	OB marker	13598	Category:Witchcraft > Curses > Taboo
de	Witch Craft Works	13592	Kategorie:Hexerei > Hexerei in der Kultur > Hexerei im Film
en	Ghoulies	13581	Category:Witchcraft > Fiction about witchcraft > Films about witchcraft
en	Curse of the Colonel	13576	Category:Witchcraft > Curses > Sports-related curses
es	Graciana de Barrenechea	13570	Categoría:Brujería > Brujas (brujería) > Personas acusadas de brujería
fr	Enchanteresse	13561	Catégorie:Sorcellerie > Sorcellerie dans l'art et la culture > Magicien ou sorcier de fiction
en	The Witch Queen of New Orleans	13560	Category:Witchcraft > Fiction about witchcraft > Songs about witches
en	The Iron Stove	13557	Category:Witchcraft > Fiction about witchcraft > Witchcraft in fairy tales
es	Wolfstar	13552	Categoría:Brujería > Brujería en la ficción > Harry Potter
en	Witchhammer	13532	Category:Witchcraft > Fiction about witchcraft > Films about witchcraft
it	Felix Faust	13526	Categoria:Stregoneria > Stregoni immaginari
de	Löwenadler	13521	Kategorie:Sagengestalt > Fabelwesen > Mischwesen
ru	Фея Моргана	13518	Категория:Ведьмы
en	A Daughter of the Gods	13511	Category:Witchcraft > Fiction about witchcraft > Films about witchcraft
en	Necromania	13511	Category:Witchcraft > Fiction about witchcraft > Films about witchcraft
es	Marca de bruja	13510	Categoría:Brujería
en	Iron in folklore	13504	Category:Witchcraft > Witchcraft in folklore and mythology
en	Seventh son of a seventh son	13495	Category:Witchcraft > Curses
de	Der Hexentöter von Blackmoor	13492	Kategorie:Hexenverfolgung > Hexenverfolgung in der Kultur
en	Night of the Demons (2009 film)	13490	Category:Witchcraft > Fiction about witchcraft > Films about witchcraft
en	Pan Twardowski	13471	Category:Witchcraft > Witchcraft in folklore and mythology > Deal with the Devil
en	J'ai vu le loup	13455	Category:European witchcraft > Witches' Sabbath
de	Sidonia von Borcke	13437	Kategorie:Hexenverfolgung > Opfer der Hexenverfolgung
en	Luminous Arc 2	13432	Category:Witchcraft > Fiction about witchcraft > Video games about witchcraft
en	Liber Pennae Praenumbra	13427	Category:Witchcraft > Incantation > Magic words
fr	Isabelle (bande dessinée)	13418	Catégorie:Sorcellerie > Sorcellerie dans l'art et la culture > Sorcellerie dans la bande dessinée
it	Nanoha Takamachi	13413	Categoria:Stregoneria > Stregoni immaginari
fr	La Reine des neiges (film, 2012)	13411	Catégorie:Sorcellerie > Sorcellerie féminine > Film mettant en scène une sorcière
en	Loathly lady	13409	Category:Witchcraft > Curses
en	Witch paddle	13400	Category:Witchcraft > Witches
fr	W.I.T.C.H. (série télévisée d'animation)	13398	Catégorie:Sorcellerie > Sorcellerie dans l'art et la culture > Série télévisée sur la sorcellerie
en	The Bold Knight, the Apples of Youth, and the Water of Life	13388	Category:Witchcraft > Fiction about witchcraft > Witchcraft in fairy tales
en	The Pale Door	13388	Category:Witchcraft > Fiction about witchcraft > Films about witchcraft
es	Stregheria	13385	Categoría:Brujería
ja	オリガミの魔女と博士の四角い時間	13377	Category:魔女 > 魔女を題材とした作品 > 魔女を題材としたテレビドラマ
fr	Blair Witch (film, 2016)	13376	Catégorie:Sorcellerie > Sorcellerie féminine > Film mettant en scène une sorcière
en	MinaLima	13366	Category:Witchcraft > Fiction about witchcraft > Harry Potter
de	Anna Maria Schwegelin	13353	Kategorie:Hexenverfolgung > Opfer der Hexenverfolgung
de	Die Hexe und der Zauberer	13344	Kategorie:Hexerei > Hexerei in der Kultur > Hexerei im Film
de	Kopfloser Reiter	13331	Kategorie:Sagengestalt > Deutsche Sagengestalt
en	Ann Glover	13331	Category:People executed for witchcraft > American people executed for witchcraft
es	Endemoniadas de Loudun	13327	Categoría:Brujería > Brujería por país > Brujería en Francia
de	Susanoo	13321	Kategorie:Sagengestalt > Drachentöter
ja	魔法使いの弟子 (映画)	13311	Category:魔女 > 魔女を題材とした作品 > 魔女を題材とした映画作品
en	Majokko Tickle	13307	Category:Witchcraft > Fiction about witchcraft > Anime and manga about witchcraft
de	Hexe Lilli	13301	Kategorie:Hexerei > Hexerei in der Kultur > Hexerei in Kunst und Literatur
en	The Queen of Black Magic	13298	Category:Witchcraft > Fiction about witchcraft > Films about witchcraft
fr	Jean Wier	13297	Catégorie:Sorcellerie > Étude de la sorcellerie
de	Alchemy of Souls	13278	Kategorie:Hexerei > Hexerei in der Kultur > Hexerei im Film
en	Paula de Eguiluz	13272	Category:Witchcraft > American witchcraft
es	Margaret Murray	13255	Categoría:Brujería > Estudiosos de la brujería
de	Heinrich von Schultheiß	13253	Kategorie:Hexenverfolgung > Täter der Hexenverfolgung
de	Gespickter Hase	13252	Kategorie:Hexenverfolgung
en	Lilias Adie	13238	Category:Witch trials > People accused of witchcraft
es	Pentagrama invertido	13237	Categoría:Brujería > Satanismo > Símbolos satánicos
fr	Wolfgang Behringer	13235	Catégorie:Sorcellerie > Procès de sorcellerie
en	Shake, Rattle & Roll II	13232	Category:Witchcraft > Fiction about witchcraft > Films about witchcraft
de	Urbain Grandier	13229	Kategorie:Hexenverfolgung > Opfer der Hexenverfolgung
en	Whorrey Potter and the Sorcerer's Balls	13228	Category:Witchcraft > Fiction about witchcraft > Films about witchcraft
en	Bearskin (German fairy tale)	13225	Category:Witchcraft > Witchcraft in folklore and mythology > Deal with the Devil
it	Prue Halliwell	13224	Categoria:Stregoneria > Streghe nelle opere di fantasia
de	Kunigunde Sterzl	13220	Kategorie:Hexenverfolgung > Opfer der Hexenverfolgung
en	Kadeng Thangjahanba and Tonu Laijinglembi	13218	Category:Witchcraft > Witchcraft in folklore and mythology > Epic cycles of incarnations
en	Mary Eastey	13217	Category:People executed for witchcraft > American people executed for witchcraft > People executed in the Salem witch trials
ja	メアリー・マーガレット・ブランチャード	13209	Category:魔女 > 魔女を題材とした作品 > 白雪姫
de	Christence Kruckow	13203	Kategorie:Hexenverfolgung > Opfer der Hexenverfolgung
en	Susannah Martin	13196	Category:People executed for witchcraft > American people executed for witchcraft > People executed in the Salem witch trials
en	Theoris of Lemnos	13195	Category:People executed for witchcraft
it	Processo a Chiaretta Galese e Fedele dall'Arzere	13191	Categoria:Stregoneria > Processi per stregoneria > Processi per stregoneria in Italia
ja	魔女とほうきと黒縁メガネ	13186	Category:魔女 > 魔女を題材とした作品 > 魔女を題材とした漫画作品
de	Libuše	13183	Kategorie:Sagengestalt > Slawische Sagengestalt
de	Qi (Xia-König)	13177	Kategorie:Sagengestalt > Chinesische Sagengestalt
de	Kimpa Vita	13176	Kategorie:Hexenverfolgung > Opfer der Hexenverfolgung
en	From Beyond the Grave	13164	Category:Witchcraft > Fiction about witchcraft > Films about witchcraft
ja	巨匠とマルガリータ	13161	Category:魔女 > 魔女を題材とした作品 > 魔女を題材とした小説
de	Witches of Warboys	13153	Kategorie:Hexenverfolgung > Opfer der Hexenverfolgung
de	Ehreguta von Bregenz	13139	Kategorie:Sagengestalt > Weibliche Sagengestalt
fr	Pauvre Diable	13133	Catégorie:Sorcellerie > Sorcellerie dans l'art et la culture > Diable dans la fiction
en	Thumbelina: A Magical Story	13130	Category:Witchcraft > Fiction about witchcraft > Anime and manga about witchcraft
it	Dewi Danu	13121	Categoria:Stregoneria
en	Panorama Cotton	13112	Category:Witchcraft > Fiction about witchcraft > Cotton (series)
fr	Hex : La Malédiction	13101	Catégorie:Sorcellerie > Sorcellerie dans l'art et la culture > Série télévisée sur la sorcellerie
es	Intento de golpe de Estado en Alemania de 2022	13079	Categoría:Brujería > Satanismo > QAnon
es	Pecado ancestral	13078	Categoría:Brujería > Maldiciones
ja	サスペリア (2018年の映画)	13072	Category:魔女 > 魔女を題材とした作品 > 魔女を題材とした映画作品
es	Warlock (película de 1989)	13071	Categoría:Brujería > Brujería en la ficción > Brujería en cine y televisión
en	Disney's Aladdin in Nasira's Revenge	13062	Category:Witchcraft > Fiction about witchcraft > Video games about witchcraft
es	Cristopaganismo	13062	Categoría:Brujería > Wicca
it	Piper Halliwell	13062	Categoria:Stregoneria > Streghe nelle opere di fantasia
en	Voldemort: Origins of the Heir	13057	Category:Witchcraft > Fiction about witchcraft > Films about witchcraft
ja	リサの妖精伝説	13055	Category:魔女 > 魔女を題材とした作品 > 魔女を題材としたコンピュータゲーム
en	Incantation	13054	Category:Witchcraft
de	Carmilla	13044	Kategorie:Sagengestalt > Fabelwesen > Blutsauger
de	Hexenschuss	13040	Kategorie:Hexerei > Hexerei in der Kultur
en	Triptych of the Temptation of St. Anthony	13037	Category:Witchcraft > Witches > Witches in art
sv	Häxprocessen i Ål	13036	Kategori:Häxprocesser > Häxprocesser i Europa > Häxprocesser i Sverige
de	Die Hexen von Zugarramurdi	13031	Kategorie:Hexerei > Hexerei in der Kultur > Hexerei im Film
en	The Story of Zoulvisia	13026	Category:Witchcraft > Fiction about witchcraft > Witchcraft in fairy tales
en	Small World: An Academic Romance	13024	Category:Witchcraft > Fiction about witchcraft > Modern Arthurian fiction
de	Eastwick (Fernsehserie)	13014	Kategorie:Hexerei > Hexerei in der Kultur > Hexerei im Film
ja	キャラとおたまじゃくし島	13001	Category:魔女 > 魔女を題材とした作品 > 魔女を題材としたアニメ作品
fr	Agatha Harkness	13000	Catégorie:Sorcellerie > Sorcellerie dans l'art et la culture > Magicien ou sorcier de fiction
de	Hänsel und Gretel: Hexenjäger	12998	Kategorie:Hexenverfolgung > Hexenverfolgung in der Kultur
en	The Initiation of Sarah	12990	Category:Witchcraft > Fiction about witchcraft > Films about witchcraft
en	Casper Meets Wendy	12989	Category:Witchcraft > Fiction about witchcraft > Films about witchcraft
ja	スガラムルディの魔女	12986	Category:魔女 > 魔女を題材とした作品 > 魔女を題材とした映画作品
ja	うみねこのなく頃に咲	12980	Category:魔女 > 魔女を題材とした作品 > 魔女を題材としたコンピュータゲーム
en	Witchcraft Act 1735	12976	Category:Witch trials > Witch trials in Europe > Witchcraft Acts
en	Tommy Johnson (guitarist)	12971	Category:Witchcraft > Witchcraft in folklore and mythology > Deal with the Devil
fr	Interprétations féministes des procès de sorcières de l'époque moderne	12970	Catégorie:Sorcellerie > Sorcellerie féminine
de	Sterk Helmes	12966	Kategorie:Sagengestalt > Deutsche Sagengestalt
fr	Chthon	12966	Catégorie:Sorcellerie > Sorcellerie dans l'art et la culture > Magicien ou sorcier de fiction
en	Damnation	12961	Category:Witchcraft > Curses
en	Le roi s'amuse	12953	Category:Witchcraft > Curses > Fiction about curses
es	Marie Kingué	12950	Categoría:Brujería > Brujas (brujería) > Personas acusadas de brujería
de	Nat (Geist)	12945	Kategorie:Sagengestalt > Fabelwesen > Geistwesen
en	Witch Hat Atelier Kitchen	12937	Category:Witchcraft > Fiction about witchcraft > Anime and manga about witchcraft
es	Rebecca Nurse	12934	Categoría:Brujería > Procesos por brujería > Ejecutados por brujería
fr	Emerald City (série télévisée)	12931	Catégorie:Sorcellerie > Sorcellerie dans l'art et la culture > Série télévisée sur la sorcellerie
it	Antico (personaggio)	12931	Categoria:Stregoneria > Stregoni immaginari
it	Pug (personaggio)	12929	Categoria:Stregoneria > Stregoni immaginari
de	Die Hexe Schrumpeldei	12913	Kategorie:Hexerei > Hexerei in der Kultur
en	The Tempest (2010 film)	12900	Category:Witchcraft > Fiction about witchcraft > Films about witchcraft
en	The Boy's King Arthur	12899	Category:Witchcraft > Fiction about witchcraft > Modern Arthurian fiction
en	Hellboy: The Wild Hunt	12895	Category:Witchcraft > Fiction about witchcraft > Modern Arthurian fiction
en	The She Beast	12889	Category:Witchcraft > Fiction about witchcraft > Films about witchcraft
en	The Skystone	12889	Category:Witchcraft > Fiction about witchcraft > Modern Arthurian fiction
en	The Enchanted Canary	12887	Category:Witchcraft > Fiction about witchcraft > Witchcraft in fairy tales
fr	Supernatural: The Animation	12883	Catégorie:Sorcellerie > Sorcellerie dans l'art et la culture > Série télévisée sur la sorcellerie
es	Nuevo sabor a cereza	12875	Categoría:Brujería > Brujería en la ficción > Brujería en cine y televisión
en	The Critical Eye	12863	Category:Witchcraft > Modern witchcraft
en	Viy (1967 film)	12863	Category:Witchcraft > Fiction about witchcraft > Films about witchcraft
en	Enchanted Portals	12862	Category:Witchcraft > Fiction about witchcraft > Video games about witchcraft
de	Aslaug	12853	Kategorie:Sagengestalt > Mythischer Herrscher
en	Witch trials in New York	12844	Category:Witch trials > Witch trials in North America
de	Sandmann	12839	Kategorie:Sagengestalt
es	1 Samuel 28	12837	Categoría:Brujería > Bruja de Endor
en	The Devil's Rock	12834	Category:Witchcraft > Fiction about witchcraft > Films about witchcraft
es	Kat Von D	12815	Categoría:Brujería > Satanismo > Conversos al cristianismo desde el satanismo u ocultismo
fr	Shin Negima!?	12811	Catégorie:Sorcellerie > Sorcellerie dans l'art et la culture > Sorcellerie dans la bande dessinée
de	Wiedergänger	12810	Kategorie:Sagengestalt > Fabelwesen > Untoter
en	The Amityville Terror	12808	Category:Witchcraft > Fiction about witchcraft > Films about witchcraft
en	Vox in Rama	12807	Category:European witchcraft
en	Margaret Scott (Salem witch trials)	12804	Category:People executed for witchcraft > English people executed for witchcraft
en	Sacrilege	12802	Category:Witchcraft > Curses > Taboo
en	Francis Manners, 6th Earl of Rutland	12796	Category:Witch trials > Witch trials in Europe > Witch trials in England
en	Witch trials in the Holy Roman Empire	12788	Category:Witch trials > Witch trials in Europe > Witch trials in Germany
en	The Virgin of the Quarry Lake	12775	Category:Witchcraft > Fiction about witchcraft > Films about witchcraft
fr	Procès de sorcellerie au Ban de la Roche	12775	Catégorie:Sorcellerie > Sorcellerie par lieu > Sorcellerie en France
en	Ndau witchcraft and sorcery	12773	Category:Witchcraft > African witchcraft
en	Casting the Runes	12771	Category:Witchcraft > Curses > Fiction about curses
en	Granny Weatherwax	12771	Category:Witchcraft > Fiction about witchcraft > Witchcraft in written fiction
de	Errores Gazariorum	12756	Kategorie:Hexenverfolgung
fr	In the Lost Lands	12752	Catégorie:Sorcellerie > Sorcellerie féminine > Film mettant en scène une sorcière
it	Medusa (Soul Eater)	12741	Categoria:Stregoneria > Streghe nelle opere di fantasia
de	Elisabeth Hoffmann	12739	Kategorie:Hexenverfolgung > Opfer der Hexenverfolgung
en	Outline of Harry Potter	12726	Category:Witchcraft > Fiction about witchcraft > Harry Potter
ja	ネバーエンディング・ストーリー 第2章	12711	Category:魔女 > 魔女を題材とした作品 > 魔女を題材とした映画作品
en	Maria Duran	12686	Category:Witch trials > People accused of witchcraft > People convicted of witchcraft
en	Curse of Timur	12684	Category:Witchcraft > Curses
de	Barbara Meyhe	12683	Kategorie:Hexenverfolgung > Opfer der Hexenverfolgung
de	Stüpp	12682	Kategorie:Sagengestalt > Deutsche Sagengestalt
de	Mishipeshu	12679	Kategorie:Sagengestalt > Fabelwesen
en	Witchslayer Gretl	12675	Category:Witchcraft > Fiction about witchcraft > Films about witchcraft
en	Sefer Raziel HaMalakh	12674	Category:Witchcraft > Grimoires > Jewish grimoires
fr	La Sorcière (essai)	12673	Catégorie:Sorcellerie > Étude de la sorcellerie > Écrit sur la sorcellerie
es	Reina de las Nieves	12670	Categoría:Brujería > Brujos ficticios
fr	Olympe Mancini	12666	Catégorie:Sorcellerie > Sorcellerie féminine > Affaire des poisons
de	Nachtalb	12661	Kategorie:Sagengestalt > Fabelwesen
es	Marisa Kirisame	12647	Categoría:Brujería > Brujos ficticios
en	Alpi the Soul Sender	12627	Category:Witchcraft > Curses > Fiction about curses
en	Witch trials in Denmark	12623	Category:Witch trials > Witch trials in Europe > Witch trials in Denmark
de	Richmodis-Sage	12619	Kategorie:Sagengestalt > Weibliche Sagengestalt
en	Helen Ukpabio	12617	Category:Witchcraft > African witchcraft
de	Bayonetta 2	12615	Kategorie:Hexerei > Hexerei in der Kultur
es	Feminicidas del campo algodonero	12609	Categoría:Brujería > Satanismo > Delitos relacionados con el satanismo u ocultismo
en	The Sudbury Devil	12595	Category:Witchcraft > Fiction about witchcraft > Films about witchcraft
en	Haunted doll	12588	Category:Witchcraft > Curses
en	Birubala Rabha	12586	Category:Witchcraft > Witch hunting > Critics of witch hunting
en	Monster Family 2	12582	Category:Witchcraft > Fiction about witchcraft > Films about witchcraft
en	Saban's Adventures of the Little Mermaid	12581	Category:Witchcraft > Fiction about witchcraft > Anime and manga about witchcraft
en	Doñas de fuera	12574	Category:European witchcraft > Witchcraft in Italy
fr	Gargamel	12573	Catégorie:Sorcellerie > Sorcellerie dans l'art et la culture > Sorcellerie dans la bande dessinée
en	The Lantern Bearers (Sutcliff novel)	12561	Category:Witchcraft > Fiction about witchcraft > Modern Arthurian fiction
de	Blemmyer	12559	Kategorie:Sagengestalt > Fabelwesen
it	Ginny Weasley	12558	Categoria:Stregoneria > Streghe nelle opere di fantasia
en	Shams al-Ma'arif	12557	Category:Witchcraft > Grimoires > Arabic grimoires
de	Walküre	12555	Kategorie:Sagengestalt > Germanische Sagengestalt
de	Zahnwurm	12529	Kategorie:Sagengestalt > Fabelwesen > Fabeltier
fr	Sorcières de Triora	12529	Catégorie:Sorcellerie > Procès de sorcellerie
es	Tríptico de las Tentaciones de san Antonio	12525	Categoría:Brujería > Brujas en el arte
fr	Défixion	12522	Catégorie:Sorcellerie > Sorcellerie dans l'art et la culture > Tablette de défixion
en	Johannes Junius	12515	Category:People executed for witchcraft > German people executed for witchcraft
en	Anna Tait	12506	Category:People executed for witchcraft > Scottish people executed for witchcraft
en	Spearfinger	12492	Category:Witchcraft > American witchcraft
de	Johann (Nassau-Idstein)	12488	Kategorie:Hexenverfolgung > Täter der Hexenverfolgung
en	Between the Living and the Dead	12486	Category:Witchcraft > Books about witchcraft
en	Cast a Deadly Spell	12486	Category:Witchcraft > Fiction about witchcraft > Films about witchcraft
en	Rainbow jersey	12481	Category:Witchcraft > Curses > Sports-related curses
en	Blackbeard's Ghost	12466	Category:Witchcraft > Fiction about witchcraft > Films about witchcraft
de	Ushi-oni	12463	Kategorie:Sagengestalt > Fabelwesen > Mischwesen
en	Gris-gris (talisman)	12462	Category:Witchcraft > African witchcraft > Voodoo
en	Nightbooks	12459	Category:Witchcraft > Fiction about witchcraft > Films about witchcraft
de	Frauenbrunnen (Geistthal)	12458	Kategorie:Hexenverfolgung
en	Forbidden Fruits	12457	Category:Witchcraft > Fiction about witchcraft > Films about witchcraft
en	Zhang Liang (Tang dynasty)	12457	Category:People executed for witchcraft > Chinese people executed for witchcraft
it	Mojo (personaggio)	12451	Categoria:Stregoneria > Stregoni immaginari
es	Sara Aldrete	12449	Categoría:Brujería > Satanismo > Delitos relacionados con el satanismo u ocultismo
en	Errementari	12448	Category:Witchcraft > Witchcraft in folklore and mythology > Deal with the Devil
en	Elizabeth Woodville School	12447	Category:Witch trials > People accused of witchcraft > Elizabeth Woodville
en	The Fort at River's Bend	12443	Category:Witchcraft > Fiction about witchcraft > Modern Arthurian fiction
es	Adrenocromo	12437	Categoría:Brujería > Satanismo > QAnon
fr	Le Maître et Marguerite (série télévisée)	12428	Catégorie:Sorcellerie > Sorcellerie dans l'art et la culture > Diable dans la fiction
de	Hexen hexen (2020)	12417	Kategorie:Hexerei > Hexerei in der Kultur > Hexerei im Film
ja	魔女たちの飛翔	12417	Category:魔女 > 魔女を題材とした作品
fr	Montague Summers	12416	Catégorie:Sorcellerie > Étude de la sorcellerie
de	Tatzelwurm (Fabeltier)	12411	Kategorie:Sagengestalt > Fabelwesen > Drache
de	Dschamschid	12398	Kategorie:Sagengestalt > Mythischer Herrscher
de	Santa Compaña	12394	Kategorie:Sagengestalt > Keltische Sagengestalt
fr	Paranormal Activity 3	12388	Catégorie:Sorcellerie > Sorcellerie dans l'art et la culture > Film sur la sorcellerie
es	Iblís	12382	Categoría:Brujería > Satanismo > Demonología
fr	Dormammu	12376	Catégorie:Sorcellerie > Sorcellerie dans l'art et la culture > Magicien ou sorcier de fiction
es	Alonso de Salazar y Frías	12368	Categoría:Brujería > Brujería por país > Brujería en España
es	Juicios de brujas de North Berwick	12366	Categoría:Brujería > Procesos por brujería > Juicios por brujería en Escocia
de	Johannes Nider	12365	Kategorie:Hexenverfolgung > Täter der Hexenverfolgung > Hexentheoretiker
es	Roger Morneau	12357	Categoría:Brujería > Satanismo
en	Witchcraft Research Association	12355	Category:European witchcraft > Witchcraft in the United Kingdom
de	Agnes Waterhouse	12354	Kategorie:Hexenverfolgung > Opfer der Hexenverfolgung
en	Biddy Early	12354	Category:Witch trials > People accused of witchcraft
en	The Four Naked Women (Dürer)	12348	Category:Witchcraft > Witches > Witches in art
fr	Pacte avec le Diable	12332	Catégorie:Sorcellerie
en	Shaman of Oberstdorf	12331	Category:Witchcraft > Books about witchcraft > History books about witchcraft
en	Princess of the Midnight Ball	12328	Category:Witchcraft > Curses > Fiction about curses
de	Hocus Pocus 2	12320	Kategorie:Hexerei > Hexerei in der Kultur > Hexerei im Film
en	Freedom of religion in the Central African Republic	12317	Category:Witchcraft > African witchcraft
it	Megan Gwynn	12314	Categoria:Stregoneria > Streghe nelle opere di fantasia
de	Johann Geiler von Kaysersberg	12311	Kategorie:Hexenverfolgung > Täter der Hexenverfolgung > Hexentheoretiker
en	Grid Runner	12262	Category:Witchcraft > Fiction about witchcraft > Video games about witchcraft
fr	Tuatha Dé Danann	12259	Catégorie:Sorcellerie > Magicien ou sorcier de légende
it	Ex Death	12259	Categoria:Stregoneria > Stregoni immaginari
en	Samuel Parris	12257	Category:Witch trials > Accusers in witch trials > Accusers in the Salem witch trials
en	The Ritual (2017 film)	12254	Category:Witchcraft > Fiction about witchcraft > Films about witchcraft
es	Nicolás Aymerich	12251	Categoría:Brujería > Brujería por país > Brujería en España
en	The Ash-tree	12250	Category:Witchcraft > Curses > Fiction about curses
ja	ボクと魔女の時間	12246	Category:魔女 > 魔女を題材とした作品 > 魔女を題材とした漫画作品
en	Arbatel de magia veterum	12240	Category:Witchcraft > Grimoires
fr	Gardnérianisme	12233	Catégorie:Sorcellerie > Organisation qui s'intéresse à la magie
fr	La Prophétie de l'horloge	12231	Catégorie:Sorcellerie > Sorcellerie féminine > Film mettant en scène une sorcière
en	Le Roi David	12228	Category:Witchcraft > Judaism and witchcraft > Witch of Endor
en	Witch trials in England	12226	Category:Witch trials > Witch trials in Europe > Witch trials in England
de	Hexenverfolgung in Basel	12214	Kategorie:Hexenverfolgung
en	Ammons haunting case	12211	Category:Witchcraft > Curses > Demonic possession
de	Lolly Willowes	12207	Kategorie:Hexerei > Hexerei in der Kultur > Hexerei in Kunst und Literatur
de	Hanuman	12207	Kategorie:Sagengestalt > Fabelwesen > Mischwesen
de	Ann Glover	12201	Kategorie:Hexenverfolgung > Opfer der Hexenverfolgung
de	Little Witch Academia	12201	Kategorie:Hexerei > Hexerei in der Kultur > Hexerei im Film
ja	ルードヴィッヒ革命	12197	Category:魔女 > 魔女を題材とした作品 > 魔女を題材とした漫画作品
fr	Alucard (Castlevania)	12187	Catégorie:Sorcellerie > Sorcellerie dans l'art et la culture > Magicien ou sorcier de fiction
de	Heinrich Kramer	12184	Kategorie:Hexenverfolgung > Täter der Hexenverfolgung > Hexentheoretiker
fr	Bibi, nom d'une sorcière	12183	Catégorie:Sorcellerie > Sorcellerie féminine > Film mettant en scène une sorcière
en	Legend of Keret	12178	Category:Witchcraft > Curses > Fiction about curses
de	Ulrich Tengler	12173	Kategorie:Hexenverfolgung > Täter der Hexenverfolgung
en	Howard Williams (humanitarian)	12173	Category:Witchcraft > Historians of witchcraft
de	Feuer und Stein	12171	Kategorie:Hexenverfolgung > Hexenverfolgung in der Kultur > Hexenverfolgung in der Literatur
en	Witchcraft in Italy	12163	Category:European witchcraft > Witchcraft in Italy
en	Theophilus of Adana	12154	Category:Witchcraft > Witchcraft in folklore and mythology > Deal with the Devil
en	Frogger: The Great Quest	12145	Category:Witchcraft > Fiction about witchcraft > Video games about witchcraft
es	Agnes Crittin	12142	Categoría:Brujería > Procesos por brujería > Ejecutados por brujería
en	Witches of Scotland	12124	Category:Witch trials > Witch trials in Europe > Witch trials in Scotland
en	Blair Witch Volume III: The Elly Kedward Tale	12123	Category:Witchcraft > Fiction about witchcraft > Blair Witch
en	Katharina Kepler	12103	Category:Witch trials > People accused of witchcraft > People acquitted of witchcraft
en	Fantaghirò 3	12071	Category:Witchcraft > Fiction about witchcraft > Films about witchcraft
de	Moina Mathers	12065	Kategorie:Hexerei > Hexe
de	Hexenverfolgungen in Sindelfingen	12059	Kategorie:Hexenverfolgung > Hexenzeitung
en	Hag	12043	Category:Witchcraft > Fiction about witchcraft > Witchcraft in fairy tales
ja	魔女の家	12039	Category:魔女 > 魔女を題材とした作品 > 魔女を題材としたコンピュータゲーム
en	Pulsa diNura	12030	Category:Witchcraft > Curses
de	Die Folterkammer des Hexenjägers	12026	Kategorie:Hexerei > Hexerei in der Kultur > Hexerei im Film
fr	Yule	12026	Catégorie:Sorcellerie > Sorcellerie contemporaine > Wicca
sv	Häxprocesser i Ryssland	12026	Kategori:Häxprocesser > Häxprocesser i Europa > Häxprocesser i Ryssland
en	Art of the Devil 2	12019	Category:Witchcraft > Fiction about witchcraft > Films about witchcraft
de	Der Alchemist	12017	Kategorie:Hexerei > Hexerei in der Kultur > Hexerei in Kunst und Literatur
en	The Tinderbox	12009	Category:Witchcraft > Fiction about witchcraft > Witchcraft in fairy tales
de	Der Hexenjäger	11991	Kategorie:Hexenverfolgung > Hexenverfolgung in der Kultur
en	Witch camp	11985	Category:Witchcraft > African witchcraft
en	Crazy Castle	11985	Category:Witchcraft > Fiction about witchcraft > Video games about witchcraft
en	Der fliegende Holländer discography	11978	Category:Witchcraft > Curses > Flying Dutchman
de	Mothman	11976	Kategorie:Sagengestalt > Fabelwesen > Fabeltier
en	Belled buzzard	11969	Category:Witchcraft > Curses
de	Walter Hauser (Schriftsteller)	11967	Kategorie:Hexenverfolgung > Sachliteratur (Hexenverfolgung)
de	Der Zauberer der Smaragdenstadt	11950	Kategorie:Hexerei > Hexerei in der Kultur > Hexerei in Kunst und Literatur
en	Hansel vs. Gretel	11950	Category:Witchcraft > Fiction about witchcraft > Films about witchcraft
en	Shard of Spring	11947	Category:Witchcraft > Fiction about witchcraft > Video games about witchcraft
en	Magical Treatise of Solomon	11945	Category:Witchcraft > Grimoires > Goetic grimoires
de	Hexe Lilli rettet Weihnachten	11924	Kategorie:Hexerei > Hexerei in der Kultur > Hexerei im Film
it	Naga the White Serpent	11924	Categoria:Stregoneria > Streghe nelle opere di fantasia
en	Coalescent	11919	Category:Witchcraft > Fiction about witchcraft > Modern Arthurian fiction
en	The Witch (1906 film)	11916	Category:Witchcraft > Fiction about witchcraft > Films about witchcraft
en	Michael Taylor (British killer)	11899	Category:Witchcraft > Curses > Demonic possession
es	Yasunori Katō	11899	Categoría:Brujería > Brujos ficticios
de	Pygmäen (Mythologie)	11892	Kategorie:Sagengestalt > Fabelwesen
en	Hansel & Gretel (2013 film)	11892	Category:Witchcraft > Fiction about witchcraft > Films about witchcraft
en	Monster Summer	11877	Category:Witchcraft > Fiction about witchcraft > Films about witchcraft
en	Night of the Scarecrow	11876	Category:Witchcraft > Fiction about witchcraft > Films about witchcraft
es	Sello de Salomón (leyenda)	11876	Categoría:Brujería > Satanismo > Demonología
en	Double, Double, Toil and Trouble	11875	Category:Witchcraft > Fiction about witchcraft > Films about witchcraft
ja	魔女がいっぱい	11874	Category:魔女 > 魔女を題材とした作品 > 魔女を題材とした映画作品
es	Campamentos de brujas	11870	Categoría:Brujería > Brujas (brujería)
fr	Naïa la sorcière	11869	Catégorie:Sorcellerie > Magicien ou sorcier de légende
en	Lisbeth Nypan	11866	Category:People executed for witchcraft > Norwegian people executed for witchcraft
es	Los sueños en la casa de la bruja	11856	Categoría:Brujería
fr	Djedi (magicien)	11832	Catégorie:Sorcellerie > Sorcellerie dans l'art et la culture > Magicien ou sorcier de fiction
de	Rudolf Goclenius der Ältere	11820	Kategorie:Hexenverfolgung > Täter der Hexenverfolgung > Hexentheoretiker
en	Possession of Elizabeth Knapp	11818	Category:Witchcraft > American witchcraft
de	Michel Mort	11812	Kategorie:Sagengestalt
fr	Errores Gazariorum	11811	Catégorie:Sorcellerie > Sorcellerie féminine
en	Ali Hussain Sibat	11806	Category:Witch trials > People accused of witchcraft
de	Kallikantzaros	11792	Kategorie:Sagengestalt > Fabelwesen
de	Muppets: Der Zauberer von Oz	11791	Kategorie:Hexerei > Hexerei in der Kultur > Hexerei im Film
en	Salem Witch Museum	11791	Category:Witchcraft > Witchcraft museums
en	Anglo-Saxon Amulets and Curing Stones	11782	Category:Witchcraft > Books about witchcraft > History books about witchcraft
en	Spectre (1977 film)	11782	Category:Witchcraft > Fiction about witchcraft > Films about witchcraft
ja	ランド・オブ・オズ	11782	Category:魔女 > 魔女を題材とした作品 > オズ・シリーズ
ja	黒猫	11780	Category:魔女
fr	Armide	11774	Catégorie:Sorcellerie > Sorcellerie dans l'art et la culture > Magicien ou sorcier de fiction
en	Hunting Matthew Nichols	11772	Category:Witchcraft > Fiction about witchcraft > Films about witchcraft
en	The Scottish Play	11769	Category:Witchcraft > Curses
es	The Evermoor Chronicles	11765	Categoría:Brujería > Brujería en la ficción > Brujería en cine y televisión
fr	Sorcières du Berry	11763	Catégorie:Sorcellerie > Sorcellerie par lieu > Sorcellerie en France
en	John Gaule	11756	Category:European witchcraft > Imps
de	Blair Witch 2	11739	Kategorie:Hexenverfolgung > Hexenverfolgung in der Kultur
en	Bloodmarked	11734	Category:Witchcraft > Fiction about witchcraft > Modern Arthurian fiction
de	Hexenwesen (Schweiz)	11726	Kategorie:Hexenverfolgung > Hexenverfolgung nach räumlicher Zuordnung
ja	婦警さんは魔女	11726	Category:魔女 > 魔女を題材とした作品 > 魔女を題材としたテレビドラマ
fr	Boule de sorcière	11725	Catégorie:Sorcellerie > Sorcellerie par lieu > Sorcellerie en Angleterre
de	Anna Maria Wagemann	11720	Kategorie:Hexenverfolgung > Opfer der Hexenverfolgung
fr	The Midnight Club	11716	Catégorie:Sorcellerie > Sorcellerie dans l'art et la culture > Série télévisée sur la sorcellerie
es	Oscuridad	11711	Categoría:Brujería > Satanismo > Demonología
de	Freyr	11709	Kategorie:Sagengestalt > Germanische Sagengestalt > Sagenkönig (Schweden)
de	Schweineköpfige Frauen	11708	Kategorie:Sagengestalt > Weibliche Sagengestalt
de	Mondgesicht	11704	Kategorie:Sagengestalt > Fabelwesen
es	Guayota	11704	Categoría:Brujería > Satanismo > Demonología
de	Der Schmied von Kochel	11698	Kategorie:Sagengestalt > Deutsche Sagengestalt
de	Markuslöwe	11698	Kategorie:Sagengestalt > Fabelwesen > Fabelwesen (Heraldik)
es	Correllianismo	11691	Categoría:Brujería > Wicca > Tradiciones wiccanas
it	Pietro Bailardo	11688	Categoria:Stregoneria > Stregoni immaginari
ja	ウィキッド 永遠の約束	11687	Category:魔女 > 魔女を題材とした作品 > 魔女を題材とした映画作品
fr	Jafar (Disney)	11680	Catégorie:Sorcellerie > Sorcellerie dans l'art et la culture > Magicien ou sorcier de fiction
en	Geology of Middle-earth	11676	Category:Witchcraft > Fiction about witchcraft > Middle-earth
it	Paige Matthews	11676	Categoria:Stregoneria > Streghe nelle opere di fantasia
en	Freeway II: Confessions of a Trickbaby	11670	Category:Witchcraft > Fiction about witchcraft > Films about witchcraft
en	Tanacu exorcism	11666	Category:Witchcraft > Curses > Demonic possession
ja	白雪姫と七人のこびと	11666	Category:魔女 > 魔女を題材とした作品 > 白雪姫
en	We Need to Do Something	11658	Category:Witchcraft > Fiction about witchcraft > Films about witchcraft
de	Querx	11657	Kategorie:Sagengestalt > Deutsche Sagengestalt
en	The Touch of Satan	11653	Category:Witchcraft > Fiction about witchcraft > Films about witchcraft
en	Deathstalker (2025 film)	11649	Category:Witchcraft > Fiction about witchcraft > Films about witchcraft
en	Tapu (Polynesian culture)	11641	Category:Witchcraft > Curses > Taboo
en	The Paul Lynde Halloween Special	11641	Category:Witchcraft > Fiction about witchcraft > Television shows about witchcraft
es	Médico brujo	11627	Categoría:Brujería
de	Ein Metjen nahmens Preetzen	11622	Kategorie:Hexenverfolgung > Hexenverfolgung in der Kultur
fr	Margaret Scott	11621	Catégorie:Sorcellerie > Sorcellerie féminine > Procès des sorcières de Salem
en	The Scarlet Flower	11611	Category:Witchcraft > Fiction about witchcraft > Witchcraft in fairy tales
de	Unhold	11609	Kategorie:Sagengestalt > Germanische Sagengestalt
ja	ヘンゼル & グレーテル (映画)	11609	Category:魔女 > 魔女を題材とした作品 > 魔女を題材とした映画作品
it	Sakura Kinomoto	11596	Categoria:Stregoneria > Streghe nelle opere di fantasia
de	Bibi Blocksberg – Das große Hexentreffen	11594	Kategorie:Hexerei > Hexerei in der Kultur > Hexerei im Film
en	Bayonetta: Bloody Fate	11594	Category:Witchcraft > Fiction about witchcraft > Films about witchcraft
fr	Mandrake le Magicien	11590	Catégorie:Sorcellerie > Sorcellerie dans l'art et la culture > Magicien ou sorcier de fiction
en	Hansel and Gretel (1983 TV special)	11584	Category:Witchcraft > Fiction about witchcraft > Films about witchcraft
de	Hexe Lilli – Der Drache und das magische Buch	11579	Kategorie:Hexerei > Hexerei in der Kultur > Hexerei im Film
es	Eugenia Pirzio-Biroli	11573	Categoría:Brujería > Brujería por país > Brujería en Chile
es	Aku Aku (personaje de Crash Bandicoot)	11557	Categoría:Brujería > Brujos ficticios
en	Nicnevin	11553	Category:Witchcraft > Witchcraft in folklore and mythology > Witches in folklore
de	Fuchshexe	11550	Kategorie:Sagengestalt > Deutsche Sagengestalt
es	Joseph-Antoine Boullan	11550	Categoría:Brujería > Satanismo
es	Urbain Grandier	11548	Categoría:Brujería > Procesos por brujería > Ejecutados por brujería
en	Liechtenstein witch trials	11542	Category:Witch trials > Witch trials in Europe
en	The Covenant (2006 film)	11533	Category:Witchcraft > Fiction about witchcraft > Films about witchcraft
it	Sanghyang	11532	Categoria:Stregoneria
de	Anna Katharina Spee	11521	Kategorie:Hexenverfolgung > Opfer der Hexenverfolgung
en	Unlucky Mummy	11520	Category:Witchcraft > Curses
en	Nagual	11506	Category:Witchcraft > American witchcraft
es	Errores Gazariorum	11505	Categoría:Brujería
en	Monster Family	11485	Category:Witchcraft > Fiction about witchcraft > Films about witchcraft
de	Einäugigkeit	11466	Kategorie:Sagengestalt > Fabelwesen
en	The Hearse	11466	Category:Witchcraft > Fiction about witchcraft > Films about witchcraft
en	Castelo Rá-Tim-Bum	11464	Category:Witchcraft > Fiction about witchcraft > Television shows about witchcraft
en	Fish head	11455	Category:European witchcraft > Witchcraft in Italy
it	Ner'zhul	11444	Categoria:Stregoneria > Stregoni immaginari
en	Sorority Babes in the Slimeball Bowl-O-Rama	11429	Category:European witchcraft > Imps
en	Anne Pedersdotter	11423	Category:People executed for witchcraft > Norwegian people executed for witchcraft
fr	Pratique du secret	11413	Catégorie:Sorcellerie
en	The Discoverie of Witchcraft	11410	Category:Witchcraft > Witchcraft treatises
en	Abracadabra	11406	Category:Witchcraft > Incantation
en	Look What's Happened to Rosemary's Baby	11404	Category:Witchcraft > Fiction about witchcraft > Films about witchcraft
it	Il monaco (romanzo)	11403	Categoria:Stregoneria > Opere letterarie sulla stregoneria > Romanzi sulla stregoneria
de	The Love Witch	11402	Kategorie:Hexerei > Hexerei in der Kultur > Hexerei im Film
es	Brita Zippel	11400	Categoría:Brujería > Procesos por brujería > Ejecutados por brujería
ja	スカイクラッド (ネオペイガニズム)	11400	Category:魔女
ja	Even if TEMPEST 宵闇にかく語りき魔女	11393	Category:魔女 > 魔女を題材とした作品 > 魔女を題材としたコンピュータゲーム
de	Thomas Hauschild	11386	Kategorie:Hexenverfolgung > Sachliteratur (Hexenverfolgung)
en	The Wild Swans	11386	Category:Witchcraft > Fiction about witchcraft > Witchcraft in fairy tales
en	Witching & Bitching	11385	Category:Witchcraft > Fiction about witchcraft > Films about witchcraft
en	Margareta Remmer	11377	Category:Witch trials > People accused of witchcraft
fr	Amy Madison	11377	Catégorie:Sorcellerie > Sorcellerie dans l'art et la culture > Magicien ou sorcier de fiction
it	Glinda	11373	Categoria:Stregoneria > Streghe nelle opere di fantasia
it	Elminster	11356	Categoria:Stregoneria > Stregoni immaginari
fr	Robert Muchembled	11355	Catégorie:Sorcellerie > Étude de la sorcellerie
de	Heinrich Bode (Rechtswissenschaftler)	11352	Kategorie:Hexenverfolgung > Gegner der Hexenverfolgung
ja	ブレアウィッチ2	11344	Category:魔女 > 魔女を題材とした作品 > 魔女を題材とした映画作品
es	Margery Jourdemayne	11338	Categoría:Brujería > Brujas (brujería) > Personas acusadas de brujería
en	Brita Zippel	11335	Category:People executed for witchcraft > Swedish people executed for witchcraft
fr	Les Sorcières de Salem	11334	Catégorie:Sorcellerie > Sorcellerie féminine > Procès des sorcières de Salem
en	Sir Gawain and the Green Knight (children's novel)	11331	Category:Witchcraft > Fiction about witchcraft > Modern Arthurian fiction
en	Scooby-Doo! and the Reluctant Werewolf	11324	Category:Witchcraft > Fiction about witchcraft > Films about witchcraft
de	Balthasar von Dernbach	11323	Kategorie:Hexenverfolgung > Täter der Hexenverfolgung
en	Isabella Gonzaga	11323	Category:Witch trials > People accused of witchcraft > People acquitted of witchcraft
en	Kiki's Delivery Service (2014 film)	11322	Category:Witchcraft > Fiction about witchcraft > Films about witchcraft
de	Ammit	11321	Kategorie:Sagengestalt > Fabelwesen > Mischwesen
ja	ウィロー	11321	Category:魔女 > 魔女を題材とした作品 > 魔女を題材とした映画作品
en	The Grey King	11319	Category:Witchcraft > Fiction about witchcraft > Modern Arthurian fiction
en	Ghoul (2015 film)	11315	Category:Witchcraft > Fiction about witchcraft > Films about witchcraft
en	The Night of Enitharmon's Joy	11308	Category:Witchcraft > Witches > Witches in art
de	Bible Black	11305	Kategorie:Hexerei > Hexerei in der Kultur
de	Hexenexperiment	11302	Kategorie:Hexerei
de	Hänsel und Gretel (2012)	11298	Kategorie:Hexenverfolgung > Hexenverfolgung in der Kultur
fr	Poupée vaudou	11289	Catégorie:Sorcellerie > Sorcellerie dans l'art et la culture
es	Justicia para las brujas de Escocia	11278	Categoría:Brujería > Brujas (brujería)
de	Peter Schlemihls wundersame Geschichte	11271	Kategorie:Hexerei > Hexerei in der Kultur > Hexerei in Kunst und Literatur
en	All Cheerleaders Die	11269	Category:Witchcraft > Fiction about witchcraft > Films about witchcraft
fr	Fenêtre de sorcière	11269	Catégorie:Sorcellerie > Sorcellerie par lieu > Sorcellerie en Amérique
fr	Grand-mère Kalle	11256	Catégorie:Sorcellerie > Magicien ou sorcier de légende
en	Avalon High	11252	Category:Witchcraft > Fiction about witchcraft > Modern Arthurian fiction
fr	Église de tous les mondes	11248	Catégorie:Sorcellerie > Organisation qui s'intéresse à la magie
fr	Ostara	11234	Catégorie:Sorcellerie > Sorcellerie contemporaine > Wicca
en	The Amityville Asylum	11233	Category:Witchcraft > Fiction about witchcraft > Films about witchcraft
es	Cofradía de brujas	11231	Categoría:Brujería
en	Witch trials in the Netherlands	11228	Category:Witch trials > Witch trials in Europe > Witch trials in the Netherlands
de	Johann Matthäus Meyfart	11225	Kategorie:Hexenverfolgung > Gegner der Hexenverfolgung
en	Nanny Ogg	11223	Category:Witchcraft > Fiction about witchcraft > Witchcraft in written fiction
en	Ann Putnam	11218	Category:Witch trials > Accusers in witch trials > Accusers in the Salem witch trials
fr	Daimon Hellstrom	11218	Catégorie:Sorcellerie > Sorcellerie dans l'art et la culture > Magicien ou sorcier de fiction
en	The Queen of Air and Darkness	11216	Category:Witchcraft > Fiction about witchcraft > Modern Arthurian fiction
en	Freedom of religion in Cameroon	11203	Category:Witchcraft > African witchcraft
fr	Noisetier	11194	Catégorie:Sorcellerie > Plante utilisée en sorcellerie
ja	ロード・オブ・セイラム	11188	Category:魔女 > 魔女を題材とした作品 > 魔女を題材とした映画作品
es	Magica De Spell	11182	Categoría:Brujería > Brujos ficticios
fr	Dæmonicus	11179	Catégorie:Sorcellerie > Sorcellerie dans l'art et la culture > Diable dans la fiction
de	Dorothea Meermann	11178	Kategorie:Hexenverfolgung > Opfer der Hexenverfolgung
en	La toison d'or (opera)	11174	Category:Witchcraft > Fiction about witchcraft > Works about Medea
fr	Silvia Federici	11174	Catégorie:Sorcellerie > Étude de la sorcellerie > Auteur de traité sur la sorcellerie
es	Margaret Jones	11170	Categoría:Brujería > Brujas (brujería) > Personas acusadas de brujería
de	Sommer der Angst – Eine tödliche Bedrohung	11164	Kategorie:Hexerei > Hexerei in der Kultur > Hexerei im Film
de	Honorius Roth von Schreckenstein	11151	Kategorie:Hexenverfolgung > Täter der Hexenverfolgung
en	Soucouyant	11151	Category:Witchcraft > Witchcraft in folklore and mythology
es	Batalla de Hogwarts	11148	Categoría:Brujería > Brujería en la ficción > Harry Potter
en	Anja Ringgren Lovén	11145	Category:Witchcraft > Modern witchcraft > Modern witch hunts
en	The Resurrected	11143	Category:Witchcraft > Fiction about witchcraft > Films about witchcraft
de	Klaus Graf (Historiker)	11142	Kategorie:Hexenverfolgung > Sachliteratur (Hexenverfolgung)
es	Paula de Eguiluz	11139	Categoría:Brujería > Brujería en América
en	Christine (King novel)	11137	Category:Witchcraft > Curses > Fiction about curses
en	Disney's Villains' Revenge	11136	Category:Witchcraft > Fiction about witchcraft > Video games about witchcraft
ja	魔女 (ハンドル)	11129	Category:魔女
es	Juicios de brujas en Polonia	11128	Categoría:Brujería > Procesos por brujería
fr	Sorcière d'Endor	11124	Catégorie:Sorcellerie > Magicien ou sorcier de légende
de	Ursula Vaupel	11117	Kategorie:Hexenverfolgung > Sachliteratur (Hexenverfolgung)
en	Legion: The Legend of Excalibur	11117	Category:Witchcraft > Fiction about witchcraft > Video games about witchcraft
sv	Peder Mathsson i Mollösund	11117	Kategori:Häxprocesser > Personer som blivit avrättade för häxeri > Personer som blivit avrättade för häxeri i Sverige
fr	Enfant sorcier	11112	Catégorie:Sorcellerie > Enfant sorcier
fr	Fatima Khatun	11108	Catégorie:Sorcellerie > Procès de sorcellerie > Personnalité condamnée pour sorcellerie
ja	嘘つき姫と盲目王子	11106	Category:魔女 > 魔女を題材とした作品 > 魔女を題材としたコンピュータゲーム
en	The Mephisto Waltz	11102	Category:Witchcraft > Fiction about witchcraft > Films about witchcraft
es	Juicios de Valais	11097	Categoría:Brujería > Procesos por brujería
de	Tróndur í Gøtu	11091	Kategorie:Sagengestalt > Figur der Färingersaga
de	Untoter	11091	Kategorie:Sagengestalt > Fabelwesen > Untoter
en	Superfrog	11074	Category:Witchcraft > Fiction about witchcraft > Video games about witchcraft
en	The Imp of the Perverse	11070	Category:European witchcraft > Imps
fr	Deux Princesses pour un royaume	11068	Catégorie:Sorcellerie > Sorcellerie dans l'art et la culture > Série télévisée sur la sorcellerie
en	Doki Doki Majo Shinpan!	11064	Category:Witchcraft > Fiction about witchcraft > Video games about witchcraft
de	Franz von Hatzfeld	11056	Kategorie:Hexenverfolgung > Täter der Hexenverfolgung
en	Witch (word)	11055	Category:Witchcraft > Witches
en	Alone in the Dark: Illumination	11051	Category:Witchcraft > Fiction about witchcraft > Video games about witchcraft
en	The Witch House	11046	Category:Witchcraft > Witchcraft museums
es	Witchy	11043	Categoría:Brujería > Brujería en la ficción
fr	Monastère d'Unterzell	11042	Catégorie:Sorcellerie
en	The Witches (1966 film)	11034	Category:Witchcraft > Fiction about witchcraft > Films about witchcraft
it	Gamemnae	11034	Categoria:Stregoneria > Stregoni immaginari
de	The Dresden Files (Fernsehserie)	11032	Kategorie:Hexerei > Hexerei in der Kultur > Hexerei im Film
it	Raistlin Majere	11024	Categoria:Stregoneria > Stregoni immaginari
en	Blair Witch Volume I: Rustin Parr	11018	Category:Witchcraft > Fiction about witchcraft > Blair Witch
de	Katharina Bernburg	11012	Kategorie:Hexenverfolgung > Opfer der Hexenverfolgung
fr	Xandu	11003	Catégorie:Sorcellerie > Sorcellerie dans l'art et la culture > Magicien ou sorcier de fiction
de	Bean-nighe	11002	Kategorie:Sagengestalt
en	Scottish pork taboo	11002	Category:Witchcraft > Curses > Taboo
en	Army Derby	11000	Category:Witchcraft > Curses > Sports-related curses
en	Donkey Cabbages	10991	Category:Witchcraft > Fiction about witchcraft > Witchcraft in fairy tales
en	Nine Tripod Cauldrons	10989	Category:European witchcraft > Cauldrons
fr	Witchy Precure!	10989	Catégorie:Sorcellerie > Sorcellerie dans l'art et la culture > Série télévisée sur la sorcellerie
en	Ring (Suzuki novel)	10978	Category:Witchcraft > Curses > Fiction about curses
it	Mahendradatta	10976	Categoria:Stregoneria
ja	ナルニア国物語/第1章: ライオンと魔女	10973	Category:魔女 > 魔女を題材とした作品 > 魔女を題材とした映画作品
de	Maria Rampendahl	10971	Kategorie:Hexenverfolgung > Opfer der Hexenverfolgung
it	Darken Rahl	10947	Categoria:Stregoneria > Stregoni immaginari
en	Song of the Sparrow	10937	Category:Witchcraft > Fiction about witchcraft > Modern Arthurian fiction
es	Karnilla	10936	Categoría:Brujería > Brujos ficticios
en	All the Colors of the Dark	10935	Category:Witchcraft > Fiction about witchcraft > Films about witchcraft
fr	The Winchesters	10931	Catégorie:Sorcellerie > Sorcellerie dans l'art et la culture > Série télévisée sur la sorcellerie
de	Wasserprobe (Recht)	10930	Kategorie:Hexenverfolgung
ja	グレーテル&ヘンゼル	10925	Category:魔女 > 魔女を題材とした作品 > 魔女を題材とした映画作品
de	Wundervölker	10911	Kategorie:Sagengestalt > Fabelwesen
es	Posesiones de Louviers	10902	Categoría:Brujería > Satanismo
fr	Lightning (Final Fantasy)	10899	Catégorie:Sorcellerie > Sorcellerie dans l'art et la culture > Magicien ou sorcier de fiction
en	Witch & Wizard (series)	10891	Category:Witchcraft > Fiction about witchcraft > Witch hunting in fiction
es	Sons a Witches	10888	Categoría:Brujería > Brujería en la ficción > Brujería en cine y televisión
es	Maria de Naglowska	10878	Categoría:Brujería
en	Robert Pike (settler)	10868	Category:Witchcraft > Witch hunting > Critics of witch hunting
en	Prince Valiant (1997 film)	10863	Category:Witchcraft > Fiction about witchcraft > Films about witchcraft
de	Kornmann (Korndämon)	10862	Kategorie:Sagengestalt > Deutsche Sagengestalt
en	Little Johnny Sheep-Dung	10851	Category:Witchcraft > Witchcraft in folklore and mythology > Deal with the Devil
de	Martin Pumphut	10847	Kategorie:Hexerei > Hexerei in der Kultur
de	Ilja Muromez	10847	Kategorie:Sagengestalt > Slawische Sagengestalt
en	Formicarius	10846	Category:Witchcraft > Witchcraft treatises
en	Abrahadabra	10840	Category:Witchcraft > Incantation > Magic words
es	Xandrianismo	10840	Categoría:Brujería > Wicca > Tradiciones wiccanas
es	Reina de las Fábulas	10839	Categoría:Brujería > Brujos ficticios
fr	Guérisseur	10825	Catégorie:Sorcellerie
es	Mary Webster	10824	Categoría:Brujería > Brujas (brujería) > Personas acusadas de brujería
es	Zombies en La Moneda	10824	Categoría:Brujería > Zombis > Zombis en la historieta
en	Grailquest	10822	Category:Witchcraft > Fiction about witchcraft > Modern Arthurian fiction
es	Maldición de sangre	10822	Categoría:Brujería > Maldiciones
en	Mary Webster (alleged witch)	10816	Category:Witchcraft > American witchcraft
en	Valais witch trials	10811	Category:Witch trials > Witch trials in Europe > Witch trials in Switzerland
de	Nidhöggr	10806	Kategorie:Sagengestalt > Germanische Sagengestalt
es	Agnes Waterhouse	10803	Categoría:Brujería > Procesos por brujería > Ejecutados por brujería
en	Sleeping Bride	10801	Category:Witchcraft > Curses > Fiction about curses
en	The Pit and the Pendulum (1991 film)	10800	Category:Witchcraft > Fiction about witchcraft > Films about witchcraft
en	Scooby-Doo and the Ghoul School	10799	Category:Witchcraft > Fiction about witchcraft > Films about witchcraft
es	Asedio de Nueva Esperanza	10795	Categoría:Brujería > Satanismo
en	The Faery Tale Adventure	10788	Category:Witchcraft > Fiction about witchcraft > Video games about witchcraft
en	Witch trials in Poland	10778	Category:Witch trials > Witch trials in Europe > Witch trials in Poland
en	Parallel Paradise	10774	Category:Witchcraft > Fiction about witchcraft > Anime and manga about witchcraft
es	Cynthia Von Doom	10771	Categoría:Brujería > Brujos ficticios
de	Maria Renata Singer von Mossau	10760	Kategorie:Hexenverfolgung > Opfer der Hexenverfolgung
en	Virgin Witch	10757	Category:Witchcraft > Fiction about witchcraft > Films about witchcraft
en	Agobard	10756	Category:Witchcraft > Witch hunting > Critics of witch hunting
de	Verliebt in eine Hexe	10745	Kategorie:Hexerei > Hexerei in der Kultur > Hexerei im Film
de	Dracostandarte	10739	Kategorie:Sagengestalt > Fabelwesen > Drache
it	Caso dei diavoli di Loudun	10737	Categoria:Stregoneria > Processi per stregoneria
es	Demonología	10732	Categoría:Brujería > Satanismo > Demonología
en	Bibbidi-Bobbidi-Boo	10729	Category:Witchcraft > Incantation > Magic words
en	Matteuccia de Francesco	10729	Category:People executed for witchcraft > Italian people executed for witchcraft
ja	エターナル・キングダム〜滅びの魔女と伝説の剣〜	10729	Category:魔女 > 魔女を題材とした作品 > 魔女を題材としたコンピュータゲーム
de	Poleniza	10725	Kategorie:Sagengestalt > Slawische Sagengestalt
en	Méric Casaubon	10716	Category:Witchcraft > Witch hunting > Supporters of witch hunting
de	Celebes (Max Ernst)	10714	Kategorie:Sagengestalt > Fabelwesen > Fabeltier
en	Märchen Maze	10712	Category:Witchcraft > Fiction about witchcraft > Video games about witchcraft
de	Wizards vs Aliens	10708	Kategorie:Hexerei > Hexerei in der Kultur > Hexerei im Film
en	Thieves and Kings	10706	Category:European witchcraft > Imps
de	Barbara Ordeneck	10700	Kategorie:Hexenverfolgung > Opfer der Hexenverfolgung
en	Pumpkinhead II: Blood Wings	10694	Category:Witchcraft > Fiction about witchcraft > Films about witchcraft
de	Anna Maria Sterck	10688	Kategorie:Hexenverfolgung > Opfer der Hexenverfolgung
de	Schildmaid	10683	Kategorie:Sagengestalt > Fabelwesen > Weibliches Fabelwesen
sv	Ragnill Jens Svenses	10678	Kategori:Häxprocesser > Personer som blivit avrättade för häxeri > Personer som blivit avrättade för häxeri i Sverige
en	Louviers possessions	10675	Category:European witchcraft > Witches' Sabbath
es	Johannes Junius	10673	Categoría:Brujería > Procesos por brujería > Ejecutados por brujería
en	The Blue Light (fairy tale)	10662	Category:Witchcraft > Fiction about witchcraft > Witchcraft in fairy tales
de	Aforgomons Kette	10656	Kategorie:Hexerei > Hexerei in der Kultur > Hexerei in Kunst und Literatur
en	Xyzzy (computing)	10656	Category:Witchcraft > Incantation > Magic words
de	Timetrip – Der Fluch der Wikinger-Hexe	10654	Kategorie:Hexerei > Hexerei in der Kultur > Hexerei im Film
en	The Fenstanton Witch	10652	Category:Witchcraft > Fiction about witchcraft
en	Witchcraft Suppression Act, 1957	10646	Category:Witchcraft > African witchcraft
ja	ハロウィーンタウン4 ウィッチ大学へようこそ	10636	Category:魔女 > 魔女を題材とした作品 > 魔女を題材とした映画作品
de	Totenbeschwörerin von Endor	10635	Kategorie:Hexerei > Hexe
de	Kobold	10630	Kategorie:Sagengestalt > Deutsche Sagengestalt
en	Hertford Castle	10625	Category:Witch trials > People accused of witchcraft > Elizabeth Woodville
fr	Theoris de Lemnos	10624	Catégorie:Sorcellerie > Sorcellerie féminine > Sorcière
en	Brand New Cherry Flavor	10619	Category:Witchcraft > Curses > Fiction about curses
de	Kikis kleiner Lieferservice (Roman)	10615	Kategorie:Hexerei > Hexe > Fiktive Hexe
fr	Abigail Williams (1681-1697)	10611	Catégorie:Sorcellerie > Sorcellerie féminine > Procès des sorcières de Salem
de	Drache von Henham	10609	Kategorie:Sagengestalt > Fabelwesen > Drache
en	Curse of Rocky Colavito	10609	Category:Witchcraft > Curses > Sports-related curses
de	Die Teufel von Loudun	10605	Kategorie:Hexenverfolgung > Hexenverfolgung in der Kultur
de	Maria Schnökel	10596	Kategorie:Hexenverfolgung > Opfer der Hexenverfolgung
en	The Prince and the Evening Star	10594	Category:Witchcraft > Fiction about witchcraft > Films about witchcraft
en	Geillis Duncan	10594	Category:People executed for witchcraft > Scottish people executed for witchcraft
es	Catherine Quicquat	10587	Categoría:Brujería > Procesos por brujería
es	Katherine Harrison	10586	Categoría:Brujería > Brujas (brujería) > Personas acusadas de brujería
en	Dybbuk box	10585	Category:Witchcraft > Curses > Demonic possession
en	Monster Brawl	10585	Category:Witchcraft > Fiction about witchcraft > Films about witchcraft
it	Kebo Iwa	10585	Categoria:Stregoneria
de	Nornen	10580	Kategorie:Sagengestalt > Fabelwesen > Weibliches Fabelwesen
en	Hexwood	10572	Category:Witchcraft > Fiction about witchcraft > Modern Arthurian fiction
de	Karl Meier (Autor)	10571	Kategorie:Hexenverfolgung > Sachliteratur (Hexenverfolgung)
en	Witches Are In Their Prime In Their Three-Hundreds	10570	Category:Witchcraft > Fiction about witchcraft > Anime and manga about witchcraft
en	Imaginationland Episode III	10565	Category:Witchcraft > Fiction about witchcraft > Television shows about witchcraft
it	Mago di Oz	10565	Categoria:Stregoneria > Stregoni immaginari
de	Prista Frühbottin	10564	Kategorie:Hexenverfolgung > Opfer der Hexenverfolgung
fr	Maria Renata Singer von Mossau	10560	Catégorie:Sorcellerie > Procès de sorcellerie > Personnalité condamnée pour sorcellerie
es	Regina Betancourt de Liska	10559	Categoría:Brujería > Brujería en América
fr	Amandine Malabul (série télévisée)	10559	Catégorie:Sorcellerie > Sorcellerie dans l'art et la culture > Série télévisée sur la sorcellerie
es	Merlín y familia	10553	Categoría:Brujería > Brujería en la ficción > Obras literarias modernas de la materia de Bretaña
en	Chamatkar	10552	Category:Witchcraft > Fiction about witchcraft > Films about witchcraft
de	Kopf der Rosmerta	10548	Kategorie:Sagengestalt > Keltische Sagengestalt > Keltische Gottheit
en	Witchboard 2: The Devil's Doorway	10544	Category:Witchcraft > Fiction about witchcraft > Films about witchcraft
en	Wonderwell	10541	Category:Witchcraft > Fiction about witchcraft > Films about witchcraft
en	Witch trials in the Channel Islands	10534	Category:Witch trials > Witch trials in Europe > Witch trials in England
de	Morgan le Fay	10533	Kategorie:Sagengestalt > Fabelwesen > Weibliches Fabelwesen
de	Edith Rose Woodford-Grimes	10530	Kategorie:Hexerei > Hexe
de	Jasmin’s Witch	10526	Kategorie:Hexenverfolgung > Hexenverfolgung in der Kultur > Hexenverfolgung in der Literatur
it	Morrigan (Dragon Age)	10522	Categoria:Stregoneria > Streghe nelle opere di fantasia
es	Doña Bárbara (personaje)	10519	Categoría:Brujería > Brujos ficticios
en	Thomas Maule (Quaker)	10518	Category:Witchcraft > Witch hunting > Critics of witch hunting
en	Blood curse	10517	Category:Witchcraft > Curses
en	Avoidance speech	10511	Category:Witchcraft > Curses > Taboo
en	Margery Jourdemayne	10510	Category:Witch trials > Witch trials in Europe > Witch trials in England
en	Summis desiderantes affectibus	10505	Category:European witchcraft
ja	魔女は三百路から	10503	Category:魔女 > 魔女を題材とした作品 > 魔女を題材とした漫画作品
en	Prince Ring	10499	Category:Witchcraft > Fiction about witchcraft > Witchcraft in fairy tales
de	Heimdall	10493	Kategorie:Sagengestalt > Germanische Sagengestalt
en	Anton Praetorius	10493	Category:European witchcraft > Witchcraft in Germany
fr	John Constantine	10486	Catégorie:Sorcellerie > Sorcellerie dans l'art et la culture > Magicien ou sorcier de fiction
it	Quan Chi	10486	Categoria:Stregoneria > Stregoni immaginari
de	Taran und der Zauberkessel	10485	Kategorie:Hexerei > Hexerei in der Kultur > Hexerei im Film
de	Maria Schweidler, die Bernsteinhexe	10471	Kategorie:Hexenverfolgung > Hexenverfolgung in der Kultur > Hexenverfolgung in der Literatur
es	Dark Angel (cómic)	10465	Categoría:Brujería > Brujos ficticios
en	Agnes Waterhouse	10464	Category:Witch trials > Witch trials in Europe > Witch trials in England
en	Torsåker witch trials	10458	Category:Witch trials > Witch trials in Europe > Witch trials in Sweden
fr	Xandrianisme	10453	Catégorie:Sorcellerie > Organisation qui s'intéresse à la magie
en	Yama-uba	10446	Category:Witchcraft > Witchcraft in folklore and mythology
en	Geas	10445	Category:Witchcraft > Curses > Taboo
en	The Quarrel of Oberon and Titania	10444	Category:European witchcraft > Imps
en	Eyeballs as food	10441	Category:Witchcraft > Curses > Taboo
en	Mykhailo Nechay	10440	Category:European witchcraft > Witchcraft in Ukraine
en	The Witch of Blackbird Pond	10434	Category:Witchcraft > Fiction about witchcraft > Witch hunting in fiction
es	Ordalía del agua	10430	Categoría:Brujería > Ordalía
de	Pierre de Lancre	10428	Kategorie:Hexenverfolgung > Täter der Hexenverfolgung
en	Tamara (2005 film)	10428	Category:Witchcraft > Fiction about witchcraft > Films about witchcraft
fr	Helena Scheuberin	10425	Catégorie:Sorcellerie > Personne persécutée pour sorcellerie
de	Rhenus (Personifikation)	10424	Kategorie:Sagengestalt > Keltische Sagengestalt > Keltische Gottheit
fr	La Sorcière sanglante	10419	Catégorie:Sorcellerie > Sorcellerie féminine > Film mettant en scène une sorcière
en	Bramble: The Mountain King	10418	Category:Witchcraft > Fiction about witchcraft > Video games about witchcraft
de	Freya	10416	Kategorie:Sagengestalt > Germanische Sagengestalt > Walküre
en	Pac-Man 2: The New Adventures	10414	Category:Witchcraft > Fiction about witchcraft > Video games about witchcraft
es	Harry Potter y los métodos de la racionalidad	10411	Categoría:Brujería > Brujería en la ficción > Harry Potter
es	Adam (víctima)	10410	Categoría:Brujería > Satanismo > Delitos relacionados con el satanismo u ocultismo
sv	Gunnil från Visingsö	10409	Kategori:Häxprocesser > Häxprocesser i Europa > Häxprocesser i Sverige
de	Magnus Garbe	10408	Kategorie:Hexenverfolgung > Hexenverfolgung in der Kultur
de	Kai Lehmann	10407	Kategorie:Hexenverfolgung > Sachliteratur (Hexenverfolgung)
en	Medea (The Icemark Chronicles)	10407	Category:Witchcraft > Fiction about witchcraft > Works about Medea
fr	Procès des sorcières de Torsåker	10403	Catégorie:Sorcellerie > Sorcellerie par lieu > Sorcellerie en Suède
en	Kollyra curse tablet	10402	Category:Witchcraft > Curses > Curse tablets
es	Teórida de Lemnos	10400	Categoría:Brujería > Procesos por brujería > Ejecutados por brujería
en	The Ill-Made Knight	10387	Category:Witchcraft > Fiction about witchcraft > Modern Arthurian fiction
en	Martha Corey	10387	Category:People executed for witchcraft > American people executed for witchcraft > People executed in the Salem witch trials
en	Clara Germana Cele	10386	Category:Witchcraft > Curses > Demonic possession
en	Trick or Treat (1952 film)	10386	Category:Witchcraft > Fiction about witchcraft > Films about witchcraft
de	Anna Schulten	10384	Kategorie:Hexenverfolgung > Opfer der Hexenverfolgung
en	Epic Pooh	10384	Category:Witchcraft > Fiction about witchcraft > Middle-earth
en	Winner's curse	10378	Category:Witchcraft > Curses
de	Bibi & Tina: Mädchen gegen Jungs	10377	Kategorie:Hexerei > Hexerei in der Kultur > Hexerei im Film
de	Kaspar von Hohenems	10371	Kategorie:Hexenverfolgung > Täter der Hexenverfolgung
en	Thane of East County	10367	Category:Witchcraft > Fiction about witchcraft > Films about witchcraft
fr	L'Heure de la peur	10350	Catégorie:Sorcellerie > Sorcellerie dans l'art et la culture > Série télévisée sur la sorcellerie
en	Blood Curse (miniseries)	10343	Category:Witchcraft > Curses > Fiction about curses
es	Margaret Scott (Juicios de Salem)	10343	Categoría:Brujería > Procesos por brujería > Ejecutados por brujería
ja	コララインとボタンの魔女	10342	Category:魔女 > 魔女を題材とした作品 > 魔女を題材とした小説
de	Der Graf von Gleichen (Sage)	10339	Kategorie:Sagengestalt > Deutsche Sagengestalt
de	Simsalabim Sabrina	10336	Kategorie:Hexerei > Hexerei in der Kultur > Hexerei im Film
de	New Forest Coven	10335	Kategorie:Hexerei
en	Ceridwen	10335	Category:Witchcraft > Witchcraft in folklore and mythology > Witches in folklore
en	Dietrich Flade	10332	Category:People executed for witchcraft > German people executed for witchcraft
en	Owen Davies (historian)	10329	Category:Witchcraft > Historians of witchcraft
it	Lorelei (asgardiana)	10325	Categoria:Stregoneria > Streghe nelle opere di fantasia
es	Benedict Daswa	10323	Categoría:Brujería > Satanismo > Delitos relacionados con el satanismo u ocultismo
de	In the Lost Lands	10321	Kategorie:Hexerei > Hexerei in der Kultur > Hexerei im Film
de	Mara – Die rechte Hand des Teufels	10320	Kategorie:Hexerei > Hexerei in der Kultur > Hexerei im Film
en	Grafton Regis	10320	Category:Witch trials > People accused of witchcraft > Elizabeth Woodville
en	Bute witches	10311	Category:People executed for witchcraft > Scottish people executed for witchcraft
es	Nicnevin	10310	Categoría:Brujería > Brujas (brujería)
en	Ibis (Ovid)	10302	Category:Witchcraft > Curses
de	Johann Gottfried von Aschhausen	10292	Kategorie:Hexenverfolgung > Täter der Hexenverfolgung
en	Vaa Arugil Vaa	10291	Category:Witchcraft > Fiction about witchcraft > Films about witchcraft
es	Ann Hibbins	10290	Categoría:Brujería > Procesos por brujería > Ejecutados por brujería
fr	Marabout (Afrique subsaharienne)	10284	Catégorie:Sorcellerie > Sorcellerie par lieu > Sorcellerie en Afrique
de	Catherine Monvoisin	10273	Kategorie:Hexenverfolgung > Opfer der Hexenverfolgung
de	Hex (Fernsehserie)	10272	Kategorie:Hexerei > Hexerei in der Kultur > Hexerei im Film
en	The Cursed Prince's Servant	10266	Category:Witchcraft > Curses > Fiction about curses
de	Die bleichen Berge	10265	Kategorie:Sagengestalt
de	Gertrud Svensdotter	10263	Kategorie:Hexenverfolgung > Opfer der Hexenverfolgung
de	Tanngnjostr und Tanngrisnir	10262	Kategorie:Sagengestalt > Germanische Sagengestalt
en	Women of Colchis	10257	Category:Witchcraft > Fiction about witchcraft > Works about Medea
en	Curse of the ninth	10251	Category:Witchcraft > Curses
en	Towers: Lord Baniff's Deceit	10250	Category:Witchcraft > Fiction about witchcraft > Video games about witchcraft
fr	Johannes Nider	10230	Catégorie:Sorcellerie > Étude de la sorcellerie > Auteur de traité sur la sorcellerie
it	Abdul Alhazred	10225	Categoria:Stregoneria > Stregoni immaginari
de	Zsuzsanna Budapest	10224	Kategorie:Hexerei > Hexe
en	Severus Snape and the Marauders	10222	Category:Witchcraft > Fiction about witchcraft > Films about witchcraft
de	Das Mädchen auf dem Besenstiel	10217	Kategorie:Hexerei > Hexerei in der Kultur > Hexerei im Film
en	Gale: Yellow Brick Road	10211	Category:Witchcraft > Fiction about witchcraft > Films about witchcraft
it	Dormammu	10211	Categoria:Stregoneria > Stregoni immaginari
en	The Crystal Cave	10209	Category:Witchcraft > Fiction about witchcraft > Modern Arthurian fiction
en	Mora witch trial	10207	Category:Witch trials > Witch trials in Europe > Witch trials in Sweden
fr	Castlevania (série d'animation)	10202	Catégorie:Sorcellerie > Sorcellerie dans l'art et la culture > Série télévisée sur la sorcellerie
es	Gerard de Ruán	10198	Categoría:Brujería
en	Dayan (witch)	10183	Category:Witchcraft > Asian witchcraft
fr	Witchboard (film, 2024)	10183	Catégorie:Sorcellerie > Sorcellerie féminine > Film mettant en scène une sorcière
it	Tituba	10168	Categoria:Stregoneria > Processi per stregoneria
en	Tattarisuo case	10163	Category:European witchcraft > Witchcraft in Finland
es	Caza de brujas en Cataluña	10156	Categoría:Brujería > Procesos por brujería > Juicios por brujería en España
de	Ulrich Molitor	10153	Kategorie:Hexenverfolgung > Täter der Hexenverfolgung
en	The Anguished Man	10151	Category:Witchcraft > Curses
fr	The Discoverie of Witchcraft	10151	Catégorie:Sorcellerie > Étude de la sorcellerie
de	Der letzte Tempelritter	10147	Kategorie:Hexenverfolgung > Hexenverfolgung in der Kultur
de	Räuber Vieting	10144	Kategorie:Sagengestalt > Deutsche Sagengestalt
de	Hartger Henot	10129	Kategorie:Hexenverfolgung > Opfer der Hexenverfolgung
de	Internationaler Tag gegen Hexenwahn	10127	Kategorie:Hexerei > Moderne Hexenverfolgung
fr	Moi, Tituba, sorcière noire de Salem	10115	Catégorie:Sorcellerie > Sorcellerie dans l'art et la culture
en	Kronk's New Groove	10108	Category:Witchcraft > Fiction about witchcraft > Films about witchcraft
en	Witchy Woman	10108	Category:Witchcraft > Fiction about witchcraft > Songs about witches
ja	白魔女学園	10094	Category:魔女 > 魔女を題材とした作品 > 魔女を題材とした映画作品
en	Freedom of religion in Angola	10093	Category:Witchcraft > African witchcraft
en	The Initiation of Sarah (2006 film)	10093	Category:Witchcraft > Fiction about witchcraft > Films about witchcraft
en	Petronilla de Meath	10093	Category:People executed for witchcraft
es	Practical Magic	10092	Categoría:Brujería > Brujería en la ficción > Brujería en cine y televisión
de	Irische Hochkönige	10086	Kategorie:Sagengestalt > Mythischer Herrscher > Legendenhafter Hochkönig Irlands
en	The Dragon Lord (Drake novel)	10086	Category:Witchcraft > Fiction about witchcraft > Modern Arthurian fiction
de	Hexe Lilli (Fernsehserie)	10081	Kategorie:Hexerei > Hexerei in der Kultur > Hexerei im Film
en	Witchcraft (1964 film)	10081	Category:Witchcraft > Fiction about witchcraft > Films about witchcraft
en	Regent Diamond	10078	Category:Witchcraft > Curses
en	Curse of the Black Sox	10076	Category:Witchcraft > Curses > Sports-related curses
ja	ウィッチクエスト	10075	Category:魔女 > 魔女を題材とした作品
en	Princess Jasnenka and the Flying Shoemaker	10074	Category:Witchcraft > Fiction about witchcraft > Films about witchcraft
en	Marie Lamont	10073	Category:People executed for witchcraft > Scottish people executed for witchcraft
de	Sennentuntschi	10070	Kategorie:Sagengestalt > Deutsche Sagengestalt
en	Toy Pop	10069	Category:Witchcraft > Fiction about witchcraft > Video games about witchcraft
fr	La Chapelle du diable	10069	Catégorie:Sorcellerie > Sorcellerie féminine > Film mettant en scène une sorcière
en	Even Though I Knew the End	10067	Category:Witchcraft > Witchcraft in folklore and mythology > Deal with the Devil
de	Bricket Wood Coven	10060	Kategorie:Hexerei
fr	L'Enchanteur (Barjavel)	10060	Catégorie:Sorcellerie > Magicien ou sorcier de légende > Merlin
es	Caso Tattarisuo	10055	Categoría:Brujería > Satanismo > Delitos relacionados con el satanismo u ocultismo
en	Mary (2019 film)	10044	Category:Witchcraft > Fiction about witchcraft > Films about witchcraft
it	Regina delle Fiabe	10044	Categoria:Stregoneria > Streghe nelle opere di fantasia
en	Friedrich Hoffmann	10042	Category:European witchcraft > Witchcraft in Germany
fr	Complainte des landes perdues	10034	Catégorie:Sorcellerie > Sorcellerie dans l'art et la culture > Sorcellerie dans la bande dessinée
de	Striges	10031	Kategorie:Sagengestalt > Fabelwesen > Blutsauger
de	Korant	10028	Kategorie:Sagengestalt > Slawische Sagengestalt
en	Little Witch Nobeta	10022	Category:Witchcraft > Fiction about witchcraft > Video games about witchcraft
sv	Häxprocessen i Södra Ny	10016	Kategori:Häxprocesser > Häxprocesser i Europa > Häxprocesser i Sverige
en	Blockula	10006	Category:European witchcraft > Witchcraft in Sweden
en	Islandmagee witch trial	9996	Category:Witch trials > Witch trials in Europe > Witch trials in Ireland
es	Anexo:Personas de los Juicios de Salem	9995	Categoría:Brujería > Procesos por brujería > Juicios por brujería de Salem
en	Master Mahan	9989	Category:Witchcraft > Witchcraft in folklore and mythology > Deal with the Devil
en	Malaun	9988	Category:Witchcraft > Curses
de	Hagazussa – Der Hexenfluch	9977	Kategorie:Hexenverfolgung > Hexenverfolgung in der Kultur
de	A Discovery of Witches (Fernsehserie)	9975	Kategorie:Hexerei > Hexerei in der Kultur > Hexerei im Film
de	Hexensabbat (Hans Baldung)	9971	Kategorie:Hexenverfolgung > Hexenverfolgung in der Kultur
en	Grimm's Snow White	9966	Category:Witchcraft > Fiction about witchcraft > Films about witchcraft
en	Little Witch Academia: Chamber of Time	9961	Category:Witchcraft > Fiction about witchcraft > Video games about witchcraft
en	Mercy Lewis	9961	Category:Witch trials > Accusers in witch trials > Accusers in the Salem witch trials
en	Rosen Garten Saga	9954	Category:Witchcraft > Curses > Fiction about curses
de	Pari (Mythologie)	9952	Kategorie:Sagengestalt > Fabelwesen > Weibliches Fabelwesen
en	The Greek Princess and the Young Gardener	9950	Category:Witchcraft > Fiction about witchcraft > Witchcraft in fairy tales
fr	Lady Death	9938	Catégorie:Sorcellerie > Sorcellerie dans l'art et la culture > Magicien ou sorcier de fiction
es	Tomás Maldonado Cera	9935	Categoría:Brujería > Satanismo > Delitos relacionados con el satanismo u ocultismo
fr	Formicarius (sorcellerie)	9930	Catégorie:Sorcellerie > Sorcellerie féminine
de	Legendäre böhmische Herrscher	9922	Kategorie:Sagengestalt > Mythischer Herrscher
en	Akanthos curse tablet	9921	Category:European witchcraft
fr	Bibi et Tina : Complètement ensorcelée !	9913	Catégorie:Sorcellerie > Sorcellerie féminine > Film mettant en scène une sorcière
de	Der Flaschenkobold	9907	Kategorie:Hexerei > Teufelspakt
en	Elizabeth Clarke	9906	Category:Witch trials > Witch trials in Europe > Witch trials in England
sv	Marit Anundsdotter	9902	Kategori:Häxprocesser > Personer som blivit avrättade för häxeri > Personer som blivit avrättade för häxeri i Sverige
es	Billie Jenkins	9900	Categoría:Brujería > Brujos ficticios
es	Juicio por abusos rituales satánicos de Oak Hill	9894	Categoría:Brujería > Satanismo > Abuso ritual satánico
en	Battle Realms: Winter of the Wolf	9886	Category:Witchcraft > Fiction about witchcraft > Video games about witchcraft
es	Isobel Gowdie	9876	Categoría:Brujería
en	Goodwife Knapp	9865	Category:People executed for witchcraft > American people executed for witchcraft
en	Witchaven II: Blood Vengeance	9858	Category:Witchcraft > Fiction about witchcraft > Video games about witchcraft
de	Teufelspakt	9855	Kategorie:Hexenverfolgung
es	Maria Laura Mainetti	9855	Categoría:Brujería > Satanismo > Delitos relacionados con el satanismo u ocultismo
de	Rüdiger von Bechelaren	9851	Kategorie:Sagengestalt
sv	Häxprocessen i Bamberg	9851	Kategori:Häxprocesser > Häxprocesser i Europa > Häxprocesser i Tyskland
en	Falling Angel	9836	Category:Witchcraft > Witchcraft in folklore and mythology > Deal with the Devil
en	Potionomics	9834	Category:Witchcraft > Fiction about witchcraft > Video games about witchcraft
de	Bibi & Tina: Tohuwabohu Total	9830	Kategorie:Hexerei > Hexerei in der Kultur > Hexerei im Film
de	Julbock	9828	Kategorie:Sagengestalt
it	Fay D. Florite	9824	Categoria:Stregoneria > Stregoni immaginari
en	Chrysanthemum taboo	9822	Category:Witchcraft > Curses > Taboo
en	Jonathan Moulton	9815	Category:Witchcraft > Witchcraft in folklore and mythology > Deal with the Devil
en	Samuel Willard	9813	Category:Witchcraft > Witch hunting > Critics of witch hunting
de	Die Töchter Satans	9809	Kategorie:Hexenverfolgung > Hexenverfolgung in der Kultur
en	Ura Naha Khongjomba and Pidonnu	9805	Category:Witchcraft > Witchcraft in folklore and mythology > Epic cycles of incarnations
ja	美しき女教師	9799	Category:魔女 > 魔女を題材とした作品
de	Oudewater	9793	Kategorie:Hexenverfolgung
en	The Keltiad	9791	Category:Witchcraft > Fiction about witchcraft > Modern Arthurian fiction
en	The Seeing Stone	9780	Category:Witchcraft > Fiction about witchcraft > Modern Arthurian fiction
en	Hawk of May	9776	Category:Witchcraft > Fiction about witchcraft > Modern Arthurian fiction
it	Giovanni Zatara	9774	Categoria:Stregoneria > Stregoni immaginari
sv	Häxhammaren	9770	Kategori:Häxprocesser
en	Margaret Aitken (witch)	9769	Category:People executed for witchcraft > Scottish people executed for witchcraft
en	Usog	9760	Category:Witchcraft > Curses
en	Betty Parris	9753	Category:Witch trials > Accusers in witch trials > Accusers in the Salem witch trials
de	Dietrich Flade	9751	Kategorie:Hexenverfolgung > Opfer der Hexenverfolgung
sv	Häxprocessen i Ellwangen	9751	Kategori:Häxprocesser > Häxprocesser i Europa > Häxprocesser i Tyskland
fr	Procès des sorcières féeriques de Sicile	9747	Catégorie:Sorcellerie > Sorcellerie féminine
en	Francis Dane	9744	Category:Witchcraft > Witch hunting > Critics of witch hunting
fr	Françoise Bonvin	9737	Catégorie:Sorcellerie > Procès de sorcellerie > Procès de sorcellerie en Suisse
fr	Madam Satan (personnage)	9736	Catégorie:Sorcellerie > Sorcellerie dans l'art et la culture > Magicien ou sorcier de fiction
fr	Nurse Witch Komugi	9731	Catégorie:Sorcellerie > Sorcellerie dans l'art et la culture > Magicien ou sorcier de fiction
fr	Schtroumpf à lunettes	9730	Catégorie:Sorcellerie > Sorcellerie dans l'art et la culture > Magicien ou sorcier de fiction
fr	Simon le Magicien	9726	Catégorie:Sorcellerie > Magicien ou sorcier de légende
en	Joan Wright	9725	Category:Witch trials > Witch trials in North America
de	Hydra (Mythologie)	9721	Kategorie:Sagengestalt > Fabelwesen > Fabelwesen (Heraldik)
it	Klarion	9717	Categoria:Stregoneria > Stregoni immaginari
de	Meermönch	9709	Kategorie:Sagengestalt > Fabelwesen > Fabeltier
de	Johann Adam von Bicken	9708	Kategorie:Hexenverfolgung > Täter der Hexenverfolgung
fr	Sally la petite sorcière	9697	Catégorie:Sorcellerie > Sorcellerie dans l'art et la culture > Série télévisée sur la sorcellerie
ja	よいご旅行を	9692	Category:魔女 > 魔女を題材とした作品
de	Hexen (1954)	9690	Kategorie:Hexerei > Hexerei in der Kultur > Hexerei im Film
en	Gingerbread (Buffy the Vampire Slayer)	9690	Category:Witchcraft > Fiction about witchcraft > Witch hunting in fiction
en	Katharina Henot	9684	Category:Witch trials > Witch trials in Europe > Witch trials in Germany
en	Skuld (princess)	9678	Category:Witchcraft > Witchcraft in folklore and mythology > Witches in folklore
en	Veronika of Desenice	9676	Category:Witch trials > People accused of witchcraft
fr	Blair Witch 2 : Le Livre des ombres	9674	Catégorie:Sorcellerie > Sorcellerie féminine > Film mettant en scène une sorcière
en	Archibald Douglas, 8th Earl of Angus	9670	Category:Witch trials > Witch trials in Europe > Witch trials in Scotland
en	A Babysitter's Guide to Monster Hunting	9668	Category:Witchcraft > Fiction about witchcraft > Films about witchcraft
de	Andreas Koch (Pfarrer)	9665	Kategorie:Hexenverfolgung > Opfer der Hexenverfolgung
ja	桃源郷へようこそ!	9665	Category:魔女 > 魔女を題材とした作品 > 魔女を題材とした漫画作品
en	Man Proposes, God Disposes	9662	Category:Witchcraft > Curses
en	Skern Runestone	9661	Category:Witchcraft > Curses > Runestones with curses
de	Wolf Weber (Darmstadt)	9659	Kategorie:Hexenverfolgung > Opfer der Hexenverfolgung
fr	Friedrich Spee von Langenfeld	9654	Catégorie:Sorcellerie > Étude de la sorcellerie
ja	おぼこい魔女はまじわりたい!	9653	Category:魔女 > 魔女を題材とした作品 > 魔女を題材とした漫画作品
fr	Chamanisme en Sibérie	9650	Catégorie:Sorcellerie > Sorcellerie par lieu > Sorcellerie en Asie
it	Libro del comando	9647	Categoria:Stregoneria > Opere letterarie sulla stregoneria
de	Anna Spiekermann	9641	Kategorie:Hexenverfolgung > Opfer der Hexenverfolgung
en	The Once and Future King	9640	Category:Witchcraft > Fiction about witchcraft > Modern Arthurian fiction
en	The Dragon of the North	9637	Category:Witchcraft > Fiction about witchcraft > Witchcraft in fairy tales
de	Marussja Tschuraj	9636	Kategorie:Sagengestalt > Slawische Sagengestalt
es	Lucien Greaves	9636	Categoría:Brujería > Satanismo > El Templo Satánico
en	Witch trials in Latvia and Estonia	9634	Category:Witch trials > Witch trials in Europe
en	Witch window	9629	Category:Witchcraft > American witchcraft
fr	Mages et Sorciers : Les Contes d'Arcadia	9619	Catégorie:Sorcellerie > Magicien ou sorcier de légende > Merlin
en	The Secret Village	9612	Category:Witchcraft > Fiction about witchcraft > Films about witchcraft
es	Caza de brujas en Tarrasa	9609	Categoría:Brujería > Procesos por brujería > Juicios por brujería en España
en	Christoph Haizmann	9606	Category:Witchcraft > Witchcraft in folklore and mythology > Deal with the Devil
en	Cat-sìth	9605	Category:Witchcraft > Witchcraft in folklore and mythology
es	Geillis Duncan	9601	Categoría:Brujería > Procesos por brujería > Ejecutados por brujería
ja	奥さまは魔女 (映画)	9596	Category:魔女 > 魔女を題材とした作品 > 魔女を題材とした映画作品
en	Impire	9592	Category:European witchcraft > Imps
en	The Frog Prince (1971 film)	9591	Category:Witchcraft > Fiction about witchcraft > Films about witchcraft
en	Witches' Flight	9591	Category:Witchcraft > Witches > Witches in art
de	Annecke Lange	9589	Kategorie:Hexenverfolgung > Opfer der Hexenverfolgung
en	Dorothy Good	9589	Category:Witch trials > People accused of witchcraft > People accused in the Salem witch trials
de	Fu Xi	9572	Kategorie:Sagengestalt > Chinesische Sagengestalt > Urkaiser Chinas
de	Mette Deppe	9563	Kategorie:Hexenverfolgung > Opfer der Hexenverfolgung
es	Casa de los lamentos (Guanajuato)	9556	Categoría:Brujería > Satanismo > Delitos relacionados con el satanismo u ocultismo
de	Johann Fischart	9544	Kategorie:Hexenverfolgung > Täter der Hexenverfolgung > Hexentheoretiker
it	Barong (mitologia)	9543	Categoria:Stregoneria
de	Salem Possessed: The Social Origins of Witchcraft	9539	Kategorie:Hexenverfolgung
en	Goody Bassett	9534	Category:People executed for witchcraft > American people executed for witchcraft
it	Regina (Biancaneve)	9534	Categoria:Stregoneria > Streghe nelle opere di fantasia
en	Cambridge Association	9521	Category:Witch trials > Witch trials in North America > Salem witch trials
en	Magic word	9519	Category:Witchcraft > Incantation > Magic words
fr	Pan Twardowski	9513	Catégorie:Sorcellerie > Sorcellerie dans l'art et la culture > Magicien ou sorcier de fiction
de	Ōnamazu	9512	Kategorie:Sagengestalt > Fabelwesen
de	Bilwis	9503	Kategorie:Hexerei > Hexe
en	The Cosmic Wheel Sisterhood	9499	Category:Witchcraft > Fiction about witchcraft > Video games about witchcraft
en	Spellcasting 101: Sorcerers Get All the Girls	9493	Category:Witchcraft > Fiction about witchcraft > Video games about witchcraft
de	Das blaue Licht	9483	Kategorie:Hexenverfolgung > Hexenverfolgung in der Kultur
en	The House That Would Not Die	9481	Category:Witchcraft > Fiction about witchcraft > Films about witchcraft
es	Drarry	9481	Categoría:Brujería > Brujería en la ficción > Harry Potter
de	Das Feuerzeug	9476	Kategorie:Hexenverfolgung > Hexenverfolgung in der Kultur
en	Empress Meng	9473	Category:Witchcraft > Witchcraft by country > Witchcraft in China
en	Jane Wenham (alleged witch)	9470	Category:Witch trials > People accused of witchcraft > People convicted of witchcraft
de	Susanne Weber	9459	Kategorie:Hexenverfolgung > Opfer der Hexenverfolgung
es	Dios astado	9459	Categoría:Brujería > Wicca
fr	Bibi et Tina : Filles contre garçons	9454	Catégorie:Sorcellerie > Sorcellerie féminine > Film mettant en scène une sorcière
fr	Hartmut Hegeler	9451	Catégorie:Sorcellerie > Étude de la sorcellerie
fr	Bridget Bishop	9451	Catégorie:Sorcellerie > Sorcellerie féminine > Procès des sorcières de Salem
de	Die schöne Wassilissa	9449	Kategorie:Hexerei > Hexerei in der Kultur > Hexerei im Film
en	Edel Blume	9449	Category:Witchcraft > Fiction about witchcraft > Witch hunting in fiction
es	Destripadores de Chicago	9444	Categoría:Brujería > Satanismo > Delitos relacionados con el satanismo u ocultismo
de	Bibi & Tina: Voll verhext!	9442	Kategorie:Hexerei > Hexerei in der Kultur > Hexerei im Film
es	Marguerite Tiste	9437	Categoría:Brujería > Brujas (brujería)
de	Sava Savanović	9433	Kategorie:Sagengestalt > Fabelwesen > Untoter
en	Emma Wilby	9429	Category:Witchcraft > Historians of witchcraft
en	Watchtower (magic)	9428	Category:Witchcraft > Modern witchcraft > Neopagan witchcraft
en	Mahōtsukai Chappy	9427	Category:Witchcraft > Fiction about witchcraft > Anime and manga about witchcraft
de	Petronella Apfelmus	9425	Kategorie:Hexerei > Hexerei in der Kultur
en	Sidonie of Saxony	9423	Category:Witch trials > People accused of witchcraft > People acquitted of witchcraft
en	The Incantation	9419	Category:Witchcraft > Fiction about witchcraft > Films about witchcraft
it	Stallo (folclore)	9412	Categoria:Stregoneria > Stregoni immaginari
es	Berthe de Courrière	9411	Categoría:Brujería > Satanismo
it	Grimorio	9410	Categoria:Stregoneria
en	Witching hour	9407	Category:Witchcraft > Witchcraft in folklore and mythology
en	The Wizard of the Emerald City	9405	Category:Witchcraft > Fiction about witchcraft > Witchcraft in written fiction
fr	Duel au couteau	9405	Catégorie:Sorcellerie > Sorcellerie féminine > Film mettant en scène une sorcière
sv	Häxprocessen i Würzburg	9405	Kategori:Häxprocesser > Häxprocesser i Europa > Häxprocesser i Tyskland
en	Code of Ordinances of the Àneu Valleys	9398	Category:Witchcraft > Witchcraft in folklore and mythology
en	Sefer HaRazim	9398	Category:Witchcraft > Grimoires > Jewish grimoires
en	Juju	9396	Category:Witchcraft > African witchcraft
fr	The Bondsman	9396	Catégorie:Sorcellerie > Sorcellerie dans l'art et la culture > Diable dans la fiction
de	Notburga von Hochhausen	9388	Kategorie:Sagengestalt > Deutsche Sagengestalt
en	Vade retro satana	9387	Category:Witchcraft > Incantation
es	Anexo:Personajes de la Saga del Brujo	9383	Categoría:Brujería > Brujos ficticios
de	Roggenwolf	9379	Kategorie:Sagengestalt > Deutsche Sagengestalt
en	Taboo on the dead	9376	Category:Witchcraft > Curses > Taboo
en	Daily Report About My Witch Senpai	9373	Category:Witchcraft > Fiction about witchcraft > Anime and manga about witchcraft
es	Petronilla de Meath	9362	Categoría:Brujería > Procesos por brujería > Ejecutados por brujería
en	Witchriv	9355	Category:Witchcraft > Fiction about witchcraft > Anime and manga about witchcraft
es	Maldición de la higuera	9344	Categoría:Brujería > Maldiciones
en	Witchy	9341	Category:Witchcraft > Fiction about witchcraft
sv	Lok Anna	9338	Kategori:Häxprocesser > Personer som blivit avrättade för häxeri > Personer som blivit avrättade för häxeri i Sverige
en	Ghoulies (film series)	9334	Category:Witchcraft > Fiction about witchcraft > Films about witchcraft
es	Curva del diablo (Bolivia)	9333	Categoría:Brujería > Satanismo
es	Øystein Aarseth	9333	Categoría:Brujería > Satanismo > Delitos relacionados con el satanismo u ocultismo
ja	フォー・ルームス	9330	Category:魔女 > 魔女を題材とした作品 > 魔女を題材とした映画作品
de	Nisse	9316	Kategorie:Sagengestalt > Fabelwesen
en	Twitches Too	9312	Category:Witchcraft > Fiction about witchcraft > Films about witchcraft
fr	Mary Eastey	9310	Catégorie:Sorcellerie > Sorcellerie féminine > Procès des sorcières de Salem
es	Catherine Cadière	9305	Categoría:Brujería > Brujería por país > Brujería en Francia
it	Mago Shazam	9296	Categoria:Stregoneria > Stregoni immaginari
en	Stentoften Runestone	9291	Category:Witchcraft > Curses > Runestones with curses
de	Teutates	9287	Kategorie:Sagengestalt > Keltische Sagengestalt > Keltische Gottheit
de	Feuer, Wasser und Posaunen	9284	Kategorie:Hexerei > Hexerei in der Kultur > Hexerei im Film
en	Margaret Barclay	9284	Category:Witch trials > Witch trials in Europe > Witch trials in Scotland
fr	Bibi et Tina, le film	9277	Catégorie:Sorcellerie > Sorcellerie féminine > Film mettant en scène une sorcière
fr	Estratto dagli archivi segreti della polizia di una capitale europea	9271	Catégorie:Sorcellerie > Sorcellerie féminine > Film mettant en scène une sorcière
en	The Great Movement	9270	Category:Witchcraft > Fiction about witchcraft > Films about witchcraft
de	Justus Oldekop	9268	Kategorie:Hexenverfolgung > Gegner der Hexenverfolgung
en	Witch Hunt (song)	9268	Category:Witchcraft > Fiction about witchcraft > Songs about witches
de	Abelke Bleken	9266	Kategorie:Hexenverfolgung > Opfer der Hexenverfolgung
de	Elisabeth Dabers	9264	Kategorie:Hexenverfolgung > Opfer der Hexenverfolgung
de	Wilhelm (Baden-Baden)	9260	Kategorie:Hexenverfolgung > Täter der Hexenverfolgung
it	Tara Maclay	9256	Categoria:Stregoneria > Streghe nelle opere di fantasia
en	Frog Detective 2: The Case of the Invisible Wizard	9254	Category:Witchcraft > Fiction about witchcraft > Video games about witchcraft
en	The Polar Bear King	9250	Category:Witchcraft > Fiction about witchcraft > Films about witchcraft
es	Movimiento de la Diosa	9248	Categoría:Brujería > Wicca
it	Strega Nocciola	9244	Categoria:Stregoneria > Streghe nelle opere di fantasia
de	Amaro (Heiliger)	9242	Kategorie:Sagengestalt > Keltische Sagengestalt
de	Hexenprozesse in Triesen	9240	Kategorie:Hexenverfolgung > Hexenverfolgung nach räumlicher Zuordnung
en	Arcus Odyssey	9238	Category:Witchcraft > Fiction about witchcraft > Video games about witchcraft
en	Ann Hibbins	9235	Category:People executed for witchcraft > American people executed for witchcraft
en	Grigori Rasputin (Hellboy)	9231	Category:Witchcraft > Fiction about witchcraft > Witchcraft in written fiction
de	Ku (Kaiser)	9228	Kategorie:Sagengestalt > Chinesische Sagengestalt > Urkaiser Chinas
en	Cotton (series)	9224	Category:Witchcraft > Fiction about witchcraft > Cotton (series)
de	Buttnmandllauf	9221	Kategorie:Sagengestalt
ja	モイラ (ギリシア神話)	9219	Category:魔女 > 山姥やハッグ
ja	赤毛のアン子	9216	Category:魔女 > 魔女を題材とした作品 > 魔女を題材としたテレビドラマ
es	Madre Shipton	9205	Categoría:Brujería > Brujería por país > Brujería en el Reino Unido
en	Shikigami no Shiro	9201	Category:Witchcraft > Fiction about witchcraft > Video games about witchcraft
en	For Loss or Theft of Cattle	9198	Category:Witchcraft > Incantation > Anglo-Saxon metrical charms
de	Caliban und die Hexe	9184	Kategorie:Hexenverfolgung > Sachliteratur (Hexenverfolgung)
de	Franz Volk	9179	Kategorie:Hexenverfolgung > Sachliteratur (Hexenverfolgung)
de	Johann Moritz Schwager	9172	Kategorie:Hexenverfolgung > Gegner der Hexenverfolgung
de	Kramer (Comic)	9162	Kategorie:Hexenverfolgung > Hexenverfolgung in der Kultur > Hexenverfolgung in der Literatur
de	Der Hirsch mit dem goldenen Geweih	9157	Kategorie:Hexerei > Hexerei in der Kultur > Hexerei im Film
it	Kinetix	9151	Categoria:Stregoneria > Streghe nelle opere di fantasia
de	Johann Georg Gödelmann	9150	Kategorie:Hexenverfolgung > Gegner der Hexenverfolgung
en	Justine C. Glass	9150	Category:Witchcraft > Historians of witchcraft
en	Margaret Jones (Puritan midwife)	9143	Category:People executed for witchcraft > American people executed for witchcraft
en	Boy (dog)	9141	Category:European witchcraft > Familiars
es	A Very Potter Musical	9129	Categoría:Brujería > Brujería en la ficción > Harry Potter
es	Yule	9128	Categoría:Brujería > Wicca > Festividades wiccanas
en	Panthoibi Naheron	9120	Category:Witchcraft > Incantation
en	Maria Holl	9112	Category:Witch trials > People accused of witchcraft > People acquitted of witchcraft
fr	Pixie (X-Men)	9110	Catégorie:Sorcellerie > Sorcellerie dans l'art et la culture > Magicien ou sorcier de fiction
es	Juicios por brujería de Torsåker	9105	Categoría:Brujería > Brujería por país > Brujería en Suecia
fr	Le Puissant Nein	9102	Catégorie:Sorcellerie > Sorcellerie dans l'art et la culture > Série télévisée sur la sorcellerie
es	Vuelo de brujas	9097	Categoría:Brujería > Brujas en el arte
it	Abra Kadabra	9091	Categoria:Stregoneria > Stregoni immaginari
de	Psychischer Vampir	9089	Kategorie:Sagengestalt > Fabelwesen > Untoter
fr	Elizabeth Proctor	9081	Catégorie:Sorcellerie > Sorcellerie féminine > Procès des sorcières de Salem
es	El sillón del Diablo	9066	Categoría:Brujería > Maldiciones
en	Annie Palmer (White Witch of Rose Hall)	9062	Category:Witchcraft > Witchcraft in folklore and mythology > Witches in folklore
en	Witchcraft and Paganism in Australia	9061	Category:Witchcraft > Books about witchcraft
en	José de Moraleda y Montero	9060	Category:Witchcraft > Witchcraft in folklore and mythology
de	Garuda	9058	Kategorie:Sagengestalt > Fabelwesen > Fabelwesen (Heraldik)
es	El aquelarre (1823)	9051	Categoría:Brujería > Brujas en el arte
en	Season of the Witch (song)	9050	Category:Witchcraft > Fiction about witchcraft > Songs about witches
en	Book of Wonders	9049	Category:Witchcraft > Grimoires > Arabic grimoires
en	The Two Brothers	9043	Category:Witchcraft > Fiction about witchcraft > Witchcraft in fairy tales
fr	Liselotte et la Forêt des sorcières	9043	Catégorie:Sorcellerie > Sorcellerie dans l'art et la culture > Sorcellerie dans la bande dessinée
de	Egil (Bogenschütze)	9041	Kategorie:Sagengestalt
en	John Hale (minister)	9034	Category:Witchcraft > Witch hunting > Critics of witch hunting
en	Werehyena	9030	Category:Witchcraft > African witchcraft
sv	Häxprocesserna i Österbotten	9028	Kategori:Häxprocesser > Häxprocesser i Europa > Häxprocesser i Finland
de	Marduk	9026	Kategorie:Sagengestalt > Drachentöter
es	María Soliño	9024	Categoría:Brujería > Procesos por brujería > Juicios por brujería en España
ja	おちゃめな魔女サブリナ	9023	Category:魔女 > 魔女を題材とした作品 > 魔女を題材としたアニメ作品
es	María Manzanares	9022	Categoría:Brujería > Brujería por país > Brujería en España
fr	Jusquiame	9021	Catégorie:Sorcellerie > Plante utilisée en sorcellerie
en	El Retorno de Walpurgis	9019	Category:Witchcraft > Fiction about witchcraft > Films about witchcraft
en	Saul og David	9019	Category:Witchcraft > Judaism and witchcraft > Witch of Endor
en	Same-surname marriage	9013	Category:Witchcraft > Curses > Taboo
fr	Pasiphaé	9003	Catégorie:Sorcellerie > Magicien ou sorcier de légende > Magicien de la mythologie grecque
en	Leicester boy	8999	Category:Witch trials > Accusers in witch trials
ja	モーガン・ル・フェイ	8999	Category:魔女
sv	Kerstin i Lövrie	8998	Kategori:Häxprocesser > Personer som blivit avrättade för häxeri > Personer som blivit avrättade för häxeri i Sverige
de	Ursula Kemp	8993	Kategorie:Hexenverfolgung > Opfer der Hexenverfolgung
es	Joan Wright	8990	Categoría:Brujería > Brujas (brujería) > Personas acusadas de brujería
en	Witch Life in a Micro Room	8987	Category:Witchcraft > Fiction about witchcraft > Anime and manga about witchcraft
fr	Henri Institoris	8986	Catégorie:Sorcellerie > Étude de la sorcellerie > Auteur de traité sur la sorcellerie
en	Jason and the Argonauts (miniseries)	8984	Category:Witchcraft > Fiction about witchcraft > Works about Medea
de	Petermännchen (Schwerin)	8983	Kategorie:Sagengestalt > Deutsche Sagengestalt
fr	Hag (folklore)	8981	Catégorie:Sorcellerie > Magicien ou sorcier de légende
de	Georg Ludwig Geis	8978	Kategorie:Hexenverfolgung > Täter der Hexenverfolgung
de	Max Bauer (Publizist)	8976	Kategorie:Hexenverfolgung > Sachliteratur (Hexenverfolgung)
en	Witch trials in Catalonia	8975	Category:Witch trials > Witch trials in Europe > Witch trials in Spain
en	Long Hidden Friend	8967	Category:Witchcraft > Grimoires
en	The Dragonbone Chair	8964	Category:Witchcraft > Fiction about witchcraft > Modern Arthurian fiction
de	Hexenprozesse in Flörsheim	8962	Kategorie:Hexenverfolgung > Hexenverfolgung nach räumlicher Zuordnung > Hexenprozesse in Deutschland
en	Cauldron	8960	Category:European witchcraft
fr	Dresden, enquêtes parallèles	8959	Catégorie:Sorcellerie > Sorcellerie dans l'art et la culture > Série télévisée sur la sorcellerie
sv	Blåkulla	8959	Kategori:Häxprocesser > Häxprocesser i Europa > Häxprocesser i Sverige
de	Thomas Naogeorg	8957	Kategorie:Hexenverfolgung > Täter der Hexenverfolgung
de	Blauer Drache	8955	Kategorie:Sagengestalt > Fabelwesen > Drache
de	Merga Bien	8954	Kategorie:Hexenverfolgung > Opfer der Hexenverfolgung
en	Boum'ba Maza	8954	Category:Witchcraft > Witchcraft in folklore and mythology > Magic deities
de	Hexenjagd (1996)	8949	Kategorie:Hexenverfolgung > Hexenverfolgung in der Kultur
es	Sarah Good	8948	Categoría:Brujería > Procesos por brujería > Ejecutados por brujería
en	Oliblish	8943	Category:Witchcraft > Incantation > Book of the Dead
fr	Kamek	8939	Catégorie:Sorcellerie > Sorcellerie dans l'art et la culture > Magicien ou sorcier de fiction
es	Margaret Aitken	8937	Categoría:Brujería > Procesos por brujería > Ejecutados por brujería
es	Ars Goetia	8935	Categoría:Brujería > Satanismo > Demonología
de	Mantikor	8934	Kategorie:Sagengestalt > Fabelwesen > Mischwesen
en	Newcastle witch trials	8933	Category:Witch trials > Witch trials in Europe > Witch trials in England
de	Bugs Bunny – Märchen aus 1001 Nacht	8929	Kategorie:Hexerei > Hexerei in der Kultur > Hexerei im Film
es	Iyami Oshooronga	8929	Categoría:Brujería
ja	ミス・ポピーシードのメルヘン横丁	8929	Category:魔女 > 魔女を題材とした作品 > 魔女を題材とした漫画作品
de	Jeanne des Armoises	8928	Kategorie:Hexenverfolgung > Opfer der Hexenverfolgung
ja	魔法使いハウルと火の悪魔	8928	Category:魔女 > 魔女を題材とした作品 > 魔女を題材とした小説
en	Cyprianus (collection of spells)	8927	Category:Witchcraft > Grimoires
ja	ライオンと魔女	8923	Category:魔女 > 魔女を題材とした作品 > 魔女を題材とした小説
en	The House of the Devil (1896 film)	8914	Category:Witchcraft > Fiction about witchcraft > Films about witchcraft
de	Oswald Loschert	8908	Kategorie:Hexenverfolgung > Täter der Hexenverfolgung
en	Margaret Bane	8902	Category:People executed for witchcraft > Scottish people executed for witchcraft
en	Bloodlines of Salem	8900	Category:Witch trials > Witch trials in North America > Salem witch trials
en	Book of Saint Cyprian	8899	Category:Witchcraft > Grimoires
en	Witchtrap	8896	Category:Witchcraft > Fiction about witchcraft > Films about witchcraft
en	The Third Magic	8888	Category:Witchcraft > Fiction about witchcraft > Modern Arthurian fiction
ja	その魔女を放せ	8885	Category:魔女 > 魔女を題材とした作品 > 魔女を題材とした小説
es	Jerónima Muntanyola	8878	Categoría:Brujería > Procesos por brujería > Ejecutados por brujería
es	Jason Massey	8877	Categoría:Brujería > Satanismo > Conversos al cristianismo desde el satanismo u ocultismo
de	Hedwig Rösemann	8873	Kategorie:Hexenverfolgung > Opfer der Hexenverfolgung
de	Cernunnos	8871	Kategorie:Sagengestalt > Keltische Sagengestalt > Keltische Gottheit
en	Medea (Seneca)	8870	Category:Witchcraft > Fiction about witchcraft > Works about Medea
es	Yaya Ceravieja	8869	Categoría:Brujería > Brujos ficticios
de	Jersey Devil	8866	Kategorie:Sagengestalt > Fabelwesen > Fabeltier
en	Heinrich Kramer	8865	Category:Witch trials > Witch trials in Europe > Witch trials in Germany
es	Rueda del Año	8863	Categoría:Brujería > Wicca
de	Zauberhafte Schwestern	8862	Kategorie:Hexerei > Hexerei in der Kultur > Hexerei im Film
ja	ヘンゼルとグレーテル (テレビドラマ)	8861	Category:魔女 > 魔女を題材とした作品 > ヘンゼルとグレーテル
de	Gerta die Boltin	8854	Kategorie:Hexenverfolgung > Opfer der Hexenverfolgung
en	Kardashian curse	8852	Category:Witchcraft > Curses
es	28 Days Later: The Aftermath	8850	Categoría:Brujería > Zombis > Zombis en la historieta
en	Tsentsak	8849	Category:Witchcraft > American witchcraft
en	It Hits the Fan	8842	Category:Witchcraft > Curses > Fiction about curses
es	Voldemort: los orígenes del heredero	8842	Categoría:Brujería > Brujería en la ficción > Harry Potter
en	Flowing Wells witch trial	8840	Category:Witch trials > Witch trials in North America
de	Hexenverfolgung in Davensberg	8837	Kategorie:Hexenverfolgung > Hexenverfolgung nach räumlicher Zuordnung > Hexenprozesse in Deutschland
de	Aagt Germonts	8836	Kategorie:Hexenverfolgung > Opfer der Hexenverfolgung
de	Krafttier	8836	Kategorie:Sagengestalt > Fabelwesen > Geistwesen
en	Elin i Horsnäs	8830	Category:People executed for witchcraft > Swedish people executed for witchcraft
de	Kikis kleiner Lieferservice (1989)	8825	Kategorie:Hexerei > Hexerei in der Kultur > Hexerei im Film
en	Gilles Garnier	8824	Category:People executed for witchcraft > French people executed for witchcraft
de	Die wilden Schwäne	8821	Kategorie:Hexenverfolgung > Hexenverfolgung in der Kultur
en	Simon Necronomicon	8820	Category:Witchcraft > Grimoires
de	Acephale (Volk)	8812	Kategorie:Sagengestalt > Fabelwesen
fr	Frère Vaudou	8812	Catégorie:Sorcellerie > Sorcellerie dans l'art et la culture > Magicien ou sorcier de fiction
es	Warner Bros. Studio Tour London – The Making of Harry Potter	8807	Categoría:Brujería > Brujería en la ficción > Harry Potter
de	Warlock – Satans Sohn	8805	Kategorie:Hexenverfolgung > Hexenverfolgung in der Kultur
en	Insha Allah Khan	8805	Category:Witchcraft > Incantation
fr	Ganon	8801	Catégorie:Sorcellerie > Sorcellerie dans l'art et la culture > Magicien ou sorcier de fiction
de	Ulric de Torrenté	8798	Kategorie:Hexenverfolgung > Täter der Hexenverfolgung
fr	L'Affaire des poisons	8796	Catégorie:Sorcellerie > Sorcellerie féminine > Affaire des poisons
de	Margarethe Seybold	8795	Kategorie:Hexenverfolgung > Opfer der Hexenverfolgung
de	Lykurgos (Gegner des Dionysos)	8781	Kategorie:Sagengestalt > Mythischer Herrscher > König der griechischen Mythologie
fr	Merlin (téléfilm, 2012)	8777	Catégorie:Sorcellerie > Magicien ou sorcier de légende > Merlin
de	Koro (Psychologie)	8776	Kategorie:Hexerei > Moderne Hexenverfolgung
en	Charodei	8776	Category:Witchcraft > Fiction about witchcraft > Films about witchcraft
fr	Stambeli	8772	Catégorie:Sorcellerie
es	Cernégula	8771	Categoría:Brujería > Brujería por país > Brujería en España
de	Benigna Schultzen	8764	Kategorie:Hexenverfolgung > Opfer der Hexenverfolgung
es	Lisbeth Nypan	8757	Categoría:Brujería > Procesos por brujería > Ejecutados por brujería
en	Katherine Campbell (accused witch)	8756	Category:People executed for witchcraft > Scottish people executed for witchcraft
de	Bridget Bishop	8755	Kategorie:Hexenverfolgung > Opfer der Hexenverfolgung
en	Daughters of Satan	8755	Category:Witchcraft > Fiction about witchcraft > Films about witchcraft
en	Chamalières tablet	8753	Category:Witchcraft > Curses > Curse tablets
de	Rusalka (Mythologie)	8748	Kategorie:Sagengestalt > Slawische Sagengestalt
fr	Le Dernier des Templiers	8733	Catégorie:Sorcellerie > Sorcellerie féminine > Film mettant en scène une sorcière
de	Peter Stump	8731	Kategorie:Hexenverfolgung > Opfer der Hexenverfolgung
en	Margaret Krieger	8731	Category:Witch trials > Witch trials in North America
fr	Archive 81	8728	Catégorie:Sorcellerie > Sorcellerie dans l'art et la culture > Série télévisée sur la sorcellerie
en	King Knight	8721	Category:Witchcraft > Fiction about witchcraft > Films about witchcraft
es	Alfabeto tebano	8719	Categoría:Brujería
en	White magic	8713	Category:Witchcraft
de	Hexenschlaf	8710	Kategorie:Hexenverfolgung
de	Große schottische Hexenjagd von 1661/1662	8708	Kategorie:Hexenverfolgung > Hexenverfolgung nach räumlicher Zuordnung
en	Black Annis	8708	Category:Witchcraft > Witchcraft in folklore and mythology > Witches in folklore
de	Monica Paulus	8703	Kategorie:Hexerei > Moderne Hexenverfolgung
en	Amazons (1986 film)	8692	Category:Witchcraft > Fiction about witchcraft > Films about witchcraft
es	Dorothea Flock	8688	Categoría:Brujería > Procesos por brujería > Ejecutados por brujería
en	Kitab al-Kanuz	8684	Category:Witchcraft > Grimoires > Arabic grimoires
es	Jane Wenham (presunta bruja)	8681	Categoría:Brujería > Brujería por país > Brujería en el Reino Unido
de	Drachenbrücke (Ljubljana)	8679	Kategorie:Sagengestalt > Fabelwesen > Drache
en	Kate McNiven	8678	Category:Witchcraft > Witchcraft in folklore and mythology
es	Marcelo Antelo	8676	Categoría:Brujería > Satanismo > Delitos relacionados con el satanismo u ocultismo
de	Flaxman Low	8674	Kategorie:Hexerei > Hexerei in der Kultur > Hexerei in Kunst und Literatur
es	Anna zur Steinhorst	8672	Categoría:Brujería > Procesos por brujería > Ejecutados por brujería
es	Anna Laminit	8669	Categoría:Brujería > Procesos por brujería > Ejecutados por brujería
de	Alexander Pereswet	8668	Kategorie:Sagengestalt > Slawische Sagengestalt
fr	Mia moglie è una strega	8667	Catégorie:Sorcellerie > Sorcellerie féminine > Film mettant en scène une sorcière
en	Therion (Thelema)	8665	Category:Witchcraft > Incantation > Magic words
de	Cherubim and Seraphim Society	8664	Kategorie:Hexerei > Moderne Hexenverfolgung
sv	Häxlagarna (England)	8657	Kategori:Häxprocesser > Häxprocesser i Europa > Häxprocesser i England
de	Priamos	8656	Kategorie:Sagengestalt > Mythischer Herrscher > König der griechischen Mythologie
en	Molly Leigh	8656	Category:Witch trials > People accused of witchcraft
de	Grottenfee	8655	Kategorie:Sagengestalt > Weibliche Sagengestalt
de	Kikis kleiner Lieferservice (2014)	8647	Kategorie:Hexerei > Hexerei in der Kultur > Hexerei im Film
de	Georg Scherer (Jesuit)	8644	Kategorie:Hexenverfolgung > Täter der Hexenverfolgung
de	Johannes Lang (Schneider)	8643	Kategorie:Hexenverfolgung > Gegner der Hexenverfolgung
de	Meine Frau, die Hexe	8642	Kategorie:Hexenverfolgung > Hexenverfolgung in der Kultur
sv	Häxprocessen i Valais	8641	Kategori:Häxprocesser > Häxprocesser i Europa > Häxprocesser i Frankrike
sv	Iver i Staxäng	8641	Kategori:Häxprocesser > Personer som blivit avrättade för häxeri > Personer som blivit avrättade för häxeri i Sverige
es	Bewitched (película de 2005)	8634	Categoría:Brujería > Brujería en la ficción > Brujería en cine y televisión
de	Krabat-Mühle Schwarzkollm	8630	Kategorie:Hexerei > Hexerei in der Kultur
es	Jean Bodin	8628	Categoría:Brujería > Brujería por país > Brujería en Francia
en	Majokko Megu-chan	8626	Category:Witchcraft > Fiction about witchcraft > Anime and manga about witchcraft
en	Catherine Charlotte De la Gardie	8626	Category:Witchcraft > Witch hunting > Critics of witch hunting
en	Birch bark letter no. 292	8623	Category:Witchcraft > Incantation
de	Simorgh (Mythologie)	8622	Kategorie:Sagengestalt > Fabelwesen > Mischwesen
es	Casos de abuso infantil en el condado de Kern	8620	Categoría:Brujería > Satanismo > Delitos relacionados con el satanismo u ocultismo
en	Atuk	8619	Category:Witchcraft > Curses
de	Hocus Pocus	8617	Kategorie:Hexerei > Hexerei in der Kultur > Hexerei im Film
en	Wayob	8615	Category:Witchcraft > American witchcraft
en	The Forest House	8615	Category:Witchcraft > Fiction about witchcraft > Modern Arthurian fiction
en	Curse of Coogan's Bluff	8596	Category:Witchcraft > Curses > Sports-related curses
en	Jure Grando	8589	Category:European witchcraft > Witchcraft in Italy
ja	魔女に与える鉄槌	8589	Category:魔女
en	John Cotta	8587	Category:Witch trials > Witch trials in Europe > Witch trials in England
es	Fuego Brujo	8585	Categoría:Brujería > Brujos ficticios
sv	Häxprocessen i Vardø (1662–1663)	8581	Kategori:Häxprocesser > Häxprocesser i Europa > Häxprocesser i Norge
en	More Than a Miracle	8575	Category:Witchcraft > Fiction about witchcraft > Films about witchcraft
de	Bors (Artussage)	8574	Kategorie:Sagengestalt > Ritter der Tafelrunde
en	Pumpkinhead: Blood Feud	8573	Category:Witchcraft > Fiction about witchcraft > Films about witchcraft
fr	Fatou Bolli	8573	Catégorie:Sorcellerie > Sorcellerie par lieu > Sorcellerie en Afrique
es	Renacido	8571	Categoría:Brujería > Satanismo > Demonología
de	Sirona (Mythologie)	8564	Kategorie:Sagengestalt > Keltische Sagengestalt > Keltische Gottheit
en	Crone	8561	Category:Witchcraft > Fiction about witchcraft > Witchcraft in fairy tales
de	Schwarzer Hund	8558	Kategorie:Sagengestalt > Fabelwesen > Fabeltier
en	Tupilaq	8556	Category:Witchcraft > American witchcraft
de	Hexenverfolgung in Fritzlar	8548	Kategorie:Hexenverfolgung > Hexenverfolgung nach räumlicher Zuordnung > Hexenprozesse in Deutschland
de	Wunderhirsch	8546	Kategorie:Sagengestalt > Fabelwesen > Fabeltier
fr	Casper et Wendy	8544	Catégorie:Sorcellerie > Sorcellerie féminine > Film mettant en scène une sorcière
ja	魔女の騎士	8542	Category:魔女 > 魔女を題材とした作品 > 魔女を題材とした漫画作品
es	Summis desiderantes affectibus	8536	Categoría:Brujería
sv	Häxjakten i Navarra 1575–1576	8531	Kategori:Häxprocesser > Häxprocesser i Europa > Häxprocesser i Spanien
fr	Maugis	8528	Catégorie:Sorcellerie > Magicien ou sorcier de légende
en	Vajravārāhī	8527	Category:Witchcraft > Pig-faced women
en	Sweater curse	8521	Category:Witchcraft > Curses
en	The Candle in the Wind	8521	Category:Witchcraft > Fiction about witchcraft > Modern Arthurian fiction
de	Ottilia Preußing	8518	Kategorie:Hexenverfolgung > Opfer der Hexenverfolgung
de	Wächterlöwe	8516	Kategorie:Sagengestalt > Fabelwesen > Fabeltier
de	La Llorona (Folklore)	8515	Kategorie:Sagengestalt > Fabelwesen > Weibliches Fabelwesen
fr	Bouteille de sorcière	8514	Catégorie:Sorcellerie
ja	真昼の魔女	8514	Category:魔女 > 魔女を題材とした作品
en	Nuclear taboo	8509	Category:Witchcraft > Curses > Taboo
en	Anna Laminit	8509	Category:People executed for witchcraft > Austrian people executed for witchcraft
de	Slawischer Drache	8508	Kategorie:Sagengestalt > Slawische Sagengestalt
en	Aix-en-Provence possessions	8507	Category:Witchcraft > Curses > Demonic possession
en	Sabrina Goes to Rome	8506	Category:Witchcraft > Fiction about witchcraft > Films about witchcraft
de	Wilhelm Christoph (Hessen-Homburg)	8505	Kategorie:Hexenverfolgung > Täter der Hexenverfolgung
de	Fearsome Critters	8505	Kategorie:Sagengestalt > Fabelwesen > Fabeltier
de	Samuel Meiger	8502	Kategorie:Hexenverfolgung > Täter der Hexenverfolgung > Hexentheoretiker
de	Iokaste	8501	Kategorie:Sagengestalt > Mythischer Herrscher > Königin der griechischen Mythologie
en	Poppet	8499	Category:European witchcraft
de	Majo no Tabitabi	8497	Kategorie:Hexerei > Hexerei in der Kultur
en	Blair Witch Volume II: The Legend of Coffin Rock	8496	Category:Witchcraft > Fiction about witchcraft > Blair Witch
ja	ヨーハン・ヴァイヤー	8493	Category:魔女
en	Alse Young	8492	Category:People executed for witchcraft > American people executed for witchcraft
de	Jacob Heerbrand	8485	Kategorie:Hexenverfolgung > Gegner der Hexenverfolgung
de	Martje Flohrs	8483	Kategorie:Sagengestalt
en	Spirit Swap: Lofi Beats to Match-3 To	8483	Category:Witchcraft > Fiction about witchcraft > Video games about witchcraft
fr	Magicien d'Oz (personnage)	8483	Catégorie:Sorcellerie > Sorcellerie dans l'art et la culture > Magicien ou sorcier de fiction
fr	Livre des Ombres	8471	Catégorie:Sorcellerie > Sorcellerie contemporaine > Wicca
de	Hexenprozesse von Lindheim	8470	Kategorie:Hexenverfolgung > Hexenverfolgung nach räumlicher Zuordnung > Hexenprozesse in Deutschland
es	Melisandre	8468	Categoría:Brujería > Brujos ficticios
en	Huld	8467	Category:Witchcraft > Witchcraft in folklore and mythology
fr	Carl Kellner (mystique)	8465	Catégorie:Sorcellerie > Organisation qui s'intéresse à la magie > Ordo Templi Orientis
fr	Anna Zippel	8463	Catégorie:Sorcellerie > Sorcellerie par lieu > Sorcellerie en Suède
de	Turul	8462	Kategorie:Sagengestalt > Fabelwesen > Fabelwesen (Heraldik)
de	Succubus	8455	Kategorie:Hexenverfolgung
de	Bernhard Schwarte	8454	Kategorie:Hexenverfolgung > Opfer der Hexenverfolgung
en	Everyone Knows Your Mother Is a Witch	8452	Category:Witch trials > Witch trials in Europe > Witch trials in Germany
es	Guirandana de Lay	8452	Categoría:Brujería > Brujería por país > Brujería en España
de	Elisabeth Plainacher	8451	Kategorie:Hexenverfolgung > Opfer der Hexenverfolgung
de	Blair Witch	8451	Kategorie:Hexerei > Hexerei in der Kultur > Hexerei im Film
en	Vanlandi	8451	Category:European witchcraft > Witchcraft in Sweden
de	Sigmundur Brestisson	8447	Kategorie:Sagengestalt > Figur der Färingersaga
it	Dhalsim	8446	Categoria:Stregoneria > Stregoni immaginari
es	Elin i Horsnäs	8439	Categoría:Brujería > Procesos por brujería > Ejecutados por brujería
es	Elvira: reina de las tinieblas	8436	Categoría:Brujería > Brujos ficticios
en	Endor (village)	8433	Category:Witchcraft > Judaism and witchcraft > Witch of Endor
de	Meine Braut ist übersinnlich	8429	Kategorie:Hexerei > Hexerei in der Kultur > Hexerei im Film
en	Tomb Raider: Curse of the Sword	8426	Category:Witchcraft > Fiction about witchcraft > Video games about witchcraft
en	Christence Kruckow	8425	Category:People executed for witchcraft > Danish people executed for witchcraft
en	A Haunting in Salem	8422	Category:Witchcraft > Fiction about witchcraft > Films about witchcraft
en	Sacrilege (2020 film)	8417	Category:Witchcraft > Fiction about witchcraft > Films about witchcraft
de	Der Schmied von Aachen	8415	Kategorie:Sagengestalt > Deutsche Sagengestalt
en	Ghost Blows Out the Light	8414	Category:Witchcraft > Curses > Fiction about curses
it	Polissena di San Macario	8411	Categoria:Stregoneria > Processi per stregoneria > Processi per stregoneria in Italia
es	Clara de Rueda	8396	Categoría:Brujería > Brujas (brujería)
de	Viradecdis	8391	Kategorie:Sagengestalt > Keltische Sagengestalt > Keltische Gottheit
ja	ラ・ヴォワザン	8391	Category:魔女 > 魔女術の容疑で処刑された人物
de	Nema Andahadna	8389	Kategorie:Hexerei > Hexe
it	Summis desiderantes affectibus	8389	Categoria:Stregoneria > Opere letterarie sulla stregoneria
en	Pandanus language	8387	Category:Witchcraft > Curses > Taboo
en	Generation Witch	8387	Category:Witchcraft > Fiction about witchcraft > Anime and manga about witchcraft
en	Pierre de Lancre	8386	Category:Witch trials > Witch trials in Europe > Witch trials in France
fr	Tituba	8386	Catégorie:Sorcellerie > Sorcellerie dans l'art et la culture > Magicien ou sorcier de fiction
it	Processo alle streghe di Salisburgo	8382	Categoria:Stregoneria > Processi per stregoneria
de	Henneke von Essen	8381	Kategorie:Hexenverfolgung > Opfer der Hexenverfolgung
en	Killing of disabled children in Uganda	8381	Category:Witchcraft > African witchcraft
en	Cocoto Platform Jumper	8381	Category:European witchcraft > Imps
en	The Witch's Mirror	8379	Category:Witchcraft > Fiction about witchcraft > Films about witchcraft
it	Artemisia (personaggio)	8379	Categoria:Stregoneria > Streghe nelle opere di fantasia
de	Moosmann	8375	Kategorie:Sagengestalt > Deutsche Sagengestalt
ja	イユンクス	8374	Category:魔女
de	Urkaiser Chinas	8372	Kategorie:Sagengestalt > Chinesische Sagengestalt > Urkaiser Chinas
en	Painkiller: Resurrection	8370	Category:Witchcraft > Fiction about witchcraft > Video games about witchcraft
en	Krzysztof Opaliński	8369	Category:Witchcraft > Witch hunting > Critics of witch hunting
en	David Gregory (physician)	8363	Category:Witch trials > People accused of witchcraft
de	Grannus	8362	Kategorie:Sagengestalt > Keltische Sagengestalt > Keltische Gottheit
sv	Kerstin Gabrielsdotter	8354	Kategori:Häxprocesser > Häxprocesser i Europa > Häxprocesser i Sverige
en	Sarah Osborne	8353	Category:Witch trials > People accused of witchcraft > People accused in the Salem witch trials
en	Curse of the Braganzas	8350	Category:Witchcraft > Curses
ja	アイスランドの魔女裁判	8349	Category:魔女
de	Zahhak	8344	Kategorie:Sagengestalt > Mythischer Herrscher
en	Villain hitting	8340	Category:Witchcraft > Witchcraft by country > Witchcraft in China
en	Wicked Stepmother	8338	Category:Witchcraft > Fiction about witchcraft > Films about witchcraft
de	Stauffacherin	8327	Kategorie:Sagengestalt > Weibliche Sagengestalt
de	Anne Pedersdotter	8314	Kategorie:Hexenverfolgung > Opfer der Hexenverfolgung
de	Seeungeheuer	8314	Kategorie:Sagengestalt > Fabelwesen > Seeungeheuer
de	Michael Stappert	8311	Kategorie:Hexenverfolgung > Gegner der Hexenverfolgung
en	Witch trials in Hungary	8311	Category:Witch trials > Witch trials in Europe
es	Monica Paulus	8310	Categoría:Brujería > Estudiosos de la brujería
de	Kajiga Baba	8307	Kategorie:Hexerei > Hexe
en	Witch trials in Portugal	8306	Category:Witch trials > Witch trials in Europe > Witch trials in Portugal
es	Recta Provincia	8306	Categoría:Brujería > Brujería por país > Brujería en Chile
de	Ostermorgenjungfrau	8305	Kategorie:Sagengestalt > Weibliche Sagengestalt
en	Conscience of the King	8303	Category:Witchcraft > Fiction about witchcraft > Modern Arthurian fiction
en	Our Lady of Endor Coven	8297	Category:Witchcraft > Judaism and witchcraft > Witch of Endor
de	Johannes Junius	8296	Kategorie:Hexenverfolgung > Hexenverfolgung in Bamberg
de	Träume im Hexenhaus	8296	Kategorie:Hexenverfolgung > Hexenverfolgung in der Kultur > Hexenverfolgung in der Literatur
de	Francus	8291	Kategorie:Sagengestalt
en	Balak	8290	Category:Witchcraft > Curses
en	The Wandering Fire	8284	Category:Witchcraft > Fiction about witchcraft > Modern Arthurian fiction
sv	Blåkullafärderna i Mockfjärd	8282	Kategori:Häxprocesser > Häxprocesser i Europa > Häxprocesser i Sverige
en	Neverwinter Nights: Kingmaker	8280	Category:Witchcraft > Fiction about witchcraft > Video games about witchcraft
en	Caliban and the Witch	8277	Category:Witchcraft > Books about witchcraft
ja	おジャ魔女どれみドッカ〜ン!にじいろパラダイス	8275	Category:魔女 > 魔女を題材とした作品 > 魔女を題材としたコンピュータゲーム
de	Hexenprozesse in Dreieich	8274	Kategorie:Hexenverfolgung > Hexenverfolgung nach räumlicher Zuordnung > Hexenprozesse in Deutschland
en	Somer Assault	8270	Category:Witchcraft > Fiction about witchcraft > Video games about witchcraft
ja	ウィッチサマー	8269	Category:魔女 > 魔女を題材とした作品 > 魔女を題材とした映画作品
es	Warm Bodies	8268	Categoría:Brujería > Zombis
en	Jeanne des Anges	8260	Category:Witch trials > Accusers in witch trials
en	David et Jonathas	8259	Category:Witchcraft > Judaism and witchcraft > Witch of Endor
sv	Lars Nilsson (1632–1693)	8258	Kategori:Häxprocesser > Häxprocesser i Europa > Häxprocesser i Sverige
en	The Wonderfull Discoverie of Witches in the Countie of Lancaster	8257	Category:Witchcraft > Books about witchcraft > History books about witchcraft
fr	Aurum Solis	8255	Catégorie:Sorcellerie > Organisation qui s'intéresse à la magie
fr	Mémorial de Steilneset	8250	Catégorie:Sorcellerie > Sorcellerie féminine
de	Christina Plum	8248	Kategorie:Hexenverfolgung > Opfer der Hexenverfolgung
fr	Jaquette de Clause	8247	Catégorie:Sorcellerie
en	Majo wa Mangetsu ni Saku	8242	Category:Witchcraft > Fiction about witchcraft > Anime and manga about witchcraft
en	Cursed Films	8240	Category:Witchcraft > Curses
de	Jabberwocky	8239	Kategorie:Sagengestalt > Fabelwesen > Drache
es	Cueva de Salamanca	8238	Categoría:Brujería > Brujería por país > Brujería en España
de	Wolfgang X. von Dalberg	8232	Kategorie:Hexenverfolgung > Täter der Hexenverfolgung
sv	Häxprocessen i Amersfoort och Utrecht	8232	Kategori:Häxprocesser > Häxprocesser i Europa > Häxprocesser i Nederländerna
de	Schlernhexen	8231	Kategorie:Hexerei > Hexe
fr	Dieu cornu	8230	Catégorie:Sorcellerie > Sorcellerie contemporaine > Wicca
de	Domenicus van Wijnen	8222	Kategorie:Hexerei > Hexerei in der Kultur > Hexerei in Kunst und Literatur
en	The Hands Resist Him	8219	Category:Witchcraft > Curses
en	Aberdeen witch trials of 1596–1597	8218	Category:Witch trials > Witch trials in Europe > Witch trials in Scotland
es	Hex (serie de televisión)	8218	Categoría:Brujería > Brujería en la ficción > Brujería en cine y televisión
de	Banshee	8217	Kategorie:Sagengestalt > Keltische Sagengestalt > Irische Sagengestalt
de	Gambara (Langobarden)	8213	Kategorie:Sagengestalt > Germanische Sagengestalt
en	Akelarre	8210	Category:European witchcraft > Witchcraft in Spain
ja	マシュー・ホプキンス	8209	Category:魔女
de	Walpurga Hausmännin	8206	Kategorie:Hexenverfolgung > Opfer der Hexenverfolgung
en	Asterix and the Soothsayer	8197	Category:Witchcraft > Curses > Fiction about curses
fr	Potion	8197	Catégorie:Sorcellerie
en	Pumpkinhead: Ashes to Ashes	8190	Category:Witchcraft > Fiction about witchcraft > Films about witchcraft
de	Satyr	8189	Kategorie:Sagengestalt > Fabelwesen > Mischwesen
de	Čech	8186	Kategorie:Sagengestalt > Slawische Sagengestalt
en	Winnie the Witch	8185	Category:Witchcraft > Fiction about witchcraft > Television shows about witchcraft
ja	クルーシブル	8185	Category:魔女 > 魔女を題材とした作品 > 魔女を題材とした映画作品
it	Processo alle streghe di Treviri	8183	Categoria:Stregoneria > Processi per stregoneria
en	Bo'ness witches	8181	Category:Witch trials > Witch trials in Europe > Witch trials in Scotland
es	Anton Praetorius	8181	Categoría:Brujería > Brujería por país > Brujería en Alemania
en	Poor Unfortunate Souls	8177	Category:Witchcraft > Fiction about witchcraft > Songs about witches
en	Potter Puppet Pals	8167	Category:Witchcraft > Fiction about witchcraft > Films about witchcraft
it	Processo alle streghe di Triora	8162	Categoria:Stregoneria > Processi per stregoneria > Processi per stregoneria in Italia
en	The Naked Witch	8157	Category:Witchcraft > Fiction about witchcraft > Films about witchcraft
sv	Britta Sippel	8156	Kategori:Häxprocesser > Personer som blivit avrättade för häxeri > Personer som blivit avrättade för häxeri i Sverige
de	Strigoi	8153	Kategorie:Sagengestalt > Fabelwesen > Untoter
de	Magnus Maximus	8148	Kategorie:Sagengestalt > Keltische Sagengestalt > Walisische Sagengestalt
de	David Signer	8147	Kategorie:Hexerei > Moderne Hexenverfolgung
en	Vuk (name)	8142	Category:European witchcraft
en	The Wicked (2013 film)	8141	Category:Witchcraft > Fiction about witchcraft > Films about witchcraft
es	Abuela Addams	8140	Categoría:Brujería > Brujos ficticios
de	Lucia Reichmann	8139	Kategorie:Hexenverfolgung > Opfer der Hexenverfolgung
de	Patricia Crowther	8130	Kategorie:Hexerei > Hexe
de	Olle Hexe	8127	Kategorie:Hexenverfolgung > Hexenverfolgung in der Kultur
en	Bentresh stela	8119	Category:Witchcraft > Curses > Demonic possession
ja	司教法令集	8119	Category:魔女
de	Menschenfressende Pflanze	8118	Kategorie:Sagengestalt > Fabelwesen
de	Seps (Mythologie)	8116	Kategorie:Sagengestalt > Fabelwesen > Fabeltier
de	Cassivellaunus	8110	Kategorie:Sagengestalt > Keltische Sagengestalt
de	Khun Borom	8107	Kategorie:Sagengestalt > Mythischer Herrscher
es	Bowsitos	8103	Categoría:Brujería > Brujos ficticios
de	Hexenprozesse in Borchen	8102	Kategorie:Hexenverfolgung > Hexenverfolgung nach räumlicher Zuordnung > Hexenprozesse in Deutschland
fr	Adam Warlock	8099	Catégorie:Sorcellerie > Sorcellerie dans l'art et la culture > Magicien ou sorcier de fiction
fr	Zatanna	8098	Catégorie:Sorcellerie > Sorcellerie dans l'art et la culture > Magicien ou sorcier de fiction
en	Eric the Unready	8097	Category:Witchcraft > Fiction about witchcraft > Video games about witchcraft
es	Adolfo Constanzo	8097	Categoría:Brujería > Satanismo > Delitos relacionados con el satanismo u ocultismo
ja	Trois 〜トロワ〜	8091	Category:魔女 > 魔女を題材とした作品 > 魔女を題材としたコンピュータゲーム
fr	Abaris le Scythe	8090	Catégorie:Sorcellerie > Magicien ou sorcier de légende
de	Moort	8089	Kategorie:Sagengestalt > Deutsche Sagengestalt
en	Girolamo Tartarotti	8088	Category:European witchcraft > Witchcraft in Italy
fr	Linoa Heartilly	8085	Catégorie:Sorcellerie > Sorcellerie dans l'art et la culture > Magicien ou sorcier de fiction
en	Blå Jungfrun	8084	Category:European witchcraft > Witchcraft in Sweden
de	Catherine Charlotte De la Gardie	8082	Kategorie:Hexenverfolgung > Gegner der Hexenverfolgung
es	Homura Akemi	8080	Categoría:Brujería > Brujos ficticios
es	Historia nocturna	8076	Categoría:Brujería
de	Karantanischer Panther	8065	Kategorie:Sagengestalt > Fabelwesen > Fabelwesen (Heraldik)
es	Zombie Powder	8064	Categoría:Brujería > Zombis > Zombis en la historieta
fr	The Witcher : L'Héritage du sang	8062	Catégorie:Sorcellerie > Sorcellerie dans l'art et la culture > Série télévisée sur la sorcellerie
de	CONPLAN 8888	8059	Kategorie:Sagengestalt > Fabelwesen > Untoter
en	Hotel (2004 film)	8058	Category:Witchcraft > Fiction about witchcraft > Films about witchcraft
fr	Bibi Blocksberg et le Secret des chouettes bleues	8058	Catégorie:Sorcellerie > Sorcellerie féminine > Film mettant en scène une sorcière
de	Hexenprozesse in Rhens	8056	Kategorie:Hexenverfolgung > Hexenverfolgung nach räumlicher Zuordnung > Hexenprozesse in Deutschland
de	Nachzehrer	8056	Kategorie:Sagengestalt > Deutsche Sagengestalt
fr	Nkisi	8052	Catégorie:Sorcellerie > Sorcellerie par lieu > Sorcellerie en Afrique
de	Kadmos	8051	Kategorie:Sagengestalt > Drachentöter
es	Maud Galt	8049	Categoría:Brujería > Brujas (brujería) > Personas acusadas de brujería
es	Mary Butters	8046	Categoría:Brujería > Brujas (brujería) > Personas acusadas de brujería
de	Mordred	8044	Kategorie:Sagengestalt > Ritter der Tafelrunde
en	The Magic Sword (1901 film)	8041	Category:Witchcraft > Fiction about witchcraft > Films about witchcraft
en	Luisa Francia	8037	Category:Witchcraft > Modern witchcraft > Neopagan witchcraft
en	Harry Potter: The Exhibition	8036	Category:Witchcraft > Fiction about witchcraft > Harry Potter
en	Alexis-Vincent-Charles Berbiguier de Terre-Neuve du Thym	8033	Category:European witchcraft > Imps
en	Soul eater (folklore)	8031	Category:Witchcraft > African witchcraft
en	Kitchen witchcraft	8029	Category:Witchcraft
it	Xabaras	8029	Categoria:Stregoneria > Stregoni immaginari
it	Strahd von Zarovich	8027	Categoria:Stregoneria > Stregoni immaginari
de	Bahkauv	8026	Kategorie:Sagengestalt > Deutsche Sagengestalt
fr	Britannia (série télévisée)	8026	Catégorie:Sorcellerie > Sorcellerie dans l'art et la culture > Série télévisée sur la sorcellerie
en	Anna Maria Schwegelin	8023	Category:Witch trials > People accused of witchcraft > People convicted of witchcraft
es	Melinoë (Hades)	8021	Categoría:Brujería
en	Lai Khadang Pandabi	8020	Category:Witchcraft > Witches
de	Alheit Snur	8016	Kategorie:Hexenverfolgung > Opfer der Hexenverfolgung
de	Grace Sherwood	8015	Kategorie:Hexenverfolgung > Opfer der Hexenverfolgung
en	Art of the Devil 3	8009	Category:Witchcraft > Fiction about witchcraft > Films about witchcraft
en	Satan's School for Girls (1973 film)	8009	Category:Witchcraft > Fiction about witchcraft > Films about witchcraft
en	Julius Echter von Mespelbrunn	8009	Category:Witch trials > Witch trials in Europe > Witch trials in Germany
fr	Quan Chi	8009	Catégorie:Sorcellerie > Sorcellerie dans l'art et la culture > Magicien ou sorcier de fiction
en	Balthasar Bekker	8004	Category:Witchcraft > Witch hunting > Critics of witch hunting
es	Angra Mainyu	8004	Categoría:Brujería > Satanismo > Demonología
ja	ドロテア 〜魔女の鉄鎚〜	7999	Category:魔女 > 魔女を題材とした作品 > 魔女を題材とした漫画作品
en	Magic Orbz	7998	Category:Witchcraft > Fiction about witchcraft > Video games about witchcraft
en	Hugo: Jungle Island	7996	Category:Witchcraft > Fiction about witchcraft > Television shows about witchcraft
en	Miss Leslie's Dolls	7994	Category:Witchcraft > Fiction about witchcraft > Films about witchcraft
es	Gertrud Svensdotter	7993	Categoría:Brujería > Brujería por país > Brujería en Suecia
de	Panther (Wappentier)	7992	Kategorie:Sagengestalt > Fabelwesen > Fabelwesen (Heraldik)
de	Gesche Köllers	7989	Kategorie:Hexenverfolgung > Opfer der Hexenverfolgung
fr	Gerald Gardner	7964	Catégorie:Sorcellerie > Sorcellerie contemporaine > Wicca
es	Bibi Blocksberg	7960	Categoría:Brujería > Brujos ficticios
en	Vardø witch trials (1621)	7959	Category:Witch trials > Witch trials in Europe > Witch trials in Norway
fr	Sycorax (La Tempête)	7957	Catégorie:Sorcellerie > Sorcellerie dans l'art et la culture > Magicien ou sorcier de fiction
de	Hexenverfolgung in Biel und Umgebung	7954	Kategorie:Hexenverfolgung > Hexenverfolgung nach räumlicher Zuordnung
en	The Old Ways	7953	Category:Witchcraft > Fiction about witchcraft > Films about witchcraft
en	Book of the Dead of Qenna	7952	Category:Witchcraft > Incantation > Book of the Dead
es	Anneliese Michel	7951	Categoría:Brujería > Satanismo > Demonología
de	Hrothgar	7949	Kategorie:Sagengestalt
en	Circle of Three	7944	Category:Witchcraft > Fiction about witchcraft > Witchcraft in written fiction
en	George Fraser Black	7940	Category:Witchcraft > Historians of witchcraft
fr	Madame Mim	7933	Catégorie:Sorcellerie > Sorcellerie dans l'art et la culture > Magicien ou sorcier de fiction
en	Anna Goeldin – The Last Witch	7932	Category:Witch trials > Witch trials in Europe > Witch trials in Switzerland
en	Terrassa witch trials	7928	Category:Witch trials > Witch trials in Europe > Witch trials in Spain
en	The Six Servants	7927	Category:Witchcraft > Fiction about witchcraft > Witchcraft in fairy tales
en	White Lion Inn, Stratford-upon-Avon	7919	Category:Witchcraft > Witchcraft museums
en	Wang Yu (chancellor)	7919	Category:Witchcraft > Witchcraft by country > Witchcraft in China
fr	Winx Club 3D : L'Aventure magique	7915	Catégorie:Sorcellerie > Sorcellerie féminine > Film mettant en scène une sorcière
de	Wolpertinger	7914	Kategorie:Sagengestalt > Fabelwesen > Fabeltier
de	Sphinx (griechisch)	7914	Kategorie:Sagengestalt > Fabelwesen > Mischwesen
de	Margot Adler	7913	Kategorie:Hexerei > Hexe
de	Martha Corey	7912	Kategorie:Hexenverfolgung > Opfer der Hexenverfolgung
es	Kamrušepa	7910	Categoría:Brujería > Brujas (brujería)
es	Ataque en la preparatoria San Andrés	7909	Categoría:Brujería > Satanismo > Delitos relacionados con el satanismo u ocultismo
de	Dan (Dänemark)	7908	Kategorie:Sagengestalt
fr	Kalidor	7906	Catégorie:Sorcellerie > Sorcellerie féminine > Film mettant en scène une sorcière
en	Against a dwarf	7905	Category:Witchcraft > Incantation > Anglo-Saxon metrical charms
en	Płanetnik	7903	Category:European witchcraft
sv	Brita Biörn	7903	Kategori:Häxprocesser > Häxprocesser i Europa > Häxprocesser i Sverige
it	Mary Webster (presunta strega)	7902	Categoria:Stregoneria
ja	タム・オ・シャンター序曲	7902	Category:魔女 > 魔女を題材とした作品
en	Akongjamba	7899	Category:Witchcraft > Witchcraft in folklore and mythology > Epic cycles of incarnations
en	Castaways of the Flying Dutchman	7898	Category:Witchcraft > Curses > Flying Dutchman
en	The Smith and the Devil	7895	Category:Witchcraft > Witchcraft in folklore and mythology > Deal with the Devil
fr	La Salsa du démon	7886	Catégorie:Sorcellerie > Sorcellerie dans l'art et la culture
ja	ロストランズ 闇を狩る者	7883	Category:魔女 > 魔女を題材とした作品 > 魔女を題材とした映画作品
de	Lucie Kunschopper	7879	Kategorie:Hexenverfolgung > Opfer der Hexenverfolgung
en	Grand Grimoire	7877	Category:Witchcraft > Grimoires > Goetic grimoires
fr	Possessions de Louviers	7875	Catégorie:Sorcellerie > Sorcellerie féminine
en	The Legend of Heroes II: Prophecy of the Moonlight Witch	7873	Category:Witchcraft > Fiction about witchcraft > Video games about witchcraft
en	Icelandic magical staves	7869	Category:European witchcraft > Witchcraft in Iceland
de	Anna zur Steinhorst	7868	Kategorie:Hexenverfolgung > Opfer der Hexenverfolgung
en	Hard West 2	7867	Category:Witchcraft > Fiction about witchcraft > Video games about witchcraft
de	Elsa aus Kamen	7863	Kategorie:Hexenverfolgung > Opfer der Hexenverfolgung
fr	Jenny Calendar	7858	Catégorie:Sorcellerie > Sorcellerie dans l'art et la culture > Magicien ou sorcier de fiction
en	Elvira's Haunted Hills	7848	Category:Witchcraft > Fiction about witchcraft > Films about witchcraft
es	Seidr	7844	Categoría:Brujería
es	Juego de brujas	7843	Categoría:Brujería > Brujería en la ficción > Brujería en cine y televisión
en	The Cavalier's Dream	7840	Category:Witchcraft > Fiction about witchcraft > Films about witchcraft
en	Tichborne Dole	7835	Category:Witchcraft > Curses
es	Amina bint Abdul Halim bin Salem Nasser	7834	Categoría:Brujería > Procesos por brujería > Ejecutados por brujería
de	Butterhexe	7830	Kategorie:Hexenverfolgung
de	Petronilla de Meath	7827	Kategorie:Hexenverfolgung > Opfer der Hexenverfolgung
fr	María de Ximildegui	7827	Catégorie:Sorcellerie > Procès de sorcellerie > Procès de sorcellerie en Espagne
es	Polixena de San Macario	7823	Categoría:Brujería > Procesos por brujería > Ejecutados por brujería
fr	Les Sorcières d'Akelarre	7822	Catégorie:Sorcellerie > Sorcellerie féminine > Film mettant en scène une sorcière
de	Grýla	7816	Kategorie:Sagengestalt > Fabelwesen
sv	Anna Maria Adamsdotter	7814	Kategori:Häxprocesser > Häxprocesser i Europa > Häxprocesser i Sverige
en	The Lord Magear's Apprentice	7812	Category:Witchcraft > Fiction about witchcraft > Anime and manga about witchcraft
de	Ann Hibbins	7810	Kategorie:Hexenverfolgung > Opfer der Hexenverfolgung
en	Beatrix Leslie	7809	Category:People executed for witchcraft > Scottish people executed for witchcraft
de	Melwas	7803	Kategorie:Sagengestalt > Ritter der Tafelrunde
de	Einhorn (Wappentier)	7797	Kategorie:Sagengestalt > Fabelwesen > Fabelwesen (Heraldik)
en	El Silbón	7797	Category:Witchcraft > Curses
en	Aaru	7797	Category:Witchcraft > Incantation > Book of the Dead
es	Samuel Sewall	7795	Categoría:Brujería > Procesos por brujería > Juicios por brujería de Salem
de	Eginhard und Emma	7788	Kategorie:Sagengestalt > Deutsche Sagengestalt
en	Wanglen Pungdingheiba and Sappa Chanu Silheibi	7786	Category:Witchcraft > Witchcraft in folklore and mythology > Epic cycles of incarnations
en	The Reckoning (2020 film)	7785	Category:Witchcraft > Fiction about witchcraft > Films about witchcraft
en	Gävle Boy	7784	Category:Witch trials > Accusers in witch trials
en	Wiz 'n' Liz	7781	Category:Witchcraft > Fiction about witchcraft > Video games about witchcraft
ja	奥様は魔女 (1942年の映画)	7780	Category:魔女 > 魔女を題材とした作品 > 魔女を題材とした映画作品
en	Malle Babbe	7775	Category:European witchcraft > Familiars
it	Famiglio (spirito)	7775	Categoria:Stregoneria
sv	Häxprocessen i Finspång	7774	Kategori:Häxprocesser > Häxprocesser i Europa > Häxprocesser i Sverige
es	Brujas de Bute	7772	Categoría:Brujería
en	Raven Mocker	7770	Category:Witchcraft > American witchcraft
en	Jack-O	7770	Category:Witchcraft > Fiction about witchcraft > Films about witchcraft
de	Svantovit	7769	Kategorie:Sagengestalt > Slawische Sagengestalt > Slawische Gottheit
en	Deposed Crown Princess Kim	7763	Category:Witchcraft > Asian witchcraft
es	Penny Halliwell	7755	Categoría:Brujería > Brujos ficticios
en	Trouble Witches	7754	Category:Witchcraft > Fiction about witchcraft > Video games about witchcraft
it	Calon Arang	7753	Categoria:Stregoneria
en	The Secret of Platform 13	7750	Category:Witchcraft > Fiction about witchcraft > Harry Potter
de	Drekavac	7748	Kategorie:Sagengestalt > Slawische Sagengestalt
fr	The Winter King	7744	Catégorie:Sorcellerie > Magicien ou sorcier de légende > Merlin
de	Zhuanxu	7742	Kategorie:Sagengestalt > Chinesische Sagengestalt > Urkaiser Chinas
en	The Homeward Bounders	7742	Category:Witchcraft > Curses > Flying Dutchman
en	The Lucky Dime Caper Starring Donald Duck	7742	Category:Witchcraft > Fiction about witchcraft > Video games about witchcraft
en	Besom	7740	Category:European witchcraft
en	Here Lies Arthur	7740	Category:Witchcraft > Fiction about witchcraft > Modern Arthurian fiction
fr	Gertrud Svensdotter	7740	Catégorie:Sorcellerie > Sorcellerie par lieu > Sorcellerie en Suède
en	Queimada (drink)	7735	Category:European witchcraft > Witchcraft in Spain
de	Horsa	7730	Kategorie:Sagengestalt > Mythischer Herrscher
es	Peter H. Gilmore	7730	Categoría:Brujería > Satanismo > Iglesia de Satán
en	The Goddess of Spring	7728	Category:European witchcraft > Imps
en	Witch trials in Russia	7725	Category:Witch trials > Witch trials in Europe
en	Little Witches	7725	Category:Witchcraft > Fiction about witchcraft > Films about witchcraft
de	Herr der Tiere	7723	Kategorie:Sagengestalt > Fabelwesen > Geistwesen
en	Elvira II: The Jaws of Cerberus	7719	Category:Witchcraft > Fiction about witchcraft > Video games about witchcraft
en	Lightning bird	7717	Category:European witchcraft > Familiars
ja	サスペリア・テルザ 最後の魔女	7712	Category:魔女 > 魔女を題材とした作品 > 魔女を題材とした映画作品
de	Die kleine Hexe (2018)	7706	Kategorie:Hexerei > Hexerei in der Kultur > Hexerei im Film
en	The King's Damosel	7704	Category:Witchcraft > Fiction about witchcraft > Modern Arthurian fiction
de	Hexenstein (Lindau)	7702	Kategorie:Hexenverfolgung > Hexenverfolgung in der Kultur
de	Anna Müller (Opfer der Hexenverfolgung)	7697	Kategorie:Hexenverfolgung > Opfer der Hexenverfolgung
en	Agrimonia eupatoria	7697	Category:European witchcraft
de	Hexenprozesse von North Berwick	7696	Kategorie:Hexenverfolgung > Hexenverfolgung nach räumlicher Zuordnung
en	Australian Aboriginal avoidance practices	7684	Category:Witchcraft > Curses > Taboo
en	Warlock III: The End of Innocence	7682	Category:Witchcraft > Fiction about witchcraft > Films about witchcraft
en	May you live in interesting times	7680	Category:Witchcraft > Curses
sv	Thomas Schreiber	7674	Kategori:Häxprocesser > Personer som blivit avrättade för häxeri
en	Warlock: The Armageddon	7672	Category:Witchcraft > Fiction about witchcraft > Films about witchcraft
ja	ドロシーとオズの魔法使い	7672	Category:魔女 > 魔女を題材とした作品 > 魔女を題材としたアニメ作品
fr	Georg Golser	7670	Catégorie:Sorcellerie > Procès de sorcellerie
de	Kleine Hexe Klavi-Klack	7667	Kategorie:Hexerei > Hexerei in der Kultur
es	El chico de Gävle	7666	Categoría:Brujería > Brujería por país > Brujería en Suecia
it	Panoramix	7666	Categoria:Stregoneria > Stregoni immaginari
fr	L'Ange de feu (roman)	7665	Catégorie:Sorcellerie > Étude de la sorcellerie
it	Nico Minoru	7656	Categoria:Stregoneria > Stregoni immaginari
de	Trine Plumpe	7655	Kategorie:Hexenverfolgung > Opfer der Hexenverfolgung
fr	Crispina Peres	7649	Catégorie:Sorcellerie > Personne persécutée pour sorcellerie
en	Magonia	7648	Category:European witchcraft
en	Balthasar von Dernbach	7648	Category:Witch trials > Witch trials in Europe > Witch trials in Germany
es	Beltane	7645	Categoría:Brujería > Wicca > Festividades wiccanas
en	Anne Calthorpe, Countess of Sussex	7643	Category:Witch trials > People accused of witchcraft
it	Zachary Zatara	7637	Categoria:Stregoneria > Stregoni immaginari
de	Adam Tanner	7636	Kategorie:Hexenverfolgung > Gegner der Hexenverfolgung
en	William Lewis (pirate)	7636	Category:Witchcraft > Witchcraft in folklore and mythology > Deal with the Devil
en	Janet Coutts	7629	Category:People executed for witchcraft > Scottish people executed for witchcraft
fr	Tablettes de défixion de Bath	7629	Catégorie:Sorcellerie > Sorcellerie dans l'art et la culture > Tablette de défixion
en	Jacques de Chevanes	7625	Category:European witchcraft > Witchcraft in France
ja	ミンミン!	7619	Category:魔女 > 魔女を題材とした作品 > 魔女を題材とした漫画作品
fr	Marie-Anne Mancini	7613	Catégorie:Sorcellerie > Sorcellerie féminine > Affaire des poisons
en	Inverkeithing witch hunt	7611	Category:Witchcraft > Witch hunting > Early Modern witch hunts
es	Monumento conmemorativo de Steilneset	7611	Categoría:Brujería
en	Mahōtsukai Rosé no Sado Life	7606	Category:Witchcraft > Fiction about witchcraft > Anime and manga about witchcraft
de	Neidhardt von Thüngen	7602	Kategorie:Hexenverfolgung > Täter der Hexenverfolgung
fr	Vauderie d'Arras	7595	Catégorie:Sorcellerie > Procès de sorcellerie > Procès de sorcellerie en France
es	Versailles of the Dead	7591	Categoría:Brujería > Zombis > Zombis en la historieta
fr	La Cité invisible	7591	Catégorie:Sorcellerie > Sorcellerie dans l'art et la culture > Série télévisée sur la sorcellerie
de	Gerda (Mythologie)	7590	Kategorie:Sagengestalt > Germanische Sagengestalt
fr	Courtney Crumrin	7590	Catégorie:Sorcellerie > Sorcellerie dans l'art et la culture > Sorcellerie dans la bande dessinée
de	Eleanor Bone	7588	Kategorie:Hexerei > Hexe
de	Anna Margaretha Schmidt	7583	Kategorie:Hexenverfolgung > Opfer der Hexenverfolgung
fr	Archibald Douglas (8e comte d'Angus)	7579	Catégorie:Sorcellerie > Sorcellerie par lieu > Sorcellerie en Écosse
en	Euphame MacCalzean	7577	Category:People executed for witchcraft > Scottish people executed for witchcraft
es	Ursula Kemp	7577	Categoría:Brujería > Procesos por brujería > Ejecutados por brujería
en	Adam Lesage	7574	Category:Witch trials > People accused of witchcraft
it	Gunung Kawi	7574	Categoria:Stregoneria
de	Leprechaun	7570	Kategorie:Sagengestalt > Keltische Sagengestalt > Irische Sagengestalt
es	Rede	7568	Categoría:Brujería > Wicca
ja	インフェルノ (1980年の映画)	7568	Category:魔女 > 魔女を題材とした作品 > 魔女を題材とした映画作品
en	Imp	7567	Category:European witchcraft
fr	Le Sabbat des sorcières (Goya, 1823)	7561	Catégorie:Sorcellerie > Sorcellerie dans l'art et la culture > Sorcellerie dans la peinture
de	Catherine Repond	7560	Kategorie:Hexenverfolgung > Opfer der Hexenverfolgung
en	Fighting Fantasy: The Warlock of Firetop Mountain	7559	Category:Witchcraft > Fiction about witchcraft > Video games about witchcraft
fr	Matthew Hopkins	7555	Catégorie:Sorcellerie
en	Bloody Mary (folklore)	7549	Category:Witchcraft > Witchcraft in folklore and mythology > Witches in folklore
fr	Docteur Druid	7545	Catégorie:Sorcellerie > Sorcellerie dans l'art et la culture > Magicien ou sorcier de fiction
de	Akazukin Chacha	7544	Kategorie:Hexerei > Hexerei in der Kultur
ja	メアリー・イースティ	7543	Category:魔女 > 魔女術の容疑で処刑された人物
fr	Harper Finkle	7541	Catégorie:Sorcellerie > Sorcellerie dans l'art et la culture > Magicien ou sorcier de fiction
en	Ouvertüre zum "Fliegenden Holländer", wie sie eine schlechte Kurkapelle morgens um 7 am Brunnen vom Blatt spielt	7538	Category:Witchcraft > Curses > Flying Dutchman
sv	Marit Byskrifvers	7532	Kategori:Häxprocesser > Personer som blivit avrättade för häxeri > Personer som blivit avrättade för häxeri i Sverige
de	Christine Teipel	7530	Kategorie:Hexenverfolgung > Opfer der Hexenverfolgung
fr	Jonathan Levinson	7526	Catégorie:Sorcellerie > Sorcellerie dans l'art et la culture > Magicien ou sorcier de fiction
fr	Sorcières Academy	7523	Catégorie:Sorcellerie > Sorcellerie dans l'art et la culture > Série télévisée sur la sorcellerie
de	Steffen von Niederbergheim	7521	Kategorie:Hexenverfolgung > Opfer der Hexenverfolgung
en	Tempestarii	7519	Category:European witchcraft
de	Zauberbubenprozesse in Salzburg	7518	Kategorie:Hexenverfolgung > Hexenverfolgung nach räumlicher Zuordnung
en	Anne Gunter	7518	Category:Witch trials > People accused of witchcraft > People acquitted of witchcraft
de	Hexen (1922)	7511	Kategorie:Hexenverfolgung > Hexenverfolgung in der Kultur
en	Dead as Disco	7508	Category:Witchcraft > Witchcraft in folklore and mythology > Deal with the Devil
fr	30 Coins	7504	Catégorie:Sorcellerie > Sorcellerie dans l'art et la culture > Série télévisée sur la sorcellerie
de	Die Hinzenmännchen	7503	Kategorie:Sagengestalt > Deutsche Sagengestalt
de	Cottingley Fairies	7494	Kategorie:Sagengestalt > Fabelwesen
ru	Эрихто	7491	Категория:Ведьмы
fr	La Sorcellerie à travers les âges	7489	Catégorie:Sorcellerie > Sorcellerie féminine > Film mettant en scène une sorcière
en	Enguerrand de Marigny	7488	Category:People executed for witchcraft > French people executed for witchcraft
de	Aegidius Albertinus	7485	Kategorie:Hexenverfolgung > Täter der Hexenverfolgung > Hexentheoretiker
en	Phi Phong: The Blood Demon	7485	Category:Witchcraft > Fiction about witchcraft > Films about witchcraft
es	Estado profundo en los Estados Unidos	7485	Categoría:Brujería > Satanismo > QAnon
fr	Claude de Vin des Œillets	7480	Catégorie:Sorcellerie > Sorcellerie féminine > Affaire des poisons
en	Snow White (1987 film)	7477	Category:Witchcraft > Fiction about witchcraft > Films about witchcraft
en	Sword at Sunset	7477	Category:Witchcraft > Fiction about witchcraft > Modern Arthurian fiction
es	Veronika de Desenice	7477	Categoría:Brujería > Procesos por brujería
fr	Jerry Russo	7476	Catégorie:Sorcellerie > Sorcellerie dans l'art et la culture > Magicien ou sorcier de fiction
sv	Häxprocessen på Kastelholm	7470	Kategori:Häxprocesser > Häxprocesser i Europa > Häxprocesser i Finland
fr	Féticheur	7468	Catégorie:Sorcellerie > Sorcellerie par lieu > Sorcellerie en Afrique
en	Skin-walker	7467	Category:Witchcraft > American witchcraft
es	Textos de execración	7467	Categoría:Brujería > Maldiciones
en	The Love Potion	7462	Category:Witchcraft > Witches > Witches in art
es	Trina Kuenis	7462	Categoría:Brujería > Brujas (brujería)
es	La poción de amor	7457	Categoría:Brujería > Brujas en el arte
fr	Bibi Blocksberg, l'apprentie sorcière	7455	Catégorie:Sorcellerie > Sorcellerie féminine > Film mettant en scène une sorcière
en	Directorium Inquisitorum	7452	Category:Witchcraft > Witchcraft treatises
de	Each Uisge	7447	Kategorie:Sagengestalt > Keltische Sagengestalt > Schottische Sagengestalt
en	The Warlord Chronicles	7446	Category:Witchcraft > Fiction about witchcraft > Modern Arthurian fiction
en	The Imp Prince	7443	Category:European witchcraft > Imps
en	Curse of the Sea Rats	7440	Category:Witchcraft > Fiction about witchcraft > Video games about witchcraft
es	Asesinato de Elyse Pahler	7438	Categoría:Brujería > Satanismo > Delitos relacionados con el satanismo u ocultismo
de	Gorgonen	7437	Kategorie:Sagengestalt > Fabelwesen > Mischwesen
en	Margo Burns	7437	Category:Witch trials > Witch trials in North America > Salem witch trials
fr	Meneur de loups	7429	Catégorie:Sorcellerie
de	Dr. Strange (1978)	7427	Kategorie:Hexerei > Hexerei in der Kultur > Hexerei im Film
en	Amityville Death House	7426	Category:Witchcraft > Fiction about witchcraft > Films about witchcraft
fr	Maria Holl	7426	Catégorie:Sorcellerie > Procès de sorcellerie > Procès de sorcellerie en Allemagne
ja	奥サマは魔女	7424	Category:魔女 > 魔女を題材とした作品 > 魔女を題材とした映画作品
fr	Société nyongo	7423	Catégorie:Sorcellerie > Sorcellerie par lieu > Sorcellerie en Afrique
en	Witch trials in Iceland	7420	Category:Witch trials > Witch trials in Europe > Witch trials in Iceland
de	Kulhwch	7417	Kategorie:Sagengestalt > Keltische Sagengestalt > Walisische Sagengestalt
en	Gullveig	7417	Category:Witchcraft > Witchcraft in folklore and mythology
en	Haunted (1977 film)	7417	Category:Witchcraft > Fiction about witchcraft > Films about witchcraft
en	Phouoibi Shayon	7417	Category:Witchcraft > Witchcraft in folklore and mythology > Epic cycles of incarnations
en	Ama Hemmah	7401	Category:People executed for witchcraft
de	Lugh	7389	Kategorie:Sagengestalt > Mythischer Herrscher > Legendenhafter Hochkönig Irlands
de	Kikimora	7384	Kategorie:Sagengestalt > Slawische Sagengestalt > Slawische Gottheit
de	Brollachan	7383	Kategorie:Sagengestalt > Fabelwesen
en	William Harding (Virginia witch trials)	7383	Category:Witch trials > Witch trials in North America
de	Dido (Mythologie)	7380	Kategorie:Sagengestalt > Mythischer Herrscher > Königin der griechischen Mythologie
en	Hocus-pocus	7378	Category:Witchcraft > Incantation > Magic words
es	Formicarius	7378	Categoría:Brujería
de	Hayk	7377	Kategorie:Sagengestalt
es	Juana de los Ángeles	7377	Categoría:Brujería > Brujería por país > Brujería en Francia
en	Lady of Avalon	7374	Category:Witchcraft > Fiction about witchcraft > Modern Arthurian fiction
es	Doom 3: BFG Edition	7370	Categoría:Brujería > Satanismo > Videojuegos de satanismo
fr	Nekra	7367	Catégorie:Sorcellerie > Sorcellerie dans l'art et la culture > Magicien ou sorcier de fiction
de	Schad (Familie)	7365	Kategorie:Hexenverfolgung > Opfer der Hexenverfolgung
de	Amabie	7362	Kategorie:Sagengestalt > Fabelwesen > Weibliches Fabelwesen
fr	Taboo (série télévisée)	7362	Catégorie:Sorcellerie > Sorcellerie dans l'art et la culture > Série télévisée sur la sorcellerie
de	Draculas Hexenjagd	7359	Kategorie:Hexenverfolgung > Hexenverfolgung in der Kultur
en	Elizabeth Morse (Newbury witch trials)	7358	Category:Witch trials > Witch trials in North America
de	Coven	7356	Kategorie:Hexerei
en	Genuine (1920 film)	7353	Category:Witchcraft > Fiction about witchcraft > Films about witchcraft
it	Masca	7351	Categoria:Stregoneria
en	The Legend of the Christmas Witch	7348	Category:Witchcraft > Fiction about witchcraft > Films about witchcraft
de	Faunus	7344	Kategorie:Sagengestalt > Fabelwesen > Mischwesen
en	Chained Oak	7342	Category:Witchcraft > Curses
de	Pegasos (Mythologie)	7341	Kategorie:Sagengestalt > Fabelwesen > Fabelwesen (Heraldik)
en	Fatima (d. 1246)	7341	Category:People executed for witchcraft
es	Maldición Kennedy	7341	Categoría:Brujería > Maldiciones
de	Katharina Güschen	7337	Kategorie:Hexenverfolgung > Opfer der Hexenverfolgung
de	Epona (Mythologie)	7336	Kategorie:Sagengestalt > Keltische Sagengestalt > Keltische Gottheit
de	Hexenlager	7333	Kategorie:Hexerei > Moderne Hexenverfolgung
de	Hræsvelgr	7333	Kategorie:Sagengestalt > Germanische Sagengestalt
en	Ghost & Witch	7330	Category:Witchcraft > Fiction about witchcraft > Anime and manga about witchcraft
en	The Triangular Book of St. Germain	7328	Category:Witchcraft > Grimoires
de	Izetta, Die Letzte Hexe	7327	Kategorie:Hexerei > Hexerei in der Kultur > Hexerei im Film
en	María de Yriarte	7327	Category:People executed for witchcraft > Spanish people executed for witchcraft
fr	Grand Schtroumpf	7327	Catégorie:Sorcellerie > Sorcellerie dans l'art et la culture > Magicien ou sorcier de fiction
es	Lilia Calderu	7322	Categoría:Brujería > Brujos ficticios > Brujas de Marvel Comics
de	Taranis	7320	Kategorie:Sagengestalt > Keltische Sagengestalt > Keltische Gottheit
de	San Phra Phum	7318	Kategorie:Sagengestalt > Fabelwesen
de	Charybdis	7318	Kategorie:Sagengestalt > Fabelwesen > Seeungeheuer
en	The Circle (2015 film)	7314	Category:Witchcraft > Fiction about witchcraft > Films about witchcraft
de	Anna Göldin – Letzte Hexe	7312	Kategorie:Hexenverfolgung > Hexenverfolgung in der Kultur
de	Anna Maßmeyer	7311	Kategorie:Hexenverfolgung > Opfer der Hexenverfolgung
fr	Sabrina, l'apprentie sorcière (série télévisée d'animation, 2013)	7308	Catégorie:Sorcellerie > Sorcellerie dans l'art et la culture > Série télévisée sur la sorcellerie
fr	Cursed : La Rebelle	7303	Catégorie:Sorcellerie > Sorcellerie dans l'art et la culture > Série télévisée sur la sorcellerie
en	The Conjuring (song)	7301	Category:Witchcraft > Curses > Fiction about curses
de	Pom Pom	7297	Kategorie:Sagengestalt > Fabelwesen
sv	Häxprocessen i Vardø (1621)	7296	Kategori:Häxprocesser > Häxprocesser i Europa > Häxprocesser i Norge
de	Thomas Erastus	7295	Kategorie:Hexenverfolgung > Täter der Hexenverfolgung > Hexentheoretiker
de	Bibi & Tina – Einfach anders	7293	Kategorie:Hexerei > Hexerei in der Kultur > Hexerei im Film
en	Fuchsia the Mini-Witch	7292	Category:Witchcraft > Fiction about witchcraft > Films about witchcraft
de	Margarethe Rockemann	7285	Kategorie:Hexenverfolgung > Opfer der Hexenverfolgung
en	Dorothea Flock	7284	Category:People executed for witchcraft > German people executed for witchcraft
en	The Flower Book (Edward Burne-Jones)	7283	Category:Witchcraft > Witches > Witches in art
es	Anna Göldin	7275	Categoría:Brujería
de	Grisu, der kleine Drache	7274	Kategorie:Sagengestalt > Fabelwesen > Drache
en	Richilde (fairy tale)	7271	Category:Witchcraft > Fiction about witchcraft > Witchcraft in fairy tales
de	Maria Madlener	7266	Kategorie:Hexenverfolgung > Opfer der Hexenverfolgung
de	Holzfräulein	7260	Kategorie:Sagengestalt > Deutsche Sagengestalt
en	Puddocky	7257	Category:Witchcraft > Fiction about witchcraft > Witchcraft in fairy tales
es	Símbolos mágicos de Islandia	7257	Categoría:Brujería
ja	BULLET WITCH	7257	Category:魔女 > 魔女を題材とした作品 > 魔女を題材としたコンピュータゲーム
de	Philipp Adolf von Ehrenberg	7256	Kategorie:Hexenverfolgung > Täter der Hexenverfolgung
de	Hexen von heute	7253	Kategorie:Hexenverfolgung > Hexenverfolgung in der Kultur
en	Elisabeth Plainacher	7253	Category:People executed for witchcraft > Austrian people executed for witchcraft
es	Brujo	7252	Categoría:Brujería > Brujas (brujería)
it	Giovanna Bonanno	7252	Categoria:Stregoneria > Processi per stregoneria > Processi per stregoneria in Italia
fr	Margaret Jones	7251	Catégorie:Sorcellerie > Sorcellerie par lieu > Sorcellerie en Amérique
fr	Vous êtes sérieuxe ?	7247	Catégorie:Sorcellerie > Sorcellerie dans l'art et la culture > Diable dans la fiction
fr	La Princesse des glaces : le Monde des miroirs magiques	7247	Catégorie:Sorcellerie > Sorcellerie féminine > Film mettant en scène une sorcière
fr	Étienne Guibourg	7246	Catégorie:Sorcellerie > Sorcellerie féminine > Affaire des poisons
ja	怒りの日 (映画)	7246	Category:魔女 > 魔女を題材とした作品 > 魔女を題材とした映画作品
en	Simon, King of the Witches	7243	Category:Witchcraft > Fiction about witchcraft > Films about witchcraft
es	Jane Weir	7241	Categoría:Brujería > Procesos por brujería > Ejecutados por brujería
en	Thomas Schreiber (innkeeper)	7239	Category:People executed for witchcraft > German people executed for witchcraft
es	Complot Antil	7237	Categoría:Brujería > Brujería por país > Brujería en Chile
en	The Princess Mouse: A Tale of Finland	7232	Category:Witchcraft > Fiction about witchcraft > Witchcraft in fairy tales
es	Tlahuelpuchi	7232	Categoría:Brujería
de	Dragon Storm – Die Drachenjäger	7230	Kategorie:Sagengestalt > Drachentöter
de	Hoop snake	7229	Kategorie:Sagengestalt > Fabelwesen > Fabeltier
de	Agnes Gotter	7226	Kategorie:Hexenverfolgung > Opfer der Hexenverfolgung
fr	Penelope (film, 2006)	7224	Catégorie:Sorcellerie > Sorcellerie féminine > Film mettant en scène une sorcière
de	Helena Curtens	7222	Kategorie:Hexenverfolgung > Opfer der Hexenverfolgung
es	Anne Palles	7221	Categoría:Brujería > Procesos por brujería > Ejecutados por brujería
en	Madam Koi Koi	7214	Category:Witchcraft > Witchcraft in folklore and mythology > Witches in folklore
de	Caladrius	7211	Kategorie:Sagengestalt > Fabelwesen > Fabeltier
fr	Les Sorcières de Zugarramurdi	7211	Catégorie:Sorcellerie > Sorcellerie féminine > Film mettant en scène une sorcière
de	Witches	7207	Kategorie:Hexerei > Hexerei in der Kultur > Hexerei im Film
fr	Sorcières de North Berwick	7207	Catégorie:Sorcellerie > Sorcellerie féminine > Sorcière
en	Witch ball	7204	Category:Witchcraft > American witchcraft
de	Neeltje Andries	7195	Kategorie:Hexenverfolgung > Opfer der Hexenverfolgung
fr	Élus Coëns	7193	Catégorie:Sorcellerie > Organisation qui s'intéresse à la magie
de	Smei Gorynytsch	7192	Kategorie:Sagengestalt > Slawische Sagengestalt
en	Doruchów witch trial	7190	Category:Witch trials > Witch trials in Europe > Witch trials in Poland
en	Nicholas Rémy	7188	Category:European witchcraft > Witchcraft in France
en	Bad Voodoo	7183	Category:Witchcraft > American witchcraft
en	House of the Black Death	7183	Category:Witchcraft > Fiction about witchcraft > Films about witchcraft
de	Pwyll	7180	Kategorie:Sagengestalt > Keltische Sagengestalt > Walisische Sagengestalt
de	Hermann Cothmann	7178	Kategorie:Hexenverfolgung > Täter der Hexenverfolgung
en	Witchville	7177	Category:Witchcraft > Fiction about witchcraft > Films about witchcraft
de	Conall Cernach	7176	Kategorie:Sagengestalt > Keltische Sagengestalt > Irische Sagengestalt
en	Minoria	7174	Category:Witchcraft > Fiction about witchcraft > Video games about witchcraft
sv	Marrite Thamisdatter	7170	Kategori:Häxprocesser > Personer som blivit avrättade för häxeri
es	Juicios de brujas en los Países Bajos españoles	7169	Categoría:Brujería > Procesos por brujería > Juicios por brujería en España
en	Exerizer	7168	Category:Witchcraft > Fiction about witchcraft > Video games about witchcraft
en	Book of the Dead (Art Institute of Chicago)	7166	Category:Witchcraft > Incantation > Book of the Dead
en	Katarzyna Paprocka	7164	Category:Witch trials > People accused of witchcraft
es	Elisabeth Plainacher	7163	Categoría:Brujería > Procesos por brujería > Ejecutados por brujería
en	Witch's ladder	7162	Category:European witchcraft
fr	Kot Baïoun	7162	Catégorie:Sorcellerie > Magicien ou sorcier de légende
de	Goatman	7161	Kategorie:Sagengestalt > Fabelwesen > Mischwesen
sv	Elin i Horsnäs	7156	Kategori:Häxprocesser > Häxprocesser i Europa > Häxprocesser i Sverige
en	The Sworn Book of Honorius	7155	Category:Witchcraft > Grimoires > Goetic grimoires
en	Allison Gross	7154	Category:Witchcraft > Fiction about witchcraft > Songs about witches
es	Volpina	7153	Categoría:Brujería > Brujería en la ficción > Brujería en cine y televisión
de	Hester Jonas	7151	Kategorie:Hexenverfolgung > Opfer der Hexenverfolgung
en	Exvania	7132	Category:Witchcraft > Fiction about witchcraft > Video games about witchcraft
fr	Doctor Fate	7129	Catégorie:Sorcellerie > Sorcellerie dans l'art et la culture > Magicien ou sorcier de fiction
en	Witch trials in the Spanish Netherlands	7128	Category:Witch trials > Witch trials in Europe > Witch trials in the Netherlands
fr	Ministère du Combat spirituel	7125	Catégorie:Sorcellerie > Sorcellerie contemporaine
de	Mišter Krabat	7114	Kategorie:Hexerei > Hexerei in der Kultur > Hexerei in Kunst und Literatur
en	Witch trials in France	7113	Category:European witchcraft > Witchcraft in France
es	Katarzyna Paprocka	7109	Categoría:Brujería > Brujas (brujería) > Personas acusadas de brujería
fr	Taoueille	7108	Catégorie:Sorcellerie > Magicien ou sorcier de légende
de	Grinkenschmied (Köln)	7105	Kategorie:Sagengestalt > Deutsche Sagengestalt
de	Ascanius	7105	Kategorie:Sagengestalt > Mythischer Herrscher > König der griechischen Mythologie
de	Hans von Sagan	7104	Kategorie:Sagengestalt
en	Witch trials in Norway	7104	Category:Witch trials > Witch trials in Europe > Witch trials in Norway
ja	シュガール	7104	Category:魔女
sv	Häxprocesser i Danmark	7102	Kategori:Häxprocesser > Häxprocesser i Europa > Häxprocesser i Danmark
de	Hermann Neuwalt	7100	Kategorie:Hexenverfolgung > Täter der Hexenverfolgung > Hexentheoretiker
de	Krzysztof Opaliński	7096	Kategorie:Hexenverfolgung > Gegner der Hexenverfolgung
de	Lugus (Gottheit)	7090	Kategorie:Sagengestalt > Keltische Sagengestalt > Keltische Gottheit
de	Gelert	7083	Kategorie:Sagengestalt
fr	Mayfair Witches	7073	Catégorie:Sorcellerie > Sorcellerie dans l'art et la culture > Série télévisée sur la sorcellerie
en	Sæmundr fróði	7070	Category:Witchcraft > Witchcraft in folklore and mythology > Deal with the Devil
it	Cattie-brie	7069	Categoria:Stregoneria > Stregoni immaginari
en	Kediri curse	7066	Category:Witchcraft > Curses
es	Juicios por brujería en España	7066	Categoría:Brujería > Brujería por país > Brujería en España
ja	リーゼロッテと魔女の森	7064	Category:魔女 > 魔女を題材とした作品 > 魔女を題材とした漫画作品
en	Shtriga	7059	Category:Witchcraft > Witchcraft in folklore and mythology
en	Fort Grey	7056	Category:European witchcraft > Witches' Sabbath
fr	Jeanne Panne	7053	Catégorie:Sorcellerie > Procès de sorcellerie > Personnalité condamnée pour sorcellerie
fr	Polydamna	7048	Catégorie:Sorcellerie > Magicien ou sorcier de légende > Magicien de la mythologie grecque
de	Die Hexe von Ahnsbeck	7047	Kategorie:Hexenverfolgung > Hexenverfolgung in der Kultur > Hexenverfolgung in der Literatur
de	Elisabeth von Doberschütz	7046	Kategorie:Hexenverfolgung > Opfer der Hexenverfolgung
en	Fady (taboo)	7046	Category:Witchcraft > Curses > Taboo
es	Barzaz Breiz	7045	Categoría:Brujería > Brujería en la ficción > Obras literarias modernas de la materia de Bretaña
es	Seax-Wica	7045	Categoría:Brujería > Wicca > Tradiciones wiccanas
en	Possession of Clarita Villanueva	7044	Category:Witchcraft > Curses > Demonic possession
en	Koji Kashin	7041	Category:Witchcraft > Witchcraft in folklore and mythology
es	Agnes Sampson	7041	Categoría:Brujería > Procesos por brujería > Ejecutados por brujería
fr	Warlock: The Armageddon	7040	Catégorie:Sorcellerie > Sorcellerie dans l'art et la culture > Magicien ou sorcier de fiction
es	Thomas Schreiber (posadero)	7036	Categoría:Brujería > Procesos por brujería > Ejecutados por brujería
en	The One-Handed Girl	7035	Category:Witchcraft > Fiction about witchcraft > Witchcraft in fairy tales
de	Horror Infernal	7028	Kategorie:Hexerei > Hexerei in der Kultur > Hexerei im Film
en	Thank you	7023	Category:Witchcraft > Incantation > Magic words
en	Hansel and Gretel (2002 film)	7021	Category:Witchcraft > Fiction about witchcraft > Films about witchcraft
en	Jewish male menstruation	7019	Category:Witchcraft > Curses
es	El hombre propone, Dios dispone	7019	Categoría:Brujería > Maldiciones
en	Steilneset Memorial	7018	Category:Witch trials > Witch trials in Europe > Witch trials in Norway
en	Ann Pudeator	7017	Category:People executed for witchcraft > American people executed for witchcraft > People executed in the Salem witch trials
de	Witchcraft – Das Böse lebt	7013	Kategorie:Hexerei > Hexerei in der Kultur > Hexerei im Film
de	Die Seelen im Feuer	7012	Kategorie:Hexenverfolgung > Hexenverfolgung in der Kultur
de	Amletus	7012	Kategorie:Sagengestalt
de	Burkart Keller	7011	Kategorie:Sagengestalt > Deutsche Sagengestalt
es	La bruja del ámbar (novela)	7003	Categoría:Brujería > Brujas en el arte
en	Herman Slater	7001	Category:Witchcraft > Judaism and witchcraft > Wiccans of Jewish descent
en	Anne Palles	6997	Category:People executed for witchcraft > Danish people executed for witchcraft
de	Reiner Biewer	6995	Kategorie:Hexenverfolgung > Täter der Hexenverfolgung
en	Grand Monster Slam	6992	Category:European witchcraft > Imps
it	Orko	6992	Categoria:Stregoneria > Stregoni immaginari
de	Bärbel von Ottenheim	6991	Kategorie:Hexenverfolgung > Opfer der Hexenverfolgung
ja	ジャン・ボダン	6988	Category:魔女 > 魔女狩り人
de	Hexenprozess von Fürsteneck	6986	Kategorie:Hexenverfolgung > Hexenverfolgung nach räumlicher Zuordnung > Hexenprozesse in Deutschland
en	Mahakaal (1994 film)	6983	Category:Witchcraft > Fiction about witchcraft > Films about witchcraft
es	Ana Calthorpe	6976	Categoría:Brujería > Brujas (brujería) > Personas acusadas de brujería
de	Susanne und der Zauberring	6969	Kategorie:Hexerei > Hexerei in der Kultur > Hexerei im Film
it	Notte di San Giovanni	6968	Categoria:Stregoneria
en	The Sword of Moses	6967	Category:Witchcraft > Grimoires > Jewish grimoires
es	Maria Bertoletti Toldini	6967	Categoría:Brujería > Procesos por brujería > Ejecutados por brujería
es	John Proctor	6964	Categoría:Brujería > Procesos por brujería > Ejecutados por brujería
fr	Astrum Argentum	6959	Catégorie:Sorcellerie > Organisation qui s'intéresse à la magie
de	Eleanor Cobham	6958	Kategorie:Hexenverfolgung > Opfer der Hexenverfolgung
ru	Ведьмы Анаги	6956	Категория:Ведьмы
en	Jhonathan and the Witchs	6953	Category:Witchcraft > Fiction about witchcraft > Witchcraft in fairy tales
de	Gradlon	6952	Kategorie:Sagengestalt > Mythischer Herrscher
de	Pērkons	6950	Kategorie:Sagengestalt > Baltische Sagengestalt > Baltische Gottheit
en	Dannie Druehyld	6947	Category:Witchcraft > Witches
en	Anna Zippel	6945	Category:People executed for witchcraft > Swedish people executed for witchcraft
en	The Little Emperors	6939	Category:Witchcraft > Fiction about witchcraft > Modern Arthurian fiction
fr	I Am Not a Witch	6935	Catégorie:Sorcellerie > Sorcellerie dans l'art et la culture > Film sur la sorcellerie
de	Heinrich Rimphoff	6932	Kategorie:Hexenverfolgung > Täter der Hexenverfolgung
de	Nuckelavee	6931	Kategorie:Sagengestalt > Fabelwesen
fr	Mary Butters	6931	Catégorie:Sorcellerie > Procès de sorcellerie
fr	Yensid	6931	Catégorie:Sorcellerie > Sorcellerie dans l'art et la culture > Magicien ou sorcier de fiction
en	Jacob Sprenger	6929	Category:Witchcraft > Witch hunting > Supporters of witch hunting
es	Elizabeth Clarke	6929	Categoría:Brujería > Procesos por brujería > Ejecutados por brujería
de	Bidadari	6921	Kategorie:Sagengestalt > Fabelwesen > Geistwesen
fr	The Jane Doe Identity	6918	Catégorie:Sorcellerie > Sorcellerie féminine > Film mettant en scène une sorcière
de	Wildes Haggis	6914	Kategorie:Sagengestalt > Fabelwesen > Fabeltier
en	Northamptonshire witch trials	6913	Category:Witch trials > Witch trials in Europe > Witch trials in England
de	Gwendolen	6912	Kategorie:Sagengestalt > Keltische Sagengestalt
en	Paul Boyer (historian)	6912	Category:Witchcraft > Historians of witchcraft
en	The Phantom Ship	6912	Category:Witchcraft > Curses > Flying Dutchman
en	Maud Galt	6910	Category:Witch trials > Witch trials in Europe > Witch trials in Scotland
es	Monte Ebal	6903	Categoría:Brujería > Maldiciones
de	Birutė (Großfürstin)	6900	Kategorie:Sagengestalt > Baltische Sagengestalt > Baltische Gottheit
en	The Laidly Worm of Spindleston Heugh	6900	Category:Witchcraft > Fiction about witchcraft > Witchcraft in fairy tales
de	Kinyras	6898	Kategorie:Sagengestalt > Mythischer Herrscher > König der griechischen Mythologie
de	Minotauros	6892	Kategorie:Sagengestalt > Fabelwesen > Mischwesen
it	Heinrich Kramer	6891	Categoria:Stregoneria
es	Return to Halloweentown	6888	Categoría:Brujería > Brujería en la ficción > Brujería en cine y televisión
it	Elphaba	6888	Categoria:Stregoneria > Streghe nelle opere di fantasia
it	Figlia di Warlock	6884	Categoria:Stregoneria > Streghe nelle opere di fantasia
es	Twitches Too	6881	Categoría:Brujería > Brujería en la ficción > Brujería en cine y televisión
en	The Bones of Avalon	6880	Category:Witchcraft > Fiction about witchcraft > Modern Arthurian fiction
de	Max Gandolf von Kuenburg	6879	Kategorie:Hexenverfolgung > Täter der Hexenverfolgung
es	Anna Zippel	6877	Categoría:Brujería > Procesos por brujería > Ejecutados por brujería
en	King Stakh's Wild Hunt	6876	Category:Witchcraft > Curses > Fiction about curses
en	The Ram (fairy tale)	6875	Category:Witchcraft > Fiction about witchcraft > Witchcraft in fairy tales
en	The Halloween That Almost Wasn't	6870	Category:Witchcraft > Fiction about witchcraft > Films about witchcraft
de	Krabat (1977)	6863	Kategorie:Hexerei > Hexerei in der Kultur > Hexerei im Film
de	Fergus mac Róich	6861	Kategorie:Sagengestalt > Keltische Sagengestalt > Irische Sagengestalt
de	Steirisches Wappen	6857	Kategorie:Sagengestalt > Fabelwesen > Fabelwesen (Heraldik)
it	Dissertazioni sopra le apparizioni de' spiriti, e sopra i vampiri, o i redivivi d'Ungheria, di Moravia e di Silesia	6857	Categoria:Stregoneria > Opere letterarie sulla stregoneria
en	Mother Carey	6849	Category:Witchcraft > Witchcraft in folklore and mythology > Witches in folklore
de	Kullervo	6848	Kategorie:Sagengestalt
en	The Witches' Almanac	6846	Category:Witchcraft > Modern witchcraft
en	August curse	6845	Category:Witchcraft > Curses
en	Louise Yeoman	6845	Category:Witchcraft > Historians of witchcraft
it	Fata cattiva	6844	Categoria:Stregoneria > Streghe nelle opere di fantasia
de	Dolasilla	6843	Kategorie:Sagengestalt > Weibliche Sagengestalt
en	Eunice Cole	6842	Category:Witch trials > People accused of witchcraft
es	La hora de las brujas	6837	Categoría:Brujería > Brujos ficticios
ja	ウィッチ (映画)	6837	Category:魔女 > 魔女を題材とした作品 > 魔女を題材とした映画作品
en	The Witch (song)	6836	Category:Witchcraft > Fiction about witchcraft > Songs about witches
en	Northern Moravia witch trials	6834	Category:Witch trials > Witch trials in Europe
fr	Benandante	6830	Catégorie:Sorcellerie
de	Svarožić	6826	Kategorie:Sagengestalt > Slawische Sagengestalt > Slawische Gottheit
fr	Jean-Baptiste Girard (jésuite)	6812	Catégorie:Sorcellerie > Procès de sorcellerie > Procès de sorcellerie en France
fr	Le Secret de Sabrina	6810	Catégorie:Sorcellerie > Sorcellerie dans l'art et la culture > Série télévisée sur la sorcellerie
fr	La Terreur des Banshee	6807	Catégorie:Sorcellerie > Sorcellerie féminine > Film mettant en scène une sorcière
en	Simon and the Witch	6802	Category:Witchcraft > Fiction about witchcraft > Television shows about witchcraft
de	Eva Hohenschildin	6801	Kategorie:Hexenverfolgung > Opfer der Hexenverfolgung
de	Sabrina und die Zauberhexen	6800	Kategorie:Hexerei > Hexerei in der Kultur > Hexerei im Film
de	Cornelius Pleier	6795	Kategorie:Hexenverfolgung > Gegner der Hexenverfolgung
es	Euphame MacCalzean	6793	Categoría:Brujería > Procesos por brujería > Ejecutados por brujería
en	Sacred Evil – A True Story	6788	Category:Witchcraft > Fiction about witchcraft > Films about witchcraft
de	Mont Saint-Michel (Vogesen)	6785	Kategorie:Hexenverfolgung > Hexenverfolgung in der Kultur
fr	Chris Halliwell	6785	Catégorie:Sorcellerie > Sorcellerie dans l'art et la culture > Magicien ou sorcier de fiction
en	Entgen Luijten	6784	Category:Witch trials > People accused of witchcraft
es	The Hands Resist Him	6778	Categoría:Brujería > Maldiciones
en	Mystik Belle	6777	Category:Witchcraft > Fiction about witchcraft > Video games about witchcraft
en	Queen of Camelot	6767	Category:Witchcraft > Fiction about witchcraft > Modern Arthurian fiction
de	Hermann Wilken	6766	Kategorie:Hexenverfolgung > Gegner der Hexenverfolgung
de	Flying Witch	6766	Kategorie:Hexerei > Hexerei in der Kultur > Hexerei im Film
es	Maria Holl	6766	Categoría:Brujería > Procesos por brujería
de	Die Mobesin	6762	Kategorie:Hexerei > Hexe
en	Witches' Sabbath (Goya, 1798)	6762	Category:European witchcraft > Witches' Sabbath
es	Ottis Toole	6760	Categoría:Brujería > Satanismo > Delitos relacionados con el satanismo u ocultismo
it	Rangda	6758	Categoria:Stregoneria
fr	Witchcraft Acts	6752	Catégorie:Sorcellerie > Loi sur la sorcellerie
en	Rottweil witch trials	6748	Category:Witch trials > Witch trials in Europe > Witch trials in Germany
en	Tigers of the Sea	6747	Category:Witchcraft > Fiction about witchcraft > Modern Arthurian fiction
de	Lancelot	6744	Kategorie:Sagengestalt > Ritter der Tafelrunde
en	Death at Love House	6743	Category:Witchcraft > Fiction about witchcraft > Films about witchcraft
de	Hans Fründ	6737	Kategorie:Hexenverfolgung > Gegner der Hexenverfolgung
it	Clea (personaggio)	6737	Categoria:Stregoneria > Stregoni immaginari
de	Georg Friedrich von Greiffenclau zu Vollrads	6735	Kategorie:Hexenverfolgung > Täter der Hexenverfolgung
fr	Justin Russo	6734	Catégorie:Sorcellerie > Sorcellerie dans l'art et la culture > Magicien ou sorcier de fiction
it	Vecna (Dungeons & Dragons)	6731	Categoria:Stregoneria > Stregoni immaginari
de	David Clauss der Ältere	6727	Kategorie:Hexenverfolgung > Täter der Hexenverfolgung
de	Jakob von Kleist	6726	Kategorie:Hexenverfolgung > Täter der Hexenverfolgung
en	Incubus (2006 film)	6726	Category:Witchcraft > Curses > Demonic possession
en	Wilhelmine von Grävenitz	6726	Category:Witch trials > Witch trials in Europe > Witch trials in Germany
en	Caterina Freixa	6723	Category:Witch trials > People accused of witchcraft
en	JumpStart Adventures 4th Grade: Haunted Island	6722	Category:Witchcraft > Fiction about witchcraft > Video games about witchcraft
fr	Akelarre (mythologie basque)	6718	Catégorie:Sorcellerie > Sorcellerie par lieu > Sorcellerie en France
ja	魔女娘ViVian	6718	Category:魔女 > 魔女を題材とした作品 > 魔女を題材とした漫画作品
en	The Story of the Grail and the Passing of King Arthur	6716	Category:Witchcraft > Fiction about witchcraft > Modern Arthurian fiction
en	Cornelius Loos	6713	Category:Witchcraft > Witch hunting > Critics of witch hunting
ja	魔女は16才	6713	Category:魔女 > 魔女を題材とした作品 > 魔女を題材とした映画作品
en	Hansel and Gretel (1987 film)	6708	Category:Witchcraft > Fiction about witchcraft > Films about witchcraft
en	Priestess of Avalon	6701	Category:Witchcraft > Fiction about witchcraft > Modern Arthurian fiction
fr	Sophie la sorcière	6699	Catégorie:Sorcellerie > Sorcellerie dans l'art et la culture > Série télévisée sur la sorcellerie
es	Catalina Carlota De la Gardie	6695	Categoría:Brujería > Brujería por país > Brujería en Suecia
de	Gayomarth	6693	Kategorie:Sagengestalt > Mythischer Herrscher
fr	Lauterfresser	6692	Catégorie:Sorcellerie > Procès de sorcellerie > Personnalité condamnée pour sorcellerie
en	The Necklace of Princess Fiorimonde	6690	Category:Witchcraft > Fiction about witchcraft > Witchcraft in fairy tales
en	Forfar Witch Trials	6689	Category:Witch trials > Witch trials in Europe > Witch trials in Scotland
en	House of Salem	6686	Category:Witchcraft > Fiction about witchcraft > Films about witchcraft
fr	Myrddin Wyllt	6683	Catégorie:Sorcellerie > Magicien ou sorcier de légende > Merlin
en	Molfar	6675	Category:European witchcraft > Witchcraft in Ukraine
en	Kyteler's Inn	6675	Category:Witch trials > Witch trials in Europe > Witch trials in Ireland
en	Satanism and Witchcraft (book)	6673	Category:European witchcraft
de	Lauterfresser	6672	Kategorie:Hexenverfolgung > Opfer der Hexenverfolgung
es	Cathelyne van den Bulcke	6672	Categoría:Brujería > Procesos por brujería > Ejecutados por brujería
en	Anna Eriksdotter	6670	Category:People executed for witchcraft > Swedish people executed for witchcraft
de	Yowie	6669	Kategorie:Sagengestalt > Fabelwesen
de	Bibi Blocksberg und das Geheimnis der blauen Eulen	6668	Kategorie:Hexerei > Hexerei in der Kultur > Hexerei im Film
fr	Lankester Merrin	6660	Catégorie:Sorcellerie > Sorcellerie dans l'art et la culture > Diable dans la fiction
de	Hexenturm (Salzburg)	6656	Kategorie:Hexenverfolgung > Hexenverfolgung in der Kultur
en	Andrew Gow (historian)	6652	Category:Witchcraft > Historians of witchcraft
de	Hödeken	6647	Kategorie:Sagengestalt > Deutsche Sagengestalt
en	Leatherlips	6646	Category:People executed for witchcraft > American people executed for witchcraft
en	Janet Horne	6642	Category:People executed for witchcraft > Scottish people executed for witchcraft
es	Halloweentown	6637	Categoría:Brujería > Brujería en la ficción > Brujería en cine y televisión
fr	Galdr	6636	Catégorie:Sorcellerie
en	Lying-in	6631	Category:Witchcraft > Curses > Taboo
en	Kotodama	6630	Category:Witchcraft > Incantation > Magic words
sv	Anna Persdotter (död 1670)	6629	Kategori:Häxprocesser > Personer som blivit avrättade för häxeri > Personer som blivit avrättade för häxeri i Sverige
fr	Philtre d'amour	6628	Catégorie:Sorcellerie
it	Malvagia Strega dell'Est	6624	Categoria:Stregoneria > Streghe nelle opere di fantasia
de	Hexe Lilli – Die Reise nach Mandolan	6623	Kategorie:Hexerei > Hexerei in der Kultur > Hexerei im Film
es	Enjuiciamiento: El Caso McMartin	6623	Categoría:Brujería > Satanismo > Abuso ritual satánico
fr	Peter Binsfeld	6619	Catégorie:Sorcellerie
it	Anna Maria Schwegelin	6618	Categoria:Stregoneria > Processi per stregoneria > Persone condannate per stregoneria
en	Magdelaine Bavent	6616	Category:Witchcraft > Witches
ja	ことのはの巫女とことだまの魔女と	6613	Category:魔女 > 魔女を題材とした作品 > 魔女を題材とした漫画作品
en	Ranarama	6612	Category:Witchcraft > Fiction about witchcraft > Video games about witchcraft
en	Hansel & Gretel Get Baked	6611	Category:Witchcraft > Fiction about witchcraft > Films about witchcraft
de	Etoro	6609	Kategorie:Hexerei > Moderne Hexenverfolgung
de	Nukekubi	6608	Kategorie:Sagengestalt > Fabelwesen > Blutsauger
es	Abigail Williams (Juicios de Salem)	6608	Categoría:Brujería > Procesos por brujería > Juicios por brujería de Salem
ja	バーバ・ヤーガ	6608	Category:魔女
en	Witchfire	6601	Category:Witchcraft > Fiction about witchcraft > Video games about witchcraft
ja	魔法円	6600	Category:魔女 > ウイッカ
fr	William Phips	6599	Catégorie:Sorcellerie > Sorcellerie féminine > Procès des sorcières de Salem
sv	Häxprocesserna i Salem	6596	Kategori:Häxprocesser > Häxprocesser i Nordamerika > Häxprocessen i Salem
de	Agnes Sampson	6595	Kategorie:Hexenverfolgung > Opfer der Hexenverfolgung
en	Grissel Jaffray	6594	Category:People executed for witchcraft > Scottish people executed for witchcraft
fr	Prophéties de Merlin	6593	Catégorie:Sorcellerie > Magicien ou sorcier de légende > Merlin
en	Knight Life	6592	Category:Witchcraft > Fiction about witchcraft > Modern Arthurian fiction
de	Ludolf Lange (Theologe)	6591	Kategorie:Hexenverfolgung > Täter der Hexenverfolgung
ja	アグネス・ベルナウアー	6591	Category:魔女 > 魔女術の容疑で処刑された人物
en	Rebecca Fowler	6590	Category:People executed for witchcraft > American people executed for witchcraft
de	John Henry (Volksheld)	6588	Kategorie:Sagengestalt
it	Xandu	6588	Categoria:Stregoneria > Stregoni immaginari
de	Der Elfstier	6585	Kategorie:Sagengestalt
en	Mystic Towers	6584	Category:Witchcraft > Fiction about witchcraft > Video games about witchcraft
de	Der kleine Zauberer und die große Fünf	6581	Kategorie:Hexerei > Hexerei in der Kultur > Hexerei im Film
en	Ecstatica	6580	Category:Witchcraft > Fiction about witchcraft > Video games about witchcraft
en	Solomon's Key 2	6579	Category:Witchcraft > Fiction about witchcraft > Video games about witchcraft
fr	Vol de sexe	6579	Catégorie:Sorcellerie > Sorcellerie par lieu > Sorcellerie en Afrique
en	Spellcasting 201: The Sorcerer's Appliance	6576	Category:Witchcraft > Fiction about witchcraft > Video games about witchcraft
de	Jaquette de Clause	6575	Kategorie:Hexenverfolgung > Opfer der Hexenverfolgung
de	Die letzten Hexen von Blackbird Castle	6575	Kategorie:Hexenverfolgung > Hexenverfolgung in der Kultur > Hexenverfolgung in der Literatur
de	Gareth	6572	Kategorie:Sagengestalt > Ritter der Tafelrunde
en	Buda (folklore)	6572	Category:Witchcraft > African witchcraft
en	Aramaic Uruk incantation	6572	Category:Witchcraft > Incantation
es	Hail Satan?	6566	Categoría:Brujería > Satanismo
es	Brocken	6564	Categoría:Brujería > Brujería por país > Brujería en Alemania
fr	Skyclad (néopaganisme)	6563	Catégorie:Sorcellerie > Sorcellerie contemporaine > Wicca
en	Crispina Peres	6557	Category:Witch trials > People accused of witchcraft > People convicted of witchcraft
en	Mary Butters	6556	Category:Witch trials > People accused of witchcraft
de	Maria Pauer	6554	Kategorie:Hexenverfolgung > Opfer der Hexenverfolgung
ja	聖骸の魔女	6551	Category:魔女 > 魔女を題材とした作品 > 魔女を題材とした漫画作品
de	Aku Aku (Geistwesen)	6550	Kategorie:Sagengestalt > Fabelwesen > Geistwesen
en	Lethal Xcess	6548	Category:Witchcraft > Fiction about witchcraft > Video games about witchcraft
en	Curse of 39	6544	Category:Witchcraft > Curses
de	H. C. Erik Midelfort	6542	Kategorie:Hexenverfolgung > Sachliteratur (Hexenverfolgung)
it	Billie Jenkins	6542	Categoria:Stregoneria > Streghe nelle opere di fantasia
ru	Ингрид Ильва	6542	Категория:Ведьмы
fr	In Fabric	6540	Catégorie:Sorcellerie > Sorcellerie féminine > Film mettant en scène une sorcière
fr	Girolamo Tartarotti	6539	Catégorie:Sorcellerie
de	Ahvardua	6530	Kategorie:Sagengestalt > Keltische Sagengestalt > Keltische Gottheit
en	The Enchanted Wreath	6530	Category:Witchcraft > Fiction about witchcraft > Witchcraft in fairy tales
de	Väterchen Frost	6529	Kategorie:Sagengestalt > Slawische Sagengestalt
en	Maren Spliid	6524	Category:People executed for witchcraft > Danish people executed for witchcraft
de	Hexenfinder	6521	Kategorie:Hexenverfolgung
ja	マホマホだいぼうけん	6521	Category:魔女 > 魔女を題材とした作品
de	Heinrich Kerkmann	6517	Kategorie:Hexenverfolgung > Täter der Hexenverfolgung
en	Anna Simonsdotter Hack	6513	Category:People executed for witchcraft > Swedish people executed for witchcraft
fr	Billie Jenkins	6510	Catégorie:Sorcellerie > Sorcellerie dans l'art et la culture > Magicien ou sorcier de fiction
es	Thomas Weir	6509	Categoría:Brujería > Procesos por brujería > Ejecutados por brujería
de	Reginald Scot	6505	Kategorie:Hexenverfolgung > Gegner der Hexenverfolgung
en	Europe's Inner Demons	6502	Category:Witchcraft > Books about witchcraft > History books about witchcraft
en	Alice Nutter (alleged witch)	6501	Category:People executed for witchcraft > English people executed for witchcraft
de	Rannamaari	6499	Kategorie:Sagengestalt > Fabelwesen > Seeungeheuer
ja	ディアナとエンデュミオン	6499	Category:魔女 > ディアーナ
en	Glavendrup stone	6498	Category:Witchcraft > Curses > Runestones with curses
ja	スザンナ・マーティン	6498	Category:魔女 > 魔女術の容疑で処刑された人物
it	Gargamella	6495	Categoria:Stregoneria > Stregoni immaginari
de	Der Hexenrichter	6490	Kategorie:Hexenverfolgung > Hexenverfolgung in der Kultur
de	Hexenverfolgung in Geseke	6490	Kategorie:Hexenverfolgung > Hexenverfolgung nach räumlicher Zuordnung > Hexenprozesse in Deutschland
de	Julio Caro Baroja	6488	Kategorie:Hexenverfolgung > Sachliteratur (Hexenverfolgung)
de	Cei fab Cynyr	6488	Kategorie:Sagengestalt > Ritter der Tafelrunde
de	Ixion (König der Lapithen)	6488	Kategorie:Sagengestalt > Mythischer Herrscher > König der griechischen Mythologie
de	Hänsel und Gretel (2006)	6484	Kategorie:Hexenverfolgung > Hexenverfolgung in der Kultur
de	Johann Jakob von Beck	6481	Kategorie:Hexenverfolgung > Täter der Hexenverfolgung
es	Adrienne d'Heur	6481	Categoría:Brujería > Procesos por brujería > Ejecutados por brujería
it	La straniera (romanzo)	6480	Categoria:Stregoneria > Opere letterarie sulla stregoneria > Romanzi sulla stregoneria
de	Zauberhafte Schwestern 2	6478	Kategorie:Hexerei > Hexerei in der Kultur > Hexerei im Film
de	Cait Sith	6475	Kategorie:Sagengestalt > Keltische Sagengestalt > Schottische Sagengestalt
fr	Les Nuits d'amour des sorcières	6473	Catégorie:Sorcellerie > Sorcellerie dans l'art et la culture > Film sur la sorcellerie
de	Ratatöskr	6472	Kategorie:Sagengestalt > Germanische Sagengestalt
en	Galactorrhea	6472	Category:European witchcraft
en	Prättäkitti	6471	Category:European witchcraft > Witchcraft in Finland
fr	Hermogène (magicien)	6468	Catégorie:Sorcellerie > Magicien ou sorcier de légende
de	Die Harmonie der Welt	6466	Kategorie:Hexenverfolgung > Hexenverfolgung in der Kultur
de	Mette Fliß	6462	Kategorie:Hexenverfolgung > Opfer der Hexenverfolgung
es	Brujas de Villanúa	6461	Categoría:Brujería > Brujería por país > Brujería en España
en	Nyongo society	6457	Category:Witchcraft > African witchcraft
de	Maria Holl (Hexenprozess)	6454	Kategorie:Hexenverfolgung > Opfer der Hexenverfolgung
de	Draupadi	6454	Kategorie:Sagengestalt > Weibliche Sagengestalt
en	Zauber-Bibliothek	6454	Category:Witchcraft
fr	Saint-Yves-de-Vérité	6454	Catégorie:Sorcellerie
de	Gnom, Eisenbahn betrachtend	6452	Kategorie:Sagengestalt > Fabelwesen > Zwerg
de	Katzenveit	6448	Kategorie:Sagengestalt > Deutsche Sagengestalt
en	The Winter Prince	6447	Category:Witchcraft > Fiction about witchcraft > Modern Arthurian fiction
en	Nine Herbs Charm	6447	Category:Witchcraft > Incantation > Anglo-Saxon metrical charms
de	Daidarabotchi	6442	Kategorie:Sagengestalt > Fabelwesen > Riese
de	Remigius Mans	6441	Kategorie:Sagengestalt
de	George und das Ei des Drachen	6441	Kategorie:Sagengestalt > Drachentöter
de	Porevit	6437	Kategorie:Sagengestalt > Slawische Sagengestalt > Slawische Gottheit
en	Noa-name	6437	Category:Witchcraft > Curses > Taboo
de	Adler am nordischen Weltenbaum	6431	Kategorie:Sagengestalt > Germanische Sagengestalt
en	Jeanette Abadie	6429	Category:Witch trials > Witch trials in Europe > Witch trials in France
fr	Le Démon dans la chair	6424	Catégorie:Sorcellerie > Sorcellerie féminine > Film mettant en scène une sorcière
ja	スガラムルディ	6421	Category:魔女
es	Primera Iglesia Satánica	6418	Categoría:Brujería > Satanismo > Iglesia de Satán
de	Conan Meriadoc	6417	Kategorie:Sagengestalt > Mythischer Herrscher
de	Jolinchen	6415	Kategorie:Sagengestalt > Fabelwesen > Drache
en	Niels Hemmingsen	6415	Category:European witchcraft > Witchcraft in Denmark
de	Elisabeth Strupp	6414	Kategorie:Hexenverfolgung > Opfer der Hexenverfolgung
it	Lich	6413	Categoria:Stregoneria > Stregoni immaginari
es	Ángel caído	6412	Categoría:Brujería > Satanismo > Demonología
ja	王妃 (白雪姫)	6408	Category:魔女 > 魔女を題材とした作品 > 白雪姫
de	Conchobar mac Nessa	6407	Kategorie:Sagengestalt > Mythischer Herrscher
en	Curse III: Blood Sacrifice	6407	Category:Witchcraft > Fiction about witchcraft > Films about witchcraft
en	Judy Harrow	6405	Category:Witchcraft > Judaism and witchcraft > Wiccans of Jewish descent
en	Eichstätt witch trials	6405	Category:Witch trials > Witch trials in Europe > Witch trials in Germany
es	Alice Nutter	6405	Categoría:Brujería > Procesos por brujería > Ejecutados por brujería
fr	La Sorcière (roman)	6405	Catégorie:Sorcellerie > Sorcellerie dans l'art et la culture
en	The Demons (1973 film)	6401	Category:Witchcraft > Fiction about witchcraft > Films about witchcraft
en	Columba of Spain	6399	Category:European witchcraft > Witchcraft in Spain
en	The White Duck	6399	Category:Witchcraft > Fiction about witchcraft > Witchcraft in fairy tales
en	Coven	6397	Category:European witchcraft
en	Super Don Quix-ote	6396	Category:Witchcraft > Fiction about witchcraft > Video games about witchcraft
es	Circe Invidiosa	6390	Categoría:Brujería > Brujas en el arte
de	Juju (religiöse Praktik)	6389	Kategorie:Hexerei > Moderne Hexenverfolgung
es	Maren Spliid	6389	Categoría:Brujería > Procesos por brujería > Ejecutados por brujería
de	Krabat oder Die Verwandlung der Welt	6388	Kategorie:Hexerei > Hexerei in der Kultur > Hexerei in Kunst und Literatur
en	John Fian	6385	Category:Witchcraft > Witchcraft in folklore and mythology > Deal with the Devil
en	Kick Master	6383	Category:Witchcraft > Fiction about witchcraft > Video games about witchcraft
de	Coel (Mythologie)	6377	Kategorie:Sagengestalt > Keltische Sagengestalt > Walisische Sagengestalt
fr	Ann Putnam	6370	Catégorie:Sorcellerie > Sorcellerie féminine > Procès des sorcières de Salem
de	Alexander von Haslang	6368	Kategorie:Hexenverfolgung > Täter der Hexenverfolgung
de	Hanghuhn	6359	Kategorie:Sagengestalt > Fabelwesen > Fabeltier
de	Klabautermann	6357	Kategorie:Sagengestalt > Deutsche Sagengestalt
de	Taliesin	6357	Kategorie:Sagengestalt > Keltische Sagengestalt > Walisische Sagengestalt
de	Johannes Grevius	6355	Kategorie:Hexenverfolgung > Gegner der Hexenverfolgung
it	Laura Malipiero	6354	Categoria:Stregoneria > Processi per stregoneria > Persone condannate per stregoneria
de	Fereydūn	6352	Kategorie:Sagengestalt > Drachentöter
en	Coven of the Chicken Foot	6352	Category:Witchcraft > Fiction about witchcraft > Video games about witchcraft
es	Ricky Kasso	6350	Categoría:Brujería > Satanismo > Delitos relacionados con el satanismo u ocultismo
en	Björketorp Runestone	6349	Category:Witchcraft > Curses > Runestones with curses
en	Zotz!	6347	Category:Witchcraft > Incantation > Magic words
en	Macizo de Anaga	6345	Category:European witchcraft > Witchcraft in Spain
en	Merlin Book 1: The Lost Years	6345	Category:Witchcraft > Fiction about witchcraft > Modern Arthurian fiction
sv	Häxprocessen i Vardø (1651–1653)	6345	Kategori:Häxprocesser > Häxprocesser i Europa > Häxprocesser i Norge
en	Margaret Inequane	6343	Category:People executed for witchcraft > English people executed for witchcraft
de	Marytje Arendsdr	6342	Kategorie:Hexenverfolgung > Opfer der Hexenverfolgung
de	Elsa von Brabant	6342	Kategorie:Sagengestalt > Germanische Sagengestalt
de	Fionn mac Cumhaill	6340	Kategorie:Sagengestalt > Keltische Sagengestalt > Irische Sagengestalt
es	Calcu	6338	Categoría:Brujería
es	Pachamama Raymi	6338	Categoría:Brujería > Wicca
sv	Älvprocesserna på Sicilien	6338	Kategori:Häxprocesser > Häxprocesser i Europa > Häxprocesser i Italien
fr	Marie Bosse	6335	Catégorie:Sorcellerie > Sorcellerie féminine > Affaire des poisons
de	Drystan fab Tallwch	6327	Kategorie:Sagengestalt > Keltische Sagengestalt > Walisische Sagengestalt
en	Pridyider	6327	Category:Witchcraft > Fiction about witchcraft > Films about witchcraft
en	Night of Pan	6317	Category:Witchcraft > Incantation > Magic words
de	Johann Georg II. Fuchs von Dornheim	6315	Kategorie:Hexenverfolgung > Hexenverfolgung in Bamberg
fr	Martiale Espaze	6314	Catégorie:Sorcellerie > Sorcellerie par lieu > Sorcellerie en France
en	For Delayed Birth	6311	Category:Witchcraft > Incantation > Anglo-Saxon metrical charms
de	Twrch Trwyth	6310	Kategorie:Sagengestalt > Keltische Sagengestalt > Walisische Sagengestalt
ja	ウィッチハンター	6310	Category:魔女 > 魔女を題材とした作品 > 魔女を題材とした漫画作品
de	Ursula Southeil	6306	Kategorie:Hexerei > Hexe
de	Goblin	6306	Kategorie:Sagengestalt > Fabelwesen
en	Finspång witch trial	6305	Category:Witch trials > Witch trials in Europe > Witch trials in Sweden
en	A Witch's Love at the End of the World	6302	Category:Witchcraft > Fiction about witchcraft > Anime and manga about witchcraft
es	Interpretaciones feministas de la caza de brujas en la Edad Moderna	6302	Categoría:Brujería
de	Agnes Schmitt	6295	Kategorie:Hexenverfolgung > Opfer der Hexenverfolgung
en	Laurie Cabot	6293	Category:Witchcraft > Witches
es	Melinda Halliwell	6292	Categoría:Brujería > Brujos ficticios
en	Warlocks of Chiloé	6288	Category:Witchcraft > American witchcraft
en	Coven (1997 film)	6286	Category:Witchcraft > Fiction about witchcraft > Films about witchcraft
es	Samantha Stephens	6278	Categoría:Brujería > Brujos ficticios
de	Triglaw	6275	Kategorie:Sagengestalt > Slawische Sagengestalt > Slawische Gottheit
sv	Karin Larsdotter	6275	Kategori:Häxprocesser > Personer som blivit avrättade för häxeri > Personer som blivit avrättade för häxeri i Sverige
de	Eine lausige Hexe (Fernsehserie, 1998)	6274	Kategorie:Hexerei > Hexerei in der Kultur > Hexerei im Film
es	Misa negra	6274	Categoría:Brujería > Satanismo > Demonología
ja	脱出アドベンチャー 魔女の住む館	6274	Category:魔女 > 魔女を題材とした作品 > 魔女を題材としたコンピュータゲーム
sv	Häxprocessen på Vegeholm	6274	Kategori:Häxprocesser > Häxprocesser i Europa > Häxprocesser i Danmark
sv	Anna Catharina von Bärfelt	6271	Kategori:Häxprocesser > Häxprocesser i Europa > Häxprocesser i Sverige
de	Hexenverbrennung in Derenburg	6269	Kategorie:Hexenverfolgung > Hexenzeitung
de	Haverlandt	6269	Kategorie:Sagengestalt > Deutsche Sagengestalt
de	Incubus (Dämon)	6268	Kategorie:Hexenverfolgung
it	Arawn (personaggio)	6268	Categoria:Stregoneria > Stregoni immaginari
de	Paul Bunyan	6267	Kategorie:Sagengestalt
fr	Willow Ufgood	6267	Catégorie:Sorcellerie > Sorcellerie dans l'art et la culture > Magicien ou sorcier de fiction
sv	Häxprocesser i Polen	6266	Kategori:Häxprocesser > Häxprocesser i Europa > Häxprocesser i Polen
de	Shaohao	6265	Kategorie:Sagengestalt > Chinesische Sagengestalt > Urkaiser Chinas
de	Tafelrunde	6264	Kategorie:Sagengestalt > Ritter der Tafelrunde
de	Gret Fröhlicher	6263	Kategorie:Hexenverfolgung > Opfer der Hexenverfolgung
es	Los hijos del rey	6259	Categoría:Brujería > Brujería en la ficción
en	Rustin Parr	6258	Category:Witchcraft > Fiction about witchcraft > Blair Witch
ja	ノーラと刻の工房 霧の森の魔女	6258	Category:魔女 > 魔女を題材とした作品 > 魔女を題材としたコンピュータゲーム
sv	Anna Eriksdotter	6255	Kategori:Häxprocesser > Häxprocesser i Europa > Häxprocesser i Sverige
es	Zelena (Once Upon a Time)	6253	Categoría:Brujería > Brujos ficticios
en	The Examination of a Witch (painting)	6249	Category:Witchcraft > Witches > Witches in art
en	Dorothy Talbye trial	6245	Category:Witchcraft > Curses > Demonic possession
de	Guðrún Ósvífrsdóttir	6243	Kategorie:Sagengestalt > Weibliche Sagengestalt
fr	Cheval gris du Comte de Veldenz	6243	Catégorie:Sorcellerie > Sorcellerie féminine
fr	Jane Weir	6242	Catégorie:Sorcellerie > Procès de sorcellerie > Procès de sorcellerie en Écosse
de	Der Todesschrei der Hexen	6238	Kategorie:Hexenverfolgung > Hexenverfolgung in der Kultur
de	Anna Witthovedes	6236	Kategorie:Hexenverfolgung > Opfer der Hexenverfolgung
fr	De praestigiis daemonum	6236	Catégorie:Sorcellerie
es	Salem (serie de televisión)	6235	Categoría:Brujería > Brujería en la ficción > Brujería en cine y televisión
de	Liuba (Mythologie)	6234	Kategorie:Sagengestalt > Slawische Sagengestalt > Slawische Gottheit
ja	ハインリヒ・クラーマー	6233	Category:魔女 > 魔女狩り人
de	Kai Kawus	6232	Kategorie:Sagengestalt > Mythischer Herrscher
en	Witchcraft XI: Sisters in Blood	6231	Category:Witchcraft > Fiction about witchcraft > Films about witchcraft
it	Coga	6230	Categoria:Stregoneria
de	Hexenkind (Roman)	6222	Kategorie:Hexenverfolgung > Hexenverfolgung in der Kultur > Hexenverfolgung in der Literatur
en	A plague o' both your houses!	6221	Category:Witchcraft > Curses > Fiction about curses
en	The Forever King	6217	Category:Witchcraft > Fiction about witchcraft > Modern Arthurian fiction
es	Bosque del terror de Ibadán	6217	Categoría:Brujería > Satanismo > Delitos relacionados con el satanismo u ocultismo
de	Skylla	6216	Kategorie:Sagengestalt > Fabelwesen > Seeungeheuer
en	Roger Tocotes	6215	Category:Witch trials > People accused of witchcraft > Elizabeth Woodville
de	Gödeke Michels	6214	Kategorie:Sagengestalt > Deutsche Sagengestalt
de	Penthesilea	6205	Kategorie:Sagengestalt > Mythischer Herrscher > Königin der griechischen Mythologie
de	Håkon Jarl	6202	Kategorie:Sagengestalt > Figur der Färingersaga
en	Chutni Mahato	6202	Category:Witchcraft > Modern witchcraft > Modern witch hunts
de	Marvel’s Runaways	6199	Kategorie:Hexerei > Hexerei in der Kultur > Hexerei im Film
de	Goschtasp	6197	Kategorie:Sagengestalt > Mythischer Herrscher
sv	Kjerstin Swen Sneckers	6197	Kategori:Häxprocesser > Personer som blivit avrättade för häxeri > Personer som blivit avrättade för häxeri i Sverige
en	Witchouse	6193	Category:Witchcraft > Fiction about witchcraft > Films about witchcraft
en	The Sons of Avalon Saga	6192	Category:Witchcraft > Fiction about witchcraft > Modern Arthurian fiction
fr	Esmé Ciredutemps	6190	Catégorie:Sorcellerie > Sorcellerie dans l'art et la culture > Magicien ou sorcier de fiction
sv	Häxprocessen i Köpenhamn	6190	Kategori:Häxprocesser > Häxprocesser i Europa > Häxprocesser i Danmark
de	Margarethe Altenhofen	6188	Kategorie:Hexenverfolgung > Opfer der Hexenverfolgung
fr	Raistlin Majere	6182	Catégorie:Sorcellerie > Sorcellerie dans l'art et la culture > Magicien ou sorcier de fiction
de	Halloween Town – Meine Oma ist ’ne Hexe	6181	Kategorie:Hexerei > Hexerei in der Kultur > Hexerei im Film
it	Tata Ogg	6178	Categoria:Stregoneria > Streghe nelle opere di fantasia
es	Cachiche	6177	Categoría:Brujería
de	Summis desiderantes affectibus	6176	Kategorie:Hexenverfolgung
es	Directorium inquisitorum	6170	Categoría:Brujería > Brujería por país > Brujería en España
de	Hexentheoretiker	6169	Kategorie:Hexenverfolgung > Täter der Hexenverfolgung > Hexentheoretiker
it	Tempio di Tanah Lot	6168	Categoria:Stregoneria
es	Éva Pócs	6167	Categoría:Brujería > Estudiosos de la brujería
es	Brujas de Laspaúles	6166	Categoría:Brujería > Brujería por país > Brujería en España
en	Ho Sakta Hai	6162	Category:Witchcraft > Fiction about witchcraft > Films about witchcraft
de	Endymion (Mythologie)	6153	Kategorie:Sagengestalt > Mythischer Herrscher
fr	La Reine des neiges 2 : le Miroir sacré	6153	Catégorie:Sorcellerie > Sorcellerie féminine > Film mettant en scène une sorcière
en	The Rough Guide to Voodoo	6146	Category:Witchcraft > African witchcraft > Voodoo
es	Julia Carta	6143	Categoría:Brujería > Brujas (brujería) > Personas acusadas de brujería
de	Pryderi	6142	Kategorie:Sagengestalt > Keltische Sagengestalt > Walisische Sagengestalt
en	Francisco de Borja y Aragón	6141	Category:European witchcraft > Witchcraft in Spain
de	Marigje Arriens	6139	Kategorie:Hexenverfolgung > Opfer der Hexenverfolgung
en	The Book of Protection	6139	Category:Witchcraft > Grimoires
en	Fife Witches Trail	6139	Category:Witch trials > Witch trials in Europe > Witch trials in Scotland
es	Halloweentown High	6137	Categoría:Brujería > Brujería en la ficción > Brujería en cine y televisión
en	Art of the Devil	6136	Category:Witchcraft > Fiction about witchcraft > Films about witchcraft
fr	Boli (fétiche)	6136	Catégorie:Sorcellerie > Sorcellerie par lieu > Sorcellerie en Afrique
en	The Bronze Ring	6135	Category:Witchcraft > Fiction about witchcraft > Witchcraft in fairy tales
en	Captain Elin	6134	Category:Witch trials > Witch trials in Europe > Witch trials in Sweden
ja	MURDERED 魂の呼ぶ声	6133	Category:魔女 > 魔女を題材とした作品 > 魔女を題材としたコンピュータゲーム
en	Crowhaven Farm	6129	Category:Witchcraft > Fiction about witchcraft > Films about witchcraft
de	Drachentöter	6128	Kategorie:Sagengestalt
en	Saducismus Triumphatus	6125	Category:Witchcraft > Witchcraft treatises
de	Mittagsfrau	6124	Kategorie:Sagengestalt > Deutsche Sagengestalt
it	Nonnina Weatherwax	6122	Categoria:Stregoneria > Streghe nelle opere di fantasia
de	Anna Koldings	6121	Kategorie:Hexenverfolgung > Opfer der Hexenverfolgung
de	Yale (Mythologie)	6120	Kategorie:Sagengestalt > Fabelwesen > Fabelwesen (Heraldik)
en	Francis Hutchinson	6120	Category:Witchcraft > Witch hunting > Critics of witch hunting
en	De Vliegende Hollander	6119	Category:Witchcraft > Curses > Flying Dutchman
en	Judith Catchpole	6118	Category:Witch trials > People accused of witchcraft > People acquitted of witchcraft
it	Giuseppe Raffaelli	6116	Categoria:Stregoneria
de	Johann Christoph Frölich von Frölichsburg	6112	Kategorie:Hexenverfolgung > Täter der Hexenverfolgung
en	Helena Scheuberin	6110	Category:Witch trials > People accused of witchcraft > People acquitted of witchcraft
de	Selkie	6107	Kategorie:Sagengestalt > Fabelwesen > Formwandler
ja	テレサ アンナ ヘレナ 3つごのだいぼうけん	6107	Category:魔女 > 魔女を題材とした作品 > 魔女を題材としたアニメ作品
de	Margaretha Hedwig	6101	Kategorie:Hexenverfolgung > Opfer der Hexenverfolgung
de	Madam Koi Koi	6101	Kategorie:Sagengestalt > Fabelwesen > Weibliches Fabelwesen
en	5 Seconds Before a Witch Falls in Love	6101	Category:Witchcraft > Fiction about witchcraft > Anime and manga about witchcraft
en	Kerstin Gabrielsdotter	6095	Category:European witchcraft > Witchcraft in Sweden
de	Bibi & Tina – Die Serie	6094	Kategorie:Hexerei > Hexerei in der Kultur > Hexerei im Film
de	Jimmu	6094	Kategorie:Sagengestalt > Mythischer Herrscher > Legendenhafter Tennō
es	Tara Maclay	6094	Categoría:Brujería > Brujos ficticios
fr	La Reine des neiges (film, 1957)	6094	Catégorie:Sorcellerie > Sorcellerie féminine > Film mettant en scène une sorcière
es	Twitches	6091	Categoría:Brujería > Brujería en la ficción > Brujería en cine y televisión
de	Entgen Luijten	6089	Kategorie:Hexenverfolgung > Opfer der Hexenverfolgung
de	Zahnfee	6088	Kategorie:Sagengestalt > Fabelwesen > Weibliches Fabelwesen
ja	セバスチャン・ミカエリス	6087	Category:魔女 > 魔女狩り人
de	Hrimthurse	6085	Kategorie:Sagengestalt > Germanische Sagengestalt > Hrimthurse
de	Hexenturm (Rheinbach)	6084	Kategorie:Hexenverfolgung > Hexenverfolgung in der Kultur
de	Buttadeus	6080	Kategorie:Sagengestalt
en	Mears Ashby	6079	Category:Witch trials > Witch trials in Europe > Witch trials in England
en	Ghost Pirates of Vooju Island	6078	Category:Witchcraft > Fiction about witchcraft > Video games about witchcraft
de	Oni	6077	Kategorie:Sagengestalt > Fabelwesen > Mythologischer Menschenfresser
ja	セイラムの血統	6077	Category:魔女 > 魔女裁判 > セイラム魔女裁判
ja	パーシパエー	6076	Category:魔女
en	Moonheart	6067	Category:European witchcraft > Imps
en	Great Scottish Witch Hunt of 1597	6066	Category:Witch trials > Witch trials in Europe > Witch trials in Scotland
de	Eva Mulner	6056	Kategorie:Hexenverfolgung > Opfer der Hexenverfolgung
de	Die buckligen Musikanten	6053	Kategorie:Hexerei > Hexerei in der Kultur
en	Witch trials in Italy	6051	Category:Witch trials > Witch trials in Europe > Witch trials in Italy
es	Familia Pappenheimer	6051	Categoría:Brujería > Procesos por brujería > Ejecutados por brujería
fr	Perrissona Gappit	6050	Catégorie:Sorcellerie > Procès de sorcellerie > Procès de sorcellerie en Suisse
ja	ゲロー	6046	Category:魔女 > 山姥やハッグ
de	Katherina Hane	6045	Kategorie:Hexenverfolgung > Opfer der Hexenverfolgung
de	Muhkalb	6045	Kategorie:Sagengestalt > Deutsche Sagengestalt
en	Crypt of Medea	6041	Category:Witchcraft > Fiction about witchcraft > Works about Medea
sv	Malin i Viken	6041	Kategori:Häxprocesser > Personer som blivit avrättade för häxeri > Personer som blivit avrättade för häxeri i Sverige
en	Perrissona Gappit case	6040	Category:Witch trials > Witch trials in Europe > Witch trials in Switzerland
it	Extraño	6039	Categoria:Stregoneria > Stregoni immaginari
en	The Jezinkas	6038	Category:Witchcraft > Fiction about witchcraft > Witchcraft in fairy tales
it	Dömm	6038	Categoria:Stregoneria
en	Marigje Arriens	6036	Category:People executed for witchcraft > Dutch people executed for witchcraft
ja	ヘンゼルとグレーテル (オペラ)	6033	Category:魔女 > 魔女を題材とした作品 > ヘンゼルとグレーテル
de	Dilldapp	6031	Kategorie:Sagengestalt > Fabelwesen > Fabeltier
de	Des kleinen Volkes Hochzeitsfest auf der Eilenburg	6026	Kategorie:Sagengestalt > Deutsche Sagengestalt
de	Heinrich von Winkelried	6025	Kategorie:Sagengestalt > Drachentöter
it	Mister Jip	6025	Categoria:Stregoneria > Stregoni immaginari
es	Pauline Campanelli	6022	Categoría:Brujería > Estudiosos de la brujería
de	Angéle de la Barthe	6021	Kategorie:Hexenverfolgung > Opfer der Hexenverfolgung
en	Nithing pole	6021	Category:Witchcraft > Curses
en	Kewa language	6021	Category:Witchcraft > Curses > Taboo
en	Triple Hunt	6019	Category:Witchcraft > Fiction about witchcraft > Video games about witchcraft
en	Dudley Bradstreet (magistrate)	6019	Category:Witch trials > People accused of witchcraft > People accused in the Salem witch trials
fr	Plomb du Larzac	6019	Catégorie:Sorcellerie > Sorcellerie dans l'art et la culture > Tablette de défixion
en	Bessie Wright	6018	Category:Witch trials > People accused of witchcraft > People convicted of witchcraft
de	Alasch Khan	6017	Kategorie:Sagengestalt > Mythischer Herrscher
de	Hohes Gericht am Lechlumer Holz	6015	Kategorie:Hexenverfolgung > Hexenverfolgung in der Kultur
es	Las Burras de Güímar	6015	Categoría:Brujería > Brujería por país > Brujería en España
ja	魔法のじゅもん	6010	Category:魔女 > 魔女を題材とした作品 > 魔女を題材とした漫画作品
en	Newes from Scotland	6006	Category:Witchcraft > Witchcraft treatises
es	Monique Wilson	6005	Categoría:Brujería > Brujas (brujería)
de	Dagda	6004	Kategorie:Sagengestalt > Mythischer Herrscher > Legendenhafter Hochkönig Irlands
en	Bamf	6004	Category:European witchcraft > Imps
es	Ana María García (La Llobera)	6004	Categoría:Brujería > Brujas (brujería) > Personas acusadas de brujería
es	'68 (historieta)	6004	Categoría:Brujería > Zombis > Zombis en la historieta
en	Disney Princess: Enchanted Journey	6001	Category:Witchcraft > Fiction about witchcraft > Video games about witchcraft
it	Imoen	5995	Categoria:Stregoneria > Stregoni immaginari
de	Caspar Reinhartz	5993	Kategorie:Hexenverfolgung > Täter der Hexenverfolgung
en	Munich Manual of Demonic Magic	5989	Category:European witchcraft
it	Arcanna	5982	Categoria:Stregoneria > Stregoni immaginari
de	Elizabeth Clarke	5979	Kategorie:Hexenverfolgung > Opfer der Hexenverfolgung
it	Babi ngepet	5976	Categoria:Stregoneria
en	Ane Koldings	5971	Category:People executed for witchcraft > Danish people executed for witchcraft
es	Consultando a la bruja	5960	Categoría:Brujería > Brujas en el arte
it	N'Longa	5944	Categoria:Stregoneria > Stregoni immaginari
en	Gwen ferch Ellis	5943	Category:People executed for witchcraft
it	Strega del mare (La sirenetta)	5929	Categoria:Stregoneria > Streghe nelle opere di fantasia
en	Sébastien Michaëlis	5925	Category:European witchcraft > Witchcraft in France
it	Sebastian Faust	5917	Categoria:Stregoneria > Stregoni immaginari
en	Narbona Dacal	5907	Category:People executed for witchcraft > Spanish people executed for witchcraft
de	Hexenverfolgung in der Stadt Baden AG	5903	Kategorie:Hexenverfolgung > Hexenverfolgung nach räumlicher Zuordnung
de	Greta Bünichmann	5893	Kategorie:Hexenverfolgung > Opfer der Hexenverfolgung
de	Cornelius Loos (Theologe)	5872	Kategorie:Hexenverfolgung > Gegner der Hexenverfolgung
de	Anna Göldi Museum	5858	Kategorie:Hexenverfolgung
de	Jacoba Jacobsdr. Bam	5840	Kategorie:Hexenverfolgung > Opfer der Hexenverfolgung
fr	Illuminates of Thanateros	5834	Catégorie:Sorcellerie > Organisation qui s'intéresse à la magie
en	Witchcraft Today	5833	Category:European witchcraft > Witchcraft in the United Kingdom
en	Jón Magnússon (author)	5827	Category:European witchcraft > Witchcraft in Iceland
it	Strega dei Bell	5825	Categoria:Stregoneria
sv	Bond Elin	5819	Kategori:Häxprocesser > Personer som blivit avrättade för häxeri
en	Elizabeth of Doberschütz	5815	Category:People executed for witchcraft > German people executed for witchcraft
en	Easter witch	5815	Category:European witchcraft > Witchcraft in Sweden
de	Georg Heinrich Häberlin	5808	Kategorie:Hexenverfolgung > Gegner der Hexenverfolgung
es	Peter Binsfeld	5804	Categoría:Brujería
en	Edward Bishop (Salem witch trials)	5785	Category:Witch trials > People accused of witchcraft
en	Alice Molland	5784	Category:People executed for witchcraft > English people executed for witchcraft
es	Maldición de Tecumseh	5783	Categoría:Brujería > Maldiciones
it	Fratello Voodoo	5773	Categoria:Stregoneria > Stregoni immaginari
en	Elspeth McEwen	5770	Category:People executed for witchcraft > Scottish people executed for witchcraft
de	Marketta Punasuomalainen	5769	Kategorie:Hexenverfolgung > Opfer der Hexenverfolgung
sv	Brita Andersdotter i Karlsarvet	5768	Kategori:Häxprocesser > Personer som blivit avrättade för häxeri
es	Prättäkitti	5750	Categoría:Brujería > Brujas (brujería)
es	Maria Perpétua	5732	Categoría:Brujería > Procesos por brujería
es	Todos los pájaros del cielo	5714	Categoría:Brujería > Brujas en el arte
it	Bloodwynd	5711	Categoria:Stregoneria > Stregoni immaginari
de	Jodokus Wagenhauer	5710	Kategorie:Hexenverfolgung > Täter der Hexenverfolgung
en	Giovanni Francesco Pico della Mirandola	5709	Category:European witchcraft > Witchcraft in Italy
de	Dorothee Elisabeth Tretschlaff	5698	Kategorie:Hexenverfolgung > Opfer der Hexenverfolgung
es	Catherine Peyretone	5697	Categoría:Brujería > Brujas (brujería)
fr	Bâtisseurs de l'Adytum	5696	Catégorie:Sorcellerie > Organisation qui s'intéresse à la magie
es	Galdr	5689	Categoría:Brujería
it	Amethyst, la Principessa di Gemworld	5688	Categoria:Stregoneria > Streghe nelle opere di fantasia
es	Franco Cardini	5687	Categoría:Brujería > Estudiosos de la brujería
en	Gamasot	5684	Category:European witchcraft > Cauldrons
en	Iratxoak	5677	Category:European witchcraft > Imps
de	Georg Golser	5675	Kategorie:Hexenverfolgung > Gegner der Hexenverfolgung
fr	De la démonomanie des sorciers	5674	Catégorie:Sorcellerie
es	Calypso (personaje)	5663	Categoría:Brujería > Brujos ficticios
en	Meg Dow	5656	Category:People executed for witchcraft > Scottish people executed for witchcraft
it	Evil-Lyn	5654	Categoria:Stregoneria > Streghe nelle opere di fantasia
it	Nightwolf	5646	Categoria:Stregoneria > Stregoni immaginari
fr	Roland Villeneuve	5632	Catégorie:Sorcellerie > Étude de la sorcellerie
fr	Summis desiderantes affectibus	5628	Catégorie:Sorcellerie > Sorcellerie féminine
es	Mona (leyenda)	5624	Categoría:Brujería
en	Janet Boyman	5618	Category:People executed for witchcraft > Scottish people executed for witchcraft
de	Agnes Olmans	5616	Kategorie:Hexenverfolgung > Opfer der Hexenverfolgung
de	Henrich Stoffregen	5616	Kategorie:Hexenverfolgung > Opfer der Hexenverfolgung
de	Anna Coesters	5615	Kategorie:Hexenverfolgung > Opfer der Hexenverfolgung
de	Jeremias Drexel	5609	Kategorie:Hexenverfolgung > Täter der Hexenverfolgung
fr	Leo Ruickbie	5586	Catégorie:Sorcellerie > Étude de la sorcellerie
en	Leonora Dori	5578	Category:People executed for witchcraft > French people executed for witchcraft
en	Jean Delvaux	5577	Category:People executed for witchcraft > People from the Spanish Netherlands executed for witchcraft
fr	Envoûtement	5565	Catégorie:Sorcellerie
fr	Institut Abrasax	5560	Catégorie:Sorcellerie > Organisation qui s'intéresse à la magie
de	Margret Vögtlin	5552	Kategorie:Hexenverfolgung > Opfer der Hexenverfolgung
es	Witch window	5545	Categoría:Brujería
fr	Marché des Sorcières	5533	Catégorie:Sorcellerie
de	Katharina Paldauf	5531	Kategorie:Hexenverfolgung > Opfer der Hexenverfolgung
de	Ferdinand Karl von Hohenems	5525	Kategorie:Hexenverfolgung > Täter der Hexenverfolgung
de	Anna Landmann	5521	Kategorie:Hexenverfolgung > Opfer der Hexenverfolgung
en	Josyne van Beethoven	5519	Category:People executed for witchcraft > People from the Spanish Netherlands executed for witchcraft
en	Kitchen witch	5514	Category:European witchcraft
it	Karnilla	5512	Categoria:Stregoneria > Streghe nelle opere di fantasia
en	Beatrix Watsone	5493	Category:Witch trials > People accused of witchcraft
en	Tyldesley witch	5465	Category:People executed for witchcraft > English people executed for witchcraft
de	Johann Zandt von Merl (Erbvogt)	5457	Kategorie:Hexenverfolgung > Täter der Hexenverfolgung
es	El brujo (Spitzweg)	5455	Categoría:Brujería > Brujas en el arte
en	Vedmak	5448	Category:European witchcraft
de	Christina Rauscher	5447	Kategorie:Hexenverfolgung > Gegner der Hexenverfolgung
en	Soulmother of Küssnacht	5447	Category:People executed for witchcraft > Swiss people executed for witchcraft
de	Jón Guðmundsson (Gelehrter)	5445	Kategorie:Hexenverfolgung > Opfer der Hexenverfolgung
it	Retna Dumilla	5440	Categoria:Stregoneria
en	Warlock	5430	Category:European witchcraft
de	Nicolas Rémy	5428	Kategorie:Hexenverfolgung > Täter der Hexenverfolgung
de	Margery Jourdemain	5424	Kategorie:Hexenverfolgung > Opfer der Hexenverfolgung
it	Allegoria di Ercole	5417	Categoria:Stregoneria
es	Mago Negro	5415	Categoría:Brujería
it	Madame Razz	5402	Categoria:Stregoneria > Streghe nelle opere di fantasia
de	Grietgen Willems	5399	Kategorie:Hexenverfolgung > Opfer der Hexenverfolgung
de	Blocksberg (Berg)	5397	Kategorie:Hexenverfolgung
fr	Humbert de Costa	5378	Catégorie:Sorcellerie
it	Dottor Mist	5363	Categoria:Stregoneria > Stregoni immaginari
it	Monako	5346	Categoria:Stregoneria > Stregoni immaginari
en	Johannes Nider	5343	Category:European witchcraft > Witchcraft in Germany
en	On the Demonomania of the Sorcerers	5340	Category:European witchcraft > Witchcraft in France
sv	Luís de la Penha	5338	Kategori:Häxprocesser > Personer som blivit avrättade för häxeri
ru	Мыстан кемпир	5325	Категория:Ведьмы
it	Straniero Fantasma	5324	Categoria:Stregoneria > Stregoni immaginari
it	Streghe di Zugarramurdi	5308	Categoria:Stregoneria > Processi per stregoneria
en	Helena Olofsdotter	5306	Category:Witch trials > People accused of witchcraft
es	Margaret Matson	5306	Categoría:Brujería > Brujería en América
sv	Bodil Hoffuens	5304	Kategori:Häxprocesser > Personer som blivit avrättade för häxeri
fr	Anna Klemens	5303	Catégorie:Sorcellerie > Personne persécutée pour sorcellerie
en	Rag doll	5301	Category:European witchcraft
en	Windsor Witches	5277	Category:People executed for witchcraft > English people executed for witchcraft
de	Andreas Schweigel (Vogt)	5275	Kategorie:Hexenverfolgung > Opfer der Hexenverfolgung
en	Witch hat	5271	Category:European witchcraft
de	Moritz von Büren	5270	Kategorie:Hexenverfolgung > Täter der Hexenverfolgung
en	Ecstasies: Deciphering the Witches' Sabbath	5260	Category:European witchcraft > Witchcraft in Italy
es	Salamanca (leyenda)	5253	Categoría:Brujería
en	Lebes	5250	Category:European witchcraft > Cauldrons
de	Teufelsbuhlschaft	5247	Kategorie:Hexenverfolgung
en	1695 Essex Witch Trial	5245	Category:Witch trials > Witch trials in North America
en	Guirandana de Lay	5238	Category:People executed for witchcraft > Spanish people executed for witchcraft
de	Arndt Bottermann	5235	Kategorie:Hexenverfolgung > Opfer der Hexenverfolgung
en	Elizabeth Lowys	5228	Category:People executed for witchcraft > English people executed for witchcraft
de	Brian P. Levack	5225	Kategorie:Hexenverfolgung
de	Katharina Steb	5211	Kategorie:Hexenverfolgung > Opfer der Hexenverfolgung
sv	Lars Persson på Åsen	5204	Kategori:Häxprocesser > Personer som blivit avrättade för häxeri
en	Geske	5200	Category:Witch trials > People accused of witchcraft
es	Sobre la demonomanía de los brujos	5199	Categoría:Brujería
en	Squander Bug	5190	Category:European witchcraft > Imps
de	Johann Christoph von Freyberg-Eisenberg	5158	Kategorie:Hexenverfolgung > Täter der Hexenverfolgung
fr	Bloody Mary (folklore)	5152	Catégorie:Sorcellerie > Magicien ou sorcier de légende
es	Þórbjörg lítilvölva	5133	Categoría:Brujería
ru	Чёрная Аннис	5127	Категория:Ведьмы
it	Nightmaster	5110	Categoria:Stregoneria > Stregoni immaginari
en	William Stewart of Luthrie	5098	Category:People executed for witchcraft > Scottish people executed for witchcraft
sv	Maren Spliids	5095	Kategori:Häxprocesser > Personer som blivit avrättade för häxeri
de	Dorothea Flock	5094	Kategorie:Hexenverfolgung > Hexenverfolgung in Bamberg
en	Elizabeth Garlick	5094	Category:Witch trials > People accused of witchcraft
fr	Allégorie d'Hercule	5094	Catégorie:Sorcellerie
es	Caza de brujas de Šumperk y Velké Losiny	5091	Categoría:Brujería > Procesos por brujería
en	Alison Pearson (accused witch)	5087	Category:People executed for witchcraft > Scottish people executed for witchcraft
de	Maria Grießer	5084	Kategorie:Hexenverfolgung > Opfer der Hexenverfolgung
de	Hermann Löher	5081	Kategorie:Hexenverfolgung > Gegner der Hexenverfolgung
de	Mechteld ten Ham	5078	Kategorie:Hexenverfolgung > Opfer der Hexenverfolgung
en	Mechteld ten Ham	5076	Category:People executed for witchcraft > Dutch people executed for witchcraft
it	Sorceress	5076	Categoria:Stregoneria > Streghe nelle opere di fantasia
en	Elsa Thomasdotter	5061	Category:Witch trials > People accused of witchcraft
fr	Enquête sur la sorcellerie en Écosse	5047	Catégorie:Sorcellerie > Sorcellerie féminine
en	Krystyna Ceynowa	5027	Category:People executed for witchcraft > Polish people executed for witchcraft
es	Alex Russo	5024	Categoría:Brujería > Brujos ficticios
en	Janet Macmurdoch	5017	Category:Witch trials > People accused of witchcraft
